[22200:15852:0728/153959.097:WARNING:chrome_main_delegate.cc(745)] This is Chrome version 128.0.6613.138 (not a warning)
[22200:15852:0728/153959.125:ERROR:os_crypt_win.cc(100)] Failed to decrypt: 指定された状態で使用するには無効なキーです。 (0x8009000B)
[22200:3624:0728/153959.149:ERROR:google_update_settings.cc(265)] Failed opening key Software\Chromium to set usagestats; result: 5
[22200:15852:0728/153959.169:WARNING:account_consistency_mode_manager.cc(77)] Desktop Identity Consistency cannot be enabled as no OAuth client ID and client secret have been configured.
[22200:3624:0728/154001.230:WARNING:leveldb_database.cc(141)] Unable to open C:\Users\harut\OneDrive\ドキュメント\GitHub\Unreal\MyProject 5.7\Saved\webcache_6613\Default\shared_proto_db\metadata: IO error: C:\Users\harut\OneDrive\ドキュメント\GitHub\Unreal\MyProject 5.7\Saved\webcache_6613\Default\shared_proto_db\metadata/MANIFEST-000001: Unable to create sequential file (ChromeMethodBFE: 7::NewSequentialFile::1)
[22200:3624:0728/154001.255:WARNING:leveldb_database.cc(141)] Unable to open C:\Users\harut\OneDrive\ドキュメント\GitHub\Unreal\MyProject 5.7\Saved\webcache_6613\Default\shared_proto_db\metadata: IO error: C:\Users\harut\OneDrive\ドキュメント\GitHub\Unreal\MyProject 5.7\Saved\webcache_6613\Default\shared_proto_db\metadata/MANIFEST-000001: Unable to create sequential file (ChromeMethodBFE: 7::NewSequentialFile::1)
[22200:3624:0728/154001.257:WARNING:leveldb_database.cc(141)] Unable to open C:\Users\harut\OneDrive\ドキュメント\GitHub\Unreal\MyProject 5.7\Saved\webcache_6613\Default\shared_proto_db\metadata: IO error: C:\Users\harut\OneDrive\ドキュメント\GitHub\Unreal\MyProject 5.7\Saved\webcache_6613\Default\shared_proto_db\metadata/MANIFEST-000001: Unable to create sequential file (ChromeMethodBFE: 7::NewSequentialFile::1)
[22200:3624:0728/154001.259:WARNING:leveldb_database.cc(141)] Unable to open C:\Users\harut\OneDrive\ドキュメント\GitHub\Unreal\MyProject 5.7\Saved\webcache_6613\Default\shared_proto_db\metadata: IO error: C:\Users\harut\OneDrive\ドキュメント\GitHub\Unreal\MyProject 5.7\Saved\webcache_6613\Default\shared_proto_db\metadata/MANIFEST-000001: Unable to create sequential file (ChromeMethodBFE: 7::NewSequentialFile::1)
[22200:3624:0728/154001.501:WARNING:value_store_frontend.cc(47)] Reading ahfgeienlihckogmohjhadlkjgocpleb.alarms from  failed: IO error: .../MANIFEST-000001: Unable to create sequential file (ChromeMethodBFE: 7::NewSequentialFile::1)
[22200:3624:0728/154001.506:WARNING:value_store_frontend.cc(47)] Reading mhjfbmdgcfjbbpaeojofohoefgiehjai.alarms from  failed: IO error: .../MANIFEST-000001: Unable to create sequential file (ChromeMethodBFE: 7::NewSequentialFile::1)
[17808:13624:0728/154001.565:ERROR:backend_impl.cc(989)] Critical error found -8
[17808:13624:0728/154001.816:WARNING:storage_block-inl.h(138)] Failed data load.
[8388:14060:0728/154001.832:WARNING:frame_impl.cc(430)] virtual CefFrameImpl::SendProcessMessage sent to detached frame 5-209004AF9E24617D5D75EAAD803960CA will be ignored
[22200:15852:0729/061939.782:VERBOSE1:device_event_log_impl.cc(198)] [06:19:39.781] Display: EVENT: screen_win.cc:893 Displays updated, count: 1
[22200:15852:0729/061939.782:VERBOSE1:device_event_log_impl.cc(198)] [06:19:39.781] Display: EVENT: screen_win.cc:895 Display[3557315901] bounds=[0,0 1920x1080], workarea=[0,0 1920x1080], scale=1, rotation=0, panel_rotation=0 external detected
[22200:15852:0729/062158.213:VERBOSE1:device_event_log_impl.cc(198)] [06:21:58.213] Display: EVENT: screen_win.cc:893 Displays updated, count: 1
[22200:15852:0729/062158.213:VERBOSE1:device_event_log_impl.cc(198)] [06:21:58.213] Display: EVENT: screen_win.cc:895 Display[3557315901] bounds=[0,0 1920x1080], workarea=[0,0 1920x1080], scale=1, rotation=0, panel_rotation=0 external detected
[22200:15852:0729/062356.774:VERBOSE1:device_event_log_impl.cc(198)] [06:23:56.774] Display: EVENT: screen_win.cc:893 Displays updated, count: 1
[22200:15852:0729/062356.774:VERBOSE1:device_event_log_impl.cc(198)] [06:23:56.774] Display: EVENT: screen_win.cc:895 Display[3557315901] bounds=[0,0 1920x1080], workarea=[0,0 1920x1080], scale=1, rotation=0, panel_rotation=0 external detected
[22200:15852:0729/062610.258:VERBOSE1:device_event_log_impl.cc(198)] [06:26:10.258] Display: EVENT: screen_win.cc:893 Displays updated, count: 1
[22200:15852:0729/062610.258:VERBOSE1:device_event_log_impl.cc(198)] [06:26:10.258] Display: EVENT: screen_win.cc:895 Display[3557315901] bounds=[0,0 1920x1080], workarea=[0,0 1920x1080], scale=1, rotation=0, panel_rotation=0 external detected
[22200:15852:0729/080318.568:VERBOSE1:device_event_log_impl.cc(198)] [08:03:18.568] Display: EVENT: screen_win.cc:893 Displays updated, count: 1
[22200:15852:0729/080318.568:VERBOSE1:device_event_log_impl.cc(198)] [08:03:18.568] Display: EVENT: screen_win.cc:895 Display[3557315901] bounds=[0,0 1920x1080], workarea=[0,0 1920x1080], scale=1, rotation=0, panel_rotation=0 external detected
[22200:15852:0729/080320.012:VERBOSE1:device_event_log_impl.cc(198)] [08:03:20.011] Display: EVENT: screen_win.cc:893 Displays updated, count: 1
[22200:15852:0729/080320.012:VERBOSE1:device_event_log_impl.cc(198)] [08:03:20.011] Display: EVENT: screen_win.cc:895 Display[3557315901] bounds=[0,0 1920x1080], workarea=[0,0 1920x1080], scale=1, rotation=0, panel_rotation=0 external detected
[22200:15852:0729/080405.950:VERBOSE1:device_event_log_impl.cc(198)] [08:04:05.950] Display: EVENT: screen_win.cc:893 Displays updated, count: 1
[22200:15852:0729/080405.950:VERBOSE1:device_event_log_impl.cc(198)] [08:04:05.950] Display: EVENT: screen_win.cc:895 Display[3557315901] bounds=[0,0 1920x1080], workarea=[0,0 1920x1080], scale=1, rotation=0, panel_rotation=0 external detected
[22200:15852:0729/080421.449:VERBOSE1:device_event_log_impl.cc(198)] [08:04:21.449] Display: EVENT: screen_win.cc:893 Displays updated, count: 1
[22200:15852:0729/080421.449:VERBOSE1:device_event_log_impl.cc(198)] [08:04:21.449] Display: EVENT: screen_win.cc:895 Display[3557315901] bounds=[0,0 1920x1080], workarea=[0,0 1920x1080], scale=1, rotation=0, panel_rotation=0 external detected
[22200:15852:0729/080444.773:VERBOSE1:device_event_log_impl.cc(198)] [08:04:44.773] Display: EVENT: screen_win.cc:893 Displays updated, count: 1
[22200:15852:0729/080444.773:VERBOSE1:device_event_log_impl.cc(198)] [08:04:44.773] Display: EVENT: screen_win.cc:895 Display[3557315901] bounds=[0,0 1920x1080], workarea=[0,0 1920x1080], scale=1, rotation=0, panel_rotation=0 external detected
[22200:15852:0729/080549.203:VERBOSE1:device_event_log_impl.cc(198)] [08:05:49.204] Display: EVENT: screen_win.cc:893 Displays updated, count: 1
[22200:15852:0729/080549.203:VERBOSE1:device_event_log_impl.cc(198)] [08:05:49.204] Display: EVENT: screen_win.cc:895 Display[3557315901] bounds=[0,0 1920x1080], workarea=[0,0 1920x1080], scale=1, rotation=0, panel_rotation=0 external detected
[22200:15852:0729/080625.735:VERBOSE1:device_event_log_impl.cc(198)] [08:06:25.736] Display: EVENT: screen_win.cc:893 Displays updated, count: 1
[22200:15852:0729/080625.735:VERBOSE1:device_event_log_impl.cc(198)] [08:06:25.736] Display: EVENT: screen_win.cc:895 Display[3557315901] bounds=[0,0 1920x1080], workarea=[0,0 1920x1080], scale=1, rotation=0, panel_rotation=0 external detected
[22200:15852:0729/080628.321:VERBOSE1:device_event_log_impl.cc(198)] [08:06:28.321] Display: EVENT: screen_win.cc:893 Displays updated, count: 1
[22200:15852:0729/080628.321:VERBOSE1:device_event_log_impl.cc(198)] [08:06:28.321] Display: EVENT: screen_win.cc:895 Display[3557315901] bounds=[0,0 1920x1080], workarea=[0,0 1920x1080], scale=1, rotation=0, panel_rotation=0 external detected
[22200:15852:0729/080637.110:VERBOSE1:device_event_log_impl.cc(198)] [08:06:37.110] Display: EVENT: screen_win.cc:893 Displays updated, count: 1
[22200:15852:0729/080637.110:VERBOSE1:device_event_log_impl.cc(198)] [08:06:37.110] Display: EVENT: screen_win.cc:895 Display[3557315901] bounds=[0,0 1920x1080], workarea=[0,0 1920x1080], scale=1, rotation=0, panel_rotation=0 external detected
[22200:15852:0729/080755.214:VERBOSE1:device_event_log_impl.cc(198)] [08:07:55.214] Display: EVENT: screen_win.cc:893 Displays updated, count: 1
[22200:15852:0729/080755.214:VERBOSE1:device_event_log_impl.cc(198)] [08:07:55.214] Display: EVENT: screen_win.cc:895 Display[3557315901] bounds=[0,0 1920x1080], workarea=[0,0 1920x1080], scale=1, rotation=0, panel_rotation=0 external detected
[22200:15852:0729/081022.719:VERBOSE1:device_event_log_impl.cc(198)] [08:10:22.718] Display: EVENT: screen_win.cc:893 Displays updated, count: 1
[22200:15852:0729/081022.719:VERBOSE1:device_event_log_impl.cc(198)] [08:10:22.719] Display: EVENT: screen_win.cc:895 Display[3557315901] bounds=[0,0 1920x1080], workarea=[0,0 1920x1080], scale=1, rotation=0, panel_rotation=0 external detected
[22200:15852:0729/081137.136:VERBOSE1:device_event_log_impl.cc(198)] [08:11:37.136] Display: EVENT: screen_win.cc:893 Displays updated, count: 1
[22200:15852:0729/081137.136:VERBOSE1:device_event_log_impl.cc(198)] [08:11:37.136] Display: EVENT: screen_win.cc:895 Display[3557315901] bounds=[0,0 1920x1080], workarea=[0,0 1920x1080], scale=1, rotation=0, panel_rotation=0 external detected
[22200:15852:0729/081212.255:VERBOSE1:device_event_log_impl.cc(198)] [08:12:12.255] Display: EVENT: screen_win.cc:893 Displays updated, count: 1
[22200:15852:0729/081212.255:VERBOSE1:device_event_log_impl.cc(198)] [08:12:12.255] Display: EVENT: screen_win.cc:895 Display[3557315901] bounds=[0,0 1920x1080], workarea=[0,0 1920x1080], scale=1, rotation=0, panel_rotation=0 external detected
[22200:15852:0729/081229.660:VERBOSE1:device_event_log_impl.cc(198)] [08:12:29.660] Display: EVENT: screen_win.cc:893 Displays updated, count: 1
[22200:15852:0729/081229.660:VERBOSE1:device_event_log_impl.cc(198)] [08:12:29.660] Display: EVENT: screen_win.cc:895 Display[3557315901] bounds=[0,0 1920x1080], workarea=[0,0 1920x1080], scale=1, rotation=0, panel_rotation=0 external detected
[22200:15852:0729/081314.525:VERBOSE1:device_event_log_impl.cc(198)] [08:13:14.525] Display: EVENT: screen_win.cc:893 Displays updated, count: 1
[22200:15852:0729/081314.525:VERBOSE1:device_event_log_impl.cc(198)] [08:13:14.525] Display: EVENT: screen_win.cc:895 Display[3557315901] bounds=[0,0 1920x1080], workarea=[0,0 1920x1080], scale=1, rotation=0, panel_rotation=0 external detected
[22200:15852:0729/081336.258:VERBOSE1:device_event_log_impl.cc(198)] [08:13:36.258] Display: EVENT: screen_win.cc:893 Displays updated, count: 1
[22200:15852:0729/081336.258:VERBOSE1:device_event_log_impl.cc(198)] [08:13:36.258] Display: EVENT: screen_win.cc:895 Display[3557315901] bounds=[0,0 1920x1080], workarea=[0,0 1920x1080], scale=1, rotation=0, panel_rotation=0 external detected
[22200:15852:0729/081339.314:VERBOSE1:device_event_log_impl.cc(198)] [08:13:39.314] Display: EVENT: screen_win.cc:893 Displays updated, count: 1
[22200:15852:0729/081339.314:VERBOSE1:device_event_log_impl.cc(198)] [08:13:39.314] Display: EVENT: screen_win.cc:895 Display[3557315901] bounds=[0,0 1920x1080], workarea=[0,0 1920x1080], scale=1, rotation=0, panel_rotation=0 external detected
[22200:15852:0729/081401.823:VERBOSE1:device_event_log_impl.cc(198)] [08:14:01.823] Display: EVENT: screen_win.cc:893 Displays updated, count: 1
[22200:15852:0729/081401.823:VERBOSE1:device_event_log_impl.cc(198)] [08:14:01.823] Display: EVENT: screen_win.cc:895 Display[3557315901] bounds=[0,0 1920x1080], workarea=[0,0 1920x1080], scale=1, rotation=0, panel_rotation=0 external detected
[22200:15852:0729/081402.392:VERBOSE1:device_event_log_impl.cc(198)] [08:14:02.392] Display: EVENT: screen_win.cc:893 Displays updated, count: 1
[22200:15852:0729/081402.392:VERBOSE1:device_event_log_impl.cc(198)] [08:14:02.392] Display: EVENT: screen_win.cc:895 Display[3557315901] bounds=[0,0 1920x1080], workarea=[0,0 1920x1080], scale=1, rotation=0, panel_rotation=0 external detected
[22200:15852:0729/081410.160:VERBOSE1:device_event_log_impl.cc(198)] [08:14:10.160] Display: EVENT: screen_win.cc:893 Displays updated, count: 1
[22200:15852:0729/081410.160:VERBOSE1:device_event_log_impl.cc(198)] [08:14:10.160] Display: EVENT: screen_win.cc:895 Display[3557315901] bounds=[0,0 1920x1080], workarea=[0,0 1920x1080], scale=1, rotation=0, panel_rotation=0 external detected
[22200:15852:0729/081457.234:VERBOSE1:device_event_log_impl.cc(198)] [08:14:57.234] Display: EVENT: screen_win.cc:893 Displays updated, count: 1
[22200:15852:0729/081457.234:VERBOSE1:device_event_log_impl.cc(198)] [08:14:57.234] Display: EVENT: screen_win.cc:895 Display[3557315901] bounds=[0,0 1920x1080], workarea=[0,0 1920x1080], scale=1, rotation=0, panel_rotation=0 external detected
[22200:15852:0729/081556.052:VERBOSE1:device_event_log_impl.cc(198)] [08:15:56.053] Display: EVENT: screen_win.cc:893 Displays updated, count: 1
[22200:15852:0729/081556.052:VERBOSE1:device_event_log_impl.cc(198)] [08:15:56.053] Display: EVENT: screen_win.cc:895 Display[3557315901] bounds=[0,0 1920x1080], workarea=[0,0 1920x1080], scale=1, rotation=0, panel_rotation=0 external detected
[22200:15852:0729/081615.539:VERBOSE1:device_event_log_impl.cc(198)] [08:16:15.540] Display: EVENT: screen_win.cc:893 Displays updated, count: 1
[22200:15852:0729/081615.539:VERBOSE1:device_event_log_impl.cc(198)] [08:16:15.540] Display: EVENT: screen_win.cc:895 Display[3557315901] bounds=[0,0 1920x1080], workarea=[0,0 1920x1080], scale=1, rotation=0, panel_rotation=0 external detected
[22200:15852:0729/081628.902:VERBOSE1:device_event_log_impl.cc(198)] [08:16:28.902] Display: EVENT: screen_win.cc:893 Displays updated, count: 1
[22200:15852:0729/081628.902:VERBOSE1:device_event_log_impl.cc(198)] [08:16:28.903] Display: EVENT: screen_win.cc:895 Display[3557315901] bounds=[0,0 1920x1080], workarea=[0,0 1920x1080], scale=1, rotation=0, panel_rotation=0 external detected
[22200:15852:0729/081658.747:VERBOSE1:device_event_log_impl.cc(198)] [08:16:58.748] Display: EVENT: screen_win.cc:893 Displays updated, count: 1
[22200:15852:0729/081658.747:VERBOSE1:device_event_log_impl.cc(198)] [08:16:58.748] Display: EVENT: screen_win.cc:895 Display[3557315901] bounds=[0,0 1920x1080], workarea=[0,0 1920x1080], scale=1, rotation=0, panel_rotation=0 external detected
[22200:15852:0729/081743.546:VERBOSE1:device_event_log_impl.cc(198)] [08:17:43.544] Display: EVENT: screen_win.cc:893 Displays updated, count: 1
[22200:15852:0729/081743.546:VERBOSE1:device_event_log_impl.cc(198)] [08:17:43.544] Display: EVENT: screen_win.cc:895 Display[3557315901] bounds=[0,0 1920x1080], workarea=[0,0 1920x1080], scale=1, rotation=0, panel_rotation=0 external detected
[22200:15852:0729/081748.602:VERBOSE1:device_event_log_impl.cc(198)] [08:17:48.601] Display: EVENT: screen_win.cc:893 Displays updated, count: 1
[22200:15852:0729/081748.602:VERBOSE1:device_event_log_impl.cc(198)] [08:17:48.601] Display: EVENT: screen_win.cc:895 Display[3557315901] bounds=[0,0 1920x1080], workarea=[0,0 1920x1080], scale=1, rotation=0, panel_rotation=0 external detected
[22200:15852:0729/081924.554:VERBOSE1:device_event_log_impl.cc(198)] [08:19:24.554] Display: EVENT: screen_win.cc:893 Displays updated, count: 1
[22200:15852:0729/081924.555:VERBOSE1:device_event_log_impl.cc(198)] [08:19:24.554] Display: EVENT: screen_win.cc:895 Display[3557315901] bounds=[0,0 1920x1080], workarea=[0,0 1920x1080], scale=1, rotation=0, panel_rotation=0 external detected
[22200:15852:0729/082135.126:VERBOSE1:device_event_log_impl.cc(198)] [08:21:35.126] Display: EVENT: screen_win.cc:893 Displays updated, count: 1
[22200:15852:0729/082135.126:VERBOSE1:device_event_log_impl.cc(198)] [08:21:35.126] Display: EVENT: screen_win.cc:895 Display[3557315901] bounds=[0,0 1920x1080], workarea=[0,0 1920x1080], scale=1, rotation=0, panel_rotation=0 external detected
[22200:15852:0729/082140.440:VERBOSE1:device_event_log_impl.cc(198)] [08:21:40.439] Display: EVENT: screen_win.cc:893 Displays updated, count: 1
[22200:15852:0729/082140.440:VERBOSE1:device_event_log_impl.cc(198)] [08:21:40.439] Display: EVENT: screen_win.cc:895 Display[3557315901] bounds=[0,0 1920x1080], workarea=[0,0 1920x1080], scale=1, rotation=0, panel_rotation=0 external detected
[22200:15852:0729/082211.159:VERBOSE1:device_event_log_impl.cc(198)] [08:22:11.159] Display: EVENT: screen_win.cc:893 Displays updated, count: 1
[22200:15852:0729/082211.159:VERBOSE1:device_event_log_impl.cc(198)] [08:22:11.160] Display: EVENT: screen_win.cc:895 Display[3557315901] bounds=[0,0 1920x1080], workarea=[0,0 1920x1080], scale=1, rotation=0, panel_rotation=0 external detected
[22200:15852:0729/082224.149:VERBOSE1:device_event_log_impl.cc(198)] [08:22:24.149] Display: EVENT: screen_win.cc:893 Displays updated, count: 1
[22200:15852:0729/082224.149:VERBOSE1:device_event_log_impl.cc(198)] [08:22:24.149] Display: EVENT: screen_win.cc:895 Display[3557315901] bounds=[0,0 1920x1080], workarea=[0,0 1920x1080], scale=1, rotation=0, panel_rotation=0 external detected
[22200:15852:0729/082349.035:VERBOSE1:device_event_log_impl.cc(198)] [08:23:49.035] Display: EVENT: screen_win.cc:893 Displays updated, count: 1
[22200:15852:0729/082349.035:VERBOSE1:device_event_log_impl.cc(198)] [08:23:49.035] Display: EVENT: screen_win.cc:895 Display[3557315901] bounds=[0,0 1920x1080], workarea=[0,0 1920x1080], scale=1, rotation=0, panel_rotation=0 external detected
[22200:15852:0729/082405.077:VERBOSE1:device_event_log_impl.cc(198)] [08:24:05.077] Display: EVENT: screen_win.cc:893 Displays updated, count: 1
[22200:15852:0729/082405.078:VERBOSE1:device_event_log_impl.cc(198)] [08:24:05.077] Display: EVENT: screen_win.cc:895 Display[3557315901] bounds=[0,0 1920x1080], workarea=[0,0 1920x1080], scale=1, rotation=0, panel_rotation=0 external detected
[22200:15852:0729/082412.145:VERBOSE1:device_event_log_impl.cc(198)] [08:24:12.145] Display: EVENT: screen_win.cc:893 Displays updated, count: 1
[22200:15852:0729/082412.145:VERBOSE1:device_event_log_impl.cc(198)] [08:24:12.145] Display: EVENT: screen_win.cc:895 Display[3557315901] bounds=[0,0 1920x1080], workarea=[0,0 1920x1080], scale=1, rotation=0, panel_rotation=0 external detected
[22200:15852:0729/082438.262:VERBOSE1:device_event_log_impl.cc(198)] [08:24:38.262] Display: EVENT: screen_win.cc:893 Displays updated, count: 1
[22200:15852:0729/082438.262:VERBOSE1:device_event_log_impl.cc(198)] [08:24:38.262] Display: EVENT: screen_win.cc:895 Display[3557315901] bounds=[0,0 1920x1080], workarea=[0,0 1920x1080], scale=1, rotation=0, panel_rotation=0 external detected
[22200:15852:0729/082706.132:VERBOSE1:device_event_log_impl.cc(198)] [08:27:06.132] Display: EVENT: screen_win.cc:893 Displays updated, count: 1
[22200:15852:0729/082706.132:VERBOSE1:device_event_log_impl.cc(198)] [08:27:06.132] Display: EVENT: screen_win.cc:895 Display[3557315901] bounds=[0,0 1920x1080], workarea=[0,0 1920x1080], scale=1, rotation=0, panel_rotation=0 external detected
[22200:15852:0729/082708.315:VERBOSE1:device_event_log_impl.cc(198)] [08:27:08.315] Display: EVENT: screen_win.cc:893 Displays updated, count: 1
[22200:15852:0729/082708.315:VERBOSE1:device_event_log_impl.cc(198)] [08:27:08.315] Display: EVENT: screen_win.cc:895 Display[3557315901] bounds=[0,0 1920x1080], workarea=[0,0 1920x1080], scale=1, rotation=0, panel_rotation=0 external detected
[22200:15852:0729/082711.801:VERBOSE1:device_event_log_impl.cc(198)] [08:27:11.801] Display: EVENT: screen_win.cc:893 Displays updated, count: 1
[22200:15852:0729/082711.801:VERBOSE1:device_event_log_impl.cc(198)] [08:27:11.801] Display: EVENT: screen_win.cc:895 Display[3557315901] bounds=[0,0 1920x1080], workarea=[0,0 1920x1080], scale=1, rotation=0, panel_rotation=0 external detected
[22200:15852:0729/082712.703:VERBOSE1:device_event_log_impl.cc(198)] [08:27:12.703] Display: EVENT: screen_win.cc:893 Displays updated, count: 1
[22200:15852:0729/082712.703:VERBOSE1:device_event_log_impl.cc(198)] [08:27:12.703] Display: EVENT: screen_win.cc:895 Display[3557315901] bounds=[0,0 1920x1080], workarea=[0,0 1920x1080], scale=1, rotation=0, panel_rotation=0 external detected
[22200:15852:0729/082755.046:VERBOSE1:device_event_log_impl.cc(198)] [08:27:55.047] Display: EVENT: screen_win.cc:893 Displays updated, count: 1
[22200:15852:0729/082755.046:VERBOSE1:device_event_log_impl.cc(198)] [08:27:55.047] Display: EVENT: screen_win.cc:895 Display[3557315901] bounds=[0,0 1920x1080], workarea=[0,0 1920x1080], scale=1, rotation=0, panel_rotation=0 external detected
[22200:15852:0729/082910.990:VERBOSE1:device_event_log_impl.cc(198)] [08:29:10.990] Display: EVENT: screen_win.cc:893 Displays updated, count: 1
[22200:15852:0729/082910.990:VERBOSE1:device_event_log_impl.cc(198)] [08:29:10.990] Display: EVENT: screen_win.cc:895 Display[3557315901] bounds=[0,0 1920x1080], workarea=[0,0 1920x1080], scale=1, rotation=0, panel_rotation=0 external detected
[22200:15852:0729/082911.003:VERBOSE1:device_event_log_impl.cc(198)] [08:29:11.004] Display: EVENT: screen_win.cc:893 Displays updated, count: 1
[22200:15852:0729/082911.003:VERBOSE1:device_event_log_impl.cc(198)] [08:29:11.004] Display: EVENT: screen_win.cc:895 Display[3557315901] bounds=[0,0 1920x1080], workarea=[0,0 1920x1080], scale=1, rotation=0, panel_rotation=0 external detected
[22200:15852:0729/083049.989:VERBOSE1:device_event_log_impl.cc(198)] [08:30:49.989] Display: EVENT: screen_win.cc:893 Displays updated, count: 1
[22200:15852:0729/083049.989:VERBOSE1:device_event_log_impl.cc(198)] [08:30:49.989] Display: EVENT: screen_win.cc:895 Display[3557315901] bounds=[0,0 1920x1080], workarea=[0,0 1920x1080], scale=1, rotation=0, panel_rotation=0 external detected
[22200:15852:0729/083113.529:VERBOSE1:device_event_log_impl.cc(198)] [08:31:13.530] Display: EVENT: screen_win.cc:893 Displays updated, count: 1
[22200:15852:0729/083113.529:VERBOSE1:device_event_log_impl.cc(198)] [08:31:13.530] Display: EVENT: screen_win.cc:895 Display[3557315901] bounds=[0,0 1920x1080], workarea=[0,0 1920x1080], scale=1, rotation=0, panel_rotation=0 external detected
[22200:15852:0729/083131.681:VERBOSE1:device_event_log_impl.cc(198)] [08:31:31.681] Display: EVENT: screen_win.cc:893 Displays updated, count: 1
[22200:15852:0729/083131.681:VERBOSE1:device_event_log_impl.cc(198)] [08:31:31.681] Display: EVENT: screen_win.cc:895 Display[3557315901] bounds=[0,0 1920x1080], workarea=[0,0 1920x1080], scale=1, rotation=0, panel_rotation=0 external detected
[22200:15852:0729/083145.774:VERBOSE1:device_event_log_impl.cc(198)] [08:31:45.774] Display: EVENT: screen_win.cc:893 Displays updated, count: 1
[22200:15852:0729/083145.774:VERBOSE1:device_event_log_impl.cc(198)] [08:31:45.774] Display: EVENT: screen_win.cc:895 Display[3557315901] bounds=[0,0 1920x1080], workarea=[0,0 1920x1080], scale=1, rotation=0, panel_rotation=0 external detected
[22200:15852:0729/083148.953:VERBOSE1:device_event_log_impl.cc(198)] [08:31:48.953] Display: EVENT: screen_win.cc:893 Displays updated, count: 1
[22200:15852:0729/083148.953:VERBOSE1:device_event_log_impl.cc(198)] [08:31:48.953] Display: EVENT: screen_win.cc:895 Display[3557315901] bounds=[0,0 1920x1080], workarea=[0,0 1920x1080], scale=1, rotation=0, panel_rotation=0 external detected
[22200:15852:0729/083323.891:VERBOSE1:device_event_log_impl.cc(198)] [08:33:23.892] Display: EVENT: screen_win.cc:893 Displays updated, count: 1
[22200:15852:0729/083323.891:VERBOSE1:device_event_log_impl.cc(198)] [08:33:23.892] Display: EVENT: screen_win.cc:895 Display[3557315901] bounds=[0,0 1920x1080], workarea=[0,0 1920x1080], scale=1, rotation=0, panel_rotation=0 external detected
[22200:15852:0729/083329.621:VERBOSE1:device_event_log_impl.cc(198)] [08:33:29.621] Display: EVENT: screen_win.cc:893 Displays updated, count: 1
[22200:15852:0729/083329.621:VERBOSE1:device_event_log_impl.cc(198)] [08:33:29.621] Display: EVENT: screen_win.cc:895 Display[3557315901] bounds=[0,0 1920x1080], workarea=[0,0 1920x1080], scale=1, rotation=0, panel_rotation=0 external detected
[22200:15852:0729/083533.334:VERBOSE1:device_event_log_impl.cc(198)] [08:35:33.335] Display: EVENT: screen_win.cc:893 Displays updated, count: 1
[22200:15852:0729/083533.334:VERBOSE1:device_event_log_impl.cc(198)] [08:35:33.335] Display: EVENT: screen_win.cc:895 Display[3557315901] bounds=[0,0 1920x1080], workarea=[0,0 1920x1080], scale=1, rotation=0, panel_rotation=0 external detected
[22200:15852:0729/083600.098:VERBOSE1:device_event_log_impl.cc(198)] [08:36:00.098] Display: EVENT: screen_win.cc:893 Displays updated, count: 1
[22200:15852:0729/083600.098:VERBOSE1:device_event_log_impl.cc(198)] [08:36:00.098] Display: EVENT: screen_win.cc:895 Display[3557315901] bounds=[0,0 1920x1080], workarea=[0,0 1920x1080], scale=1, rotation=0, panel_rotation=0 external detected
[22200:15852:0729/083653.334:VERBOSE1:device_event_log_impl.cc(198)] [08:36:53.334] Display: EVENT: screen_win.cc:893 Displays updated, count: 1
[22200:15852:0729/083653.334:VERBOSE1:device_event_log_impl.cc(198)] [08:36:53.334] Display: EVENT: screen_win.cc:895 Display[3557315901] bounds=[0,0 1920x1080], workarea=[0,0 1920x1080], scale=1, rotation=0, panel_rotation=0 external detected
[22200:15852:0729/083716.925:VERBOSE1:device_event_log_impl.cc(198)] [08:37:16.924] Display: EVENT: screen_win.cc:893 Displays updated, count: 1
[22200:15852:0729/083716.925:VERBOSE1:device_event_log_impl.cc(198)] [08:37:16.924] Display: EVENT: screen_win.cc:895 Display[3557315901] bounds=[0,0 1920x1080], workarea=[0,0 1920x1080], scale=1, rotation=0, panel_rotation=0 external detected
[22200:15852:0729/083931.088:VERBOSE1:device_event_log_impl.cc(198)] [08:39:31.088] Display: EVENT: screen_win.cc:893 Displays updated, count: 1
[22200:15852:0729/083931.088:VERBOSE1:device_event_log_impl.cc(198)] [08:39:31.089] Display: EVENT: screen_win.cc:895 Display[3557315901] bounds=[0,0 1920x1080], workarea=[0,0 1920x1080], scale=1, rotation=0, panel_rotation=0 external detected
[22200:15852:0729/083946.849:VERBOSE1:device_event_log_impl.cc(198)] [08:39:46.849] Display: EVENT: screen_win.cc:893 Displays updated, count: 1
[22200:15852:0729/083946.849:VERBOSE1:device_event_log_impl.cc(198)] [08:39:46.850] Display: EVENT: screen_win.cc:895 Display[3557315901] bounds=[0,0 1920x1080], workarea=[0,0 1920x1080], scale=1, rotation=0, panel_rotation=0 external detected
[22200:15852:0729/084031.039:VERBOSE1:device_event_log_impl.cc(198)] [08:40:31.040] Display: EVENT: screen_win.cc:893 Displays updated, count: 1
[22200:15852:0729/084031.039:VERBOSE1:device_event_log_impl.cc(198)] [08:40:31.040] Display: EVENT: screen_win.cc:895 Display[3557315901] bounds=[0,0 1920x1080], workarea=[0,0 1920x1080], scale=1, rotation=0, panel_rotation=0 external detected
[22200:15852:0729/084033.294:VERBOSE1:device_event_log_impl.cc(198)] [08:40:33.294] Display: EVENT: screen_win.cc:893 Displays updated, count: 1
[22200:15852:0729/084033.294:VERBOSE1:device_event_log_impl.cc(198)] [08:40:33.294] Display: EVENT: screen_win.cc:895 Display[3557315901] bounds=[0,0 1920x1080], workarea=[0,0 1920x1080], scale=1, rotation=0, panel_rotation=0 external detected
[22200:15852:0729/084035.931:VERBOSE1:device_event_log_impl.cc(198)] [08:40:35.931] Display: EVENT: screen_win.cc:893 Displays updated, count: 1
[22200:15852:0729/084035.931:VERBOSE1:device_event_log_impl.cc(198)] [08:40:35.931] Display: EVENT: screen_win.cc:895 Display[3557315901] bounds=[0,0 1920x1080], workarea=[0,0 1920x1080], scale=1, rotation=0, panel_rotation=0 external detected
[22200:15852:0729/084202.593:VERBOSE1:device_event_log_impl.cc(198)] [08:42:02.593] Display: EVENT: screen_win.cc:893 Displays updated, count: 1
[22200:15852:0729/084202.593:VERBOSE1:device_event_log_impl.cc(198)] [08:42:02.593] Display: EVENT: screen_win.cc:895 Display[3557315901] bounds=[0,0 1920x1080], workarea=[0,0 1920x1080], scale=1, rotation=0, panel_rotation=0 external detected
[22200:15852:0729/084219.187:VERBOSE1:device_event_log_impl.cc(198)] [08:42:19.187] Display: EVENT: screen_win.cc:893 Displays updated, count: 1
[22200:15852:0729/084219.188:VERBOSE1:device_event_log_impl.cc(198)] [08:42:19.187] Display: EVENT: screen_win.cc:895 Display[3557315901] bounds=[0,0 1920x1080], workarea=[0,0 1920x1080], scale=1, rotation=0, panel_rotation=0 external detected
[22200:15852:0729/084255.118:VERBOSE1:device_event_log_impl.cc(198)] [08:42:55.118] Display: EVENT: screen_win.cc:893 Displays updated, count: 1
[22200:15852:0729/084255.118:VERBOSE1:device_event_log_impl.cc(198)] [08:42:55.118] Display: EVENT: screen_win.cc:895 Display[3557315901] bounds=[0,0 1920x1080], workarea=[0,0 1920x1080], scale=1, rotation=0, panel_rotation=0 external detected
[22200:15852:0729/084427.614:VERBOSE1:device_event_log_impl.cc(198)] [08:44:27.614] Display: EVENT: screen_win.cc:893 Displays updated, count: 1
[22200:15852:0729/084427.614:VERBOSE1:device_event_log_impl.cc(198)] [08:44:27.615] Display: EVENT: screen_win.cc:895 Display[3557315901] bounds=[0,0 1920x1080], workarea=[0,0 1920x1080], scale=1, rotation=0, panel_rotation=0 external detected
[22200:15852:0729/084454.051:VERBOSE1:device_event_log_impl.cc(198)] [08:44:54.051] Display: EVENT: screen_win.cc:893 Displays updated, count: 1
[22200:15852:0729/084454.051:VERBOSE1:device_event_log_impl.cc(198)] [08:44:54.051] Display: EVENT: screen_win.cc:895 Display[3557315901] bounds=[0,0 1920x1080], workarea=[0,0 1920x1080], scale=1, rotation=0, panel_rotation=0 external detected
[22200:15852:0729/084509.687:VERBOSE1:device_event_log_impl.cc(198)] [08:45:09.687] Display: EVENT: screen_win.cc:893 Displays updated, count: 1
[22200:15852:0729/084509.687:VERBOSE1:device_event_log_impl.cc(198)] [08:45:09.687] Display: EVENT: screen_win.cc:895 Display[3557315901] bounds=[0,0 1920x1080], workarea=[0,0 1920x1080], scale=1, rotation=0, panel_rotation=0 external detected
[22200:15852:0729/084512.607:VERBOSE1:device_event_log_impl.cc(198)] [08:45:12.607] Display: EVENT: screen_win.cc:893 Displays updated, count: 1
[22200:15852:0729/084512.607:VERBOSE1:device_event_log_impl.cc(198)] [08:45:12.608] Display: EVENT: screen_win.cc:895 Display[3557315901] bounds=[0,0 1920x1080], workarea=[0,0 1920x1080], scale=1, rotation=0, panel_rotation=0 external detected
[22200:15852:0729/084537.027:VERBOSE1:device_event_log_impl.cc(198)] [08:45:37.027] Display: EVENT: screen_win.cc:893 Displays updated, count: 1
[22200:15852:0729/084537.027:VERBOSE1:device_event_log_impl.cc(198)] [08:45:37.027] Display: EVENT: screen_win.cc:895 Display[3557315901] bounds=[0,0 1920x1080], workarea=[0,0 1920x1080], scale=1, rotation=0, panel_rotation=0 external detected
[22200:15852:0729/084658.464:VERBOSE1:device_event_log_impl.cc(198)] [08:46:58.463] Display: EVENT: screen_win.cc:893 Displays updated, count: 1
[22200:15852:0729/084658.464:VERBOSE1:device_event_log_impl.cc(198)] [08:46:58.463] Display: EVENT: screen_win.cc:895 Display[3557315901] bounds=[0,0 1920x1080], workarea=[0,0 1920x1080], scale=1, rotation=0, panel_rotation=0 external detected
[22200:15852:0729/091610.008:VERBOSE1:device_event_log_impl.cc(198)] [09:16:10.007] Display: EVENT: screen_win.cc:893 Displays updated, count: 1
[22200:15852:0729/091610.008:VERBOSE1:device_event_log_impl.cc(198)] [09:16:10.008] Display: EVENT: screen_win.cc:895 Display[3557315901] bounds=[0,0 1920x1080], workarea=[0,0 1920x1080], scale=1, rotation=0, panel_rotation=0 external detected
[22200:15852:0729/091648.455:VERBOSE1:device_event_log_impl.cc(198)] [09:16:48.455] Display: EVENT: screen_win.cc:893 Displays updated, count: 1
[22200:15852:0729/091648.455:VERBOSE1:device_event_log_impl.cc(198)] [09:16:48.455] Display: EVENT: screen_win.cc:895 Display[3557315901] bounds=[0,0 1920x1080], workarea=[0,0 1920x1080], scale=1, rotation=0, panel_rotation=0 external detected
[22200:15852:0729/091658.078:VERBOSE1:device_event_log_impl.cc(198)] [09:16:58.078] Display: EVENT: screen_win.cc:893 Displays updated, count: 1
[22200:15852:0729/091658.078:VERBOSE1:device_event_log_impl.cc(198)] [09:16:58.078] Display: EVENT: screen_win.cc:895 Display[3557315901] bounds=[0,0 1920x1080], workarea=[0,0 1920x1080], scale=1, rotation=0, panel_rotation=0 external detected
[22200:15852:0729/091802.547:VERBOSE1:device_event_log_impl.cc(198)] [09:18:02.547] Display: EVENT: screen_win.cc:893 Displays updated, count: 1
[22200:15852:0729/091802.547:VERBOSE1:device_event_log_impl.cc(198)] [09:18:02.547] Display: EVENT: screen_win.cc:895 Display[3557315901] bounds=[0,0 1920x1080], workarea=[0,0 1920x1080], scale=1, rotation=0, panel_rotation=0 external detected
[22200:15852:0729/091816.786:VERBOSE1:device_event_log_impl.cc(198)] [09:18:16.785] Display: EVENT: screen_win.cc:893 Displays updated, count: 1
[22200:15852:0729/091816.786:VERBOSE1:device_event_log_impl.cc(198)] [09:18:16.786] Display: EVENT: screen_win.cc:895 Display[3557315901] bounds=[0,0 1920x1080], workarea=[0,0 1920x1080], scale=1, rotation=0, panel_rotation=0 external detected
[22200:15852:0729/091929.372:VERBOSE1:device_event_log_impl.cc(198)] [09:19:29.372] Display: EVENT: screen_win.cc:893 Displays updated, count: 1
[22200:15852:0729/091929.372:VERBOSE1:device_event_log_impl.cc(198)] [09:19:29.372] Display: EVENT: screen_win.cc:895 Display[3557315901] bounds=[0,0 1920x1080], workarea=[0,0 1920x1080], scale=1, rotation=0, panel_rotation=0 external detected
[22200:15852:0729/092001.255:VERBOSE1:device_event_log_impl.cc(198)] [09:20:01.255] Display: EVENT: screen_win.cc:893 Displays updated, count: 1
[22200:15852:0729/092001.255:VERBOSE1:device_event_log_impl.cc(198)] [09:20:01.255] Display: EVENT: screen_win.cc:895 Display[3557315901] bounds=[0,0 1920x1080], workarea=[0,0 1920x1080], scale=1, rotation=0, panel_rotation=0 external detected
[22200:15852:0729/092032.742:VERBOSE1:device_event_log_impl.cc(198)] [09:20:32.742] Display: EVENT: screen_win.cc:893 Displays updated, count: 1
[22200:15852:0729/092032.742:VERBOSE1:device_event_log_impl.cc(198)] [09:20:32.742] Display: EVENT: screen_win.cc:895 Display[3557315901] bounds=[0,0 1920x1080], workarea=[0,0 1920x1080], scale=1, rotation=0, panel_rotation=0 external detected
[22200:15852:0729/092104.436:VERBOSE1:device_event_log_impl.cc(198)] [09:21:04.435] Display: EVENT: screen_win.cc:893 Displays updated, count: 1
[22200:15852:0729/092104.436:VERBOSE1:device_event_log_impl.cc(198)] [09:21:04.436] Display: EVENT: screen_win.cc:895 Display[3557315901] bounds=[0,0 1920x1080], workarea=[0,0 1920x1080], scale=1, rotation=0, panel_rotation=0 external detected
[22200:15852:0729/092200.884:VERBOSE1:device_event_log_impl.cc(198)] [09:22:00.884] Display: EVENT: screen_win.cc:893 Displays updated, count: 1
[22200:15852:0729/092200.884:VERBOSE1:device_event_log_impl.cc(198)] [09:22:00.884] Display: EVENT: screen_win.cc:895 Display[3557315901] bounds=[0,0 1920x1080], workarea=[0,0 1920x1080], scale=1, rotation=0, panel_rotation=0 external detected
[22200:15852:0729/092207.808:VERBOSE1:device_event_log_impl.cc(198)] [09:22:07.808] Display: EVENT: screen_win.cc:893 Displays updated, count: 1
[22200:15852:0729/092207.808:VERBOSE1:device_event_log_impl.cc(198)] [09:22:07.808] Display: EVENT: screen_win.cc:895 Display[3557315901] bounds=[0,0 1920x1080], workarea=[0,0 1920x1080], scale=1, rotation=0, panel_rotation=0 external detected
[22200:15852:0729/092217.421:VERBOSE1:device_event_log_impl.cc(198)] [09:22:17.422] Display: EVENT: screen_win.cc:893 Displays updated, count: 1
[22200:15852:0729/092217.421:VERBOSE1:device_event_log_impl.cc(198)] [09:22:17.422] Display: EVENT: screen_win.cc:895 Display[3557315901] bounds=[0,0 1920x1080], workarea=[0,0 1920x1080], scale=1, rotation=0, panel_rotation=0 external detected
[22200:15852:0729/092219.657:VERBOSE1:device_event_log_impl.cc(198)] [09:22:19.658] Display: EVENT: screen_win.cc:893 Displays updated, count: 1
[22200:15852:0729/092219.657:VERBOSE1:device_event_log_impl.cc(198)] [09:22:19.658] Display: EVENT: screen_win.cc:895 Display[3557315901] bounds=[0,0 1920x1080], workarea=[0,0 1920x1080], scale=1, rotation=0, panel_rotation=0 external detected
[22200:15852:0729/092250.612:VERBOSE1:device_event_log_impl.cc(198)] [09:22:50.613] Display: EVENT: screen_win.cc:893 Displays updated, count: 1
[22200:15852:0729/092250.612:VERBOSE1:device_event_log_impl.cc(198)] [09:22:50.613] Display: EVENT: screen_win.cc:895 Display[3557315901] bounds=[0,0 1920x1080], workarea=[0,0 1920x1080], scale=1, rotation=0, panel_rotation=0 external detected
[22200:15852:0729/092320.734:VERBOSE1:device_event_log_impl.cc(198)] [09:23:20.734] Display: EVENT: screen_win.cc:893 Displays updated, count: 1
[22200:15852:0729/092320.734:VERBOSE1:device_event_log_impl.cc(198)] [09:23:20.734] Display: EVENT: screen_win.cc:895 Display[3557315901] bounds=[0,0 1920x1080], workarea=[0,0 1920x1080], scale=1, rotation=0, panel_rotation=0 external detected
[22200:15852:0729/092328.850:VERBOSE1:device_event_log_impl.cc(198)] [09:23:28.850] Display: EVENT: screen_win.cc:893 Displays updated, count: 1
[22200:15852:0729/092328.850:VERBOSE1:device_event_log_impl.cc(198)] [09:23:28.850] Display: EVENT: screen_win.cc:895 Display[3557315901] bounds=[0,0 1920x1080], workarea=[0,0 1920x1080], scale=1, rotation=0, panel_rotation=0 external detected
[22200:15852:0729/092332.799:ERROR:device_event_log_impl.cc(196)] [09:23:32.600] USB: usb_service_win.cc:105 SetupDiGetDeviceProperty({{A45C254E-DF1C-4EFD-8020-67D146A850E0}, 6}) failed: 要素が見つかりません。 (0x490)
[22200:15852:0729/092335.697:VERBOSE1:device_event_log_impl.cc(198)] [09:23:35.697] Display: EVENT: screen_win.cc:893 Displays updated, count: 1
[22200:15852:0729/092335.697:VERBOSE1:device_event_log_impl.cc(198)] [09:23:35.697] Display: EVENT: screen_win.cc:895 Display[3557315901] bounds=[0,0 1920x1080], workarea=[0,0 1920x1080], scale=1, rotation=0, panel_rotation=0 external detected
[22200:6092:0729/092343.432:VERBOSE1:media_stream_manager.cc(1533)] MSPL::OnSpeedLimitChange({this=000058AC001BAD40}, {new_limit=76})
[22200:6092:0729/092346.431:VERBOSE1:media_stream_manager.cc(1533)] MSPL::OnSpeedLimitChange({this=000058AC001BAD40}, {new_limit=75})
[22200:6092:0729/092347.439:VERBOSE1:media_stream_manager.cc(1533)] MSPL::OnSpeedLimitChange({this=000058AC001BAD40}, {new_limit=73})
[22200:6092:0729/092350.445:VERBOSE1:media_stream_manager.cc(1533)] MSPL::OnSpeedLimitChange({this=000058AC001BAD40}, {new_limit=71})
[22200:6092:0729/092352.426:VERBOSE1:media_stream_manager.cc(1533)] MSPL::OnSpeedLimitChange({this=000058AC001BAD40}, {new_limit=72})
[22200:6092:0729/092353.432:VERBOSE1:media_stream_manager.cc(1533)] MSPL::OnSpeedLimitChange({this=000058AC001BAD40}, {new_limit=74})
[22200:6092:0729/092354.438:VERBOSE1:media_stream_manager.cc(1533)] MSPL::OnSpeedLimitChange({this=000058AC001BAD40}, {new_limit=72})
[22200:6092:0729/092357.430:VERBOSE1:media_stream_manager.cc(1533)] MSPL::OnSpeedLimitChange({this=000058AC001BAD40}, {new_limit=74})
[22200:6092:0729/092358.449:VERBOSE1:media_stream_manager.cc(1533)] MSPL::OnSpeedLimitChange({this=000058AC001BAD40}, {new_limit=77})
[22200:6092:0729/092400.443:VERBOSE1:media_stream_manager.cc(1533)] MSPL::OnSpeedLimitChange({this=000058AC001BAD40}, {new_limit=79})
[22200:6092:0729/092402.646:VERBOSE1:media_stream_manager.cc(1533)] MSPL::OnSpeedLimitChange({this=000058AC001BAD40}, {new_limit=100})
[22200:15852:0729/092405.937:VERBOSE1:device_event_log_impl.cc(198)] [09:24:05.937] Display: EVENT: screen_win.cc:893 Displays updated, count: 1
[22200:15852:0729/092405.937:VERBOSE1:device_event_log_impl.cc(198)] [09:24:05.937] Display: EVENT: screen_win.cc:895 Display[3557315901] bounds=[0,0 1920x1080], workarea=[0,0 1920x1080], scale=1, rotation=0, panel_rotation=0 external detected
[22200:6092:0729/092416.450:VERBOSE1:media_stream_manager.cc(1533)] MSPL::OnSpeedLimitChange({this=000058AC001BAD40}, {new_limit=84})
[22200:6092:0729/092417.469:VERBOSE1:media_stream_manager.cc(1533)] MSPL::OnSpeedLimitChange({this=000058AC001BAD40}, {new_limit=100})
[22200:6092:0729/092427.448:VERBOSE1:media_stream_manager.cc(1533)] MSPL::OnSpeedLimitChange({this=000058AC001BAD40}, {new_limit=83})
[22200:6092:0729/092429.458:VERBOSE1:media_stream_manager.cc(1533)] MSPL::OnSpeedLimitChange({this=000058AC001BAD40}, {new_limit=82})
[22200:6092:0729/092430.711:VERBOSE1:media_stream_manager.cc(1533)] MSPL::OnSpeedLimitChange({this=000058AC001BAD40}, {new_limit=100})
[22200:15852:0729/092527.551:VERBOSE1:device_event_log_impl.cc(198)] [09:25:27.551] Display: EVENT: screen_win.cc:893 Displays updated, count: 1
[22200:15852:0729/092527.551:VERBOSE1:device_event_log_impl.cc(198)] [09:25:27.551] Display: EVENT: screen_win.cc:895 Display[3557315901] bounds=[0,0 1920x1080], workarea=[0,0 1920x1080], scale=1, rotation=0, panel_rotation=0 external detected
[22200:15852:0729/092535.594:VERBOSE1:device_event_log_impl.cc(198)] [09:25:35.594] Display: EVENT: screen_win.cc:893 Displays updated, count: 1
[22200:15852:0729/092535.594:VERBOSE1:device_event_log_impl.cc(198)] [09:25:35.594] Display: EVENT: screen_win.cc:895 Display[3557315901] bounds=[0,0 1920x1080], workarea=[0,0 1920x1080], scale=1, rotation=0, panel_rotation=0 external detected
[22200:15852:0729/092538.337:VERBOSE1:device_event_log_impl.cc(198)] [09:25:38.336] Display: EVENT: screen_win.cc:893 Displays updated, count: 1
[22200:15852:0729/092538.337:VERBOSE1:device_event_log_impl.cc(198)] [09:25:38.336] Display: EVENT: screen_win.cc:895 Display[3557315901] bounds=[0,0 1920x1080], workarea=[0,0 1920x1080], scale=1, rotation=0, panel_rotation=0 external detected
[22200:6092:0729/092548.489:VERBOSE1:media_stream_manager.cc(1533)] MSPL::OnSpeedLimitChange({this=000058AC001BAD40}, {new_limit=82})
[22200:6092:0729/092550.487:VERBOSE1:media_stream_manager.cc(1533)] MSPL::OnSpeedLimitChange({this=000058AC001BAD40}, {new_limit=83})
[22200:6092:0729/092552.481:VERBOSE1:media_stream_manager.cc(1533)] MSPL::OnSpeedLimitChange({this=000058AC001BAD40}, {new_limit=84})
[22200:6092:0729/092554.480:VERBOSE1:media_stream_manager.cc(1533)] MSPL::OnSpeedLimitChange({this=000058AC001BAD40}, {new_limit=85})
[22200:6092:0729/092555.492:VERBOSE1:media_stream_manager.cc(1533)] MSPL::OnSpeedLimitChange({this=000058AC001BAD40}, {new_limit=84})
[22200:6092:0729/092558.489:VERBOSE1:media_stream_manager.cc(1533)] MSPL::OnSpeedLimitChange({this=000058AC001BAD40}, {new_limit=85})
[22200:6092:0729/092600.479:VERBOSE1:media_stream_manager.cc(1533)] MSPL::OnSpeedLimitChange({this=000058AC001BAD40}, {new_limit=84})
[22200:6092:0729/092603.484:VERBOSE1:media_stream_manager.cc(1533)] MSPL::OnSpeedLimitChange({this=000058AC001BAD40}, {new_limit=85})
[22200:6092:0729/092611.494:VERBOSE1:media_stream_manager.cc(1533)] MSPL::OnSpeedLimitChange({this=000058AC001BAD40}, {new_limit=84})
[22200:6092:0729/092614.495:VERBOSE1:media_stream_manager.cc(1533)] MSPL::OnSpeedLimitChange({this=000058AC001BAD40}, {new_limit=83})
[22200:6092:0729/092618.487:VERBOSE1:media_stream_manager.cc(1533)] MSPL::OnSpeedLimitChange({this=000058AC001BAD40}, {new_limit=82})
[22200:6092:0729/092626.530:VERBOSE1:media_stream_manager.cc(1533)] MSPL::OnSpeedLimitChange({this=000058AC001BAD40}, {new_limit=100})
[22200:15852:0729/092632.048:VERBOSE1:device_event_log_impl.cc(198)] [09:26:32.048] Display: EVENT: screen_win.cc:893 Displays updated, count: 1
[22200:15852:0729/092632.048:VERBOSE1:device_event_log_impl.cc(198)] [09:26:32.048] Display: EVENT: screen_win.cc:895 Display[3557315901] bounds=[0,0 1920x1080], workarea=[0,0 1920x1080], scale=1, rotation=0, panel_rotation=0 external detected
[22200:6092:0729/092642.504:VERBOSE1:media_stream_manager.cc(1533)] MSPL::OnSpeedLimitChange({this=000058AC001BAD40}, {new_limit=86})
[22200:6092:0729/092645.639:VERBOSE1:media_stream_manager.cc(1533)] MSPL::OnSpeedLimitChange({this=000058AC001BAD40}, {new_limit=100})
[22200:15852:0729/092712.672:VERBOSE1:device_event_log_impl.cc(198)] [09:27:12.672] Display: EVENT: screen_win.cc:893 Displays updated, count: 1
[22200:15852:0729/092712.672:VERBOSE1:device_event_log_impl.cc(198)] [09:27:12.672] Display: EVENT: screen_win.cc:895 Display[3557315901] bounds=[0,0 1920x1080], workarea=[0,0 1920x1080], scale=1, rotation=0, panel_rotation=0 external detected
[22200:15852:0729/092718.856:VERBOSE1:device_event_log_impl.cc(198)] [09:27:18.856] Display: EVENT: screen_win.cc:893 Displays updated, count: 1
[22200:15852:0729/092718.857:VERBOSE1:device_event_log_impl.cc(198)] [09:27:18.856] Display: EVENT: screen_win.cc:895 Display[3557315901] bounds=[0,0 1920x1080], workarea=[0,0 1920x1080], scale=1, rotation=0, panel_rotation=0 external detected
[22200:6092:0729/092723.515:VERBOSE1:media_stream_manager.cc(1533)] MSPL::OnSpeedLimitChange({this=000058AC001BAD40}, {new_limit=84})
[22200:6092:0729/092724.535:VERBOSE1:media_stream_manager.cc(1533)] MSPL::OnSpeedLimitChange({this=000058AC001BAD40}, {new_limit=100})
[22200:15852:0729/092728.067:VERBOSE1:device_event_log_impl.cc(198)] [09:27:28.067] Display: EVENT: screen_win.cc:893 Displays updated, count: 1
[22200:15852:0729/092728.067:VERBOSE1:device_event_log_impl.cc(198)] [09:27:28.067] Display: EVENT: screen_win.cc:895 Display[3557315901] bounds=[0,0 1920x1080], workarea=[0,0 1920x1080], scale=1, rotation=0, panel_rotation=0 external detected
[22200:15852:0729/092825.482:VERBOSE1:device_event_log_impl.cc(198)] [09:28:25.483] Display: EVENT: screen_win.cc:893 Displays updated, count: 1
[22200:15852:0729/092825.483:VERBOSE1:device_event_log_impl.cc(198)] [09:28:25.483] Display: EVENT: screen_win.cc:895 Display[3557315901] bounds=[0,0 1920x1080], workarea=[0,0 1920x1080], scale=1, rotation=0, panel_rotation=0 external detected
[22200:15852:0729/092833.637:VERBOSE1:device_event_log_impl.cc(198)] [09:28:33.637] Display: EVENT: screen_win.cc:893 Displays updated, count: 1
[22200:15852:0729/092833.637:VERBOSE1:device_event_log_impl.cc(198)] [09:28:33.637] Display: EVENT: screen_win.cc:895 Display[3557315901] bounds=[0,0 1920x1080], workarea=[0,0 1920x1080], scale=1, rotation=0, panel_rotation=0 external detected
[22200:15852:0729/092843.876:VERBOSE1:device_event_log_impl.cc(198)] [09:28:43.876] Display: EVENT: screen_win.cc:893 Displays updated, count: 1
[22200:15852:0729/092843.876:VERBOSE1:device_event_log_impl.cc(198)] [09:28:43.876] Display: EVENT: screen_win.cc:895 Display[3557315901] bounds=[0,0 1920x1080], workarea=[0,0 1920x1080], scale=1, rotation=0, panel_rotation=0 external detected
[22200:15852:0729/092906.258:VERBOSE1:device_event_log_impl.cc(198)] [09:29:06.258] Display: EVENT: screen_win.cc:893 Displays updated, count: 1
[22200:15852:0729/092906.258:VERBOSE1:device_event_log_impl.cc(198)] [09:29:06.258] Display: EVENT: screen_win.cc:895 Display[3557315901] bounds=[0,0 1920x1080], workarea=[0,0 1920x1080], scale=1, rotation=0, panel_rotation=0 external detected
[22200:6092:0729/092916.568:VERBOSE1:media_stream_manager.cc(1533)] MSPL::OnSpeedLimitChange({this=000058AC001BAD40}, {new_limit=85})
[22200:6092:0729/092917.737:VERBOSE1:media_stream_manager.cc(1533)] MSPL::OnSpeedLimitChange({this=000058AC001BAD40}, {new_limit=100})
[22200:15852:0729/092920.660:VERBOSE1:device_event_log_impl.cc(198)] [09:29:20.660] Display: EVENT: screen_win.cc:893 Displays updated, count: 1
[22200:15852:0729/092920.660:VERBOSE1:device_event_log_impl.cc(198)] [09:29:20.661] Display: EVENT: screen_win.cc:895 Display[3557315901] bounds=[0,0 1920x1080], workarea=[0,0 1920x1080], scale=1, rotation=0, panel_rotation=0 external detected
[22200:6092:0729/092930.569:VERBOSE1:media_stream_manager.cc(1533)] MSPL::OnSpeedLimitChange({this=000058AC001BAD40}, {new_limit=81})
[22200:6092:0729/092932.619:VERBOSE1:media_stream_manager.cc(1533)] MSPL::OnSpeedLimitChange({this=000058AC001BAD40}, {new_limit=100})
[22200:15852:0729/092945.324:VERBOSE1:device_event_log_impl.cc(198)] [09:29:45.324] Display: EVENT: screen_win.cc:893 Displays updated, count: 1
[22200:15852:0729/092945.324:VERBOSE1:device_event_log_impl.cc(198)] [09:29:45.324] Display: EVENT: screen_win.cc:895 Display[3557315901] bounds=[0,0 1920x1080], workarea=[0,0 1920x1080], scale=1, rotation=0, panel_rotation=0 external detected
[22200:15852:0729/092952.812:VERBOSE1:device_event_log_impl.cc(198)] [09:29:52.812] Display: EVENT: screen_win.cc:893 Displays updated, count: 1
[22200:15852:0729/092952.812:VERBOSE1:device_event_log_impl.cc(198)] [09:29:52.812] Display: EVENT: screen_win.cc:895 Display[3557315901] bounds=[0,0 1920x1080], workarea=[0,0 1920x1080], scale=1, rotation=0, panel_rotation=0 external detected
[22200:15852:0729/092959.208:VERBOSE1:device_event_log_impl.cc(198)] [09:29:59.208] Display: EVENT: screen_win.cc:893 Displays updated, count: 1
[22200:15852:0729/092959.208:VERBOSE1:device_event_log_impl.cc(198)] [09:29:59.208] Display: EVENT: screen_win.cc:895 Display[3557315901] bounds=[0,0 1920x1080], workarea=[0,0 1920x1080], scale=1, rotation=0, panel_rotation=0 external detected
[22200:15852:0729/093003.778:VERBOSE1:device_event_log_impl.cc(198)] [09:30:03.778] Display: EVENT: screen_win.cc:893 Displays updated, count: 1
[22200:15852:0729/093003.778:VERBOSE1:device_event_log_impl.cc(198)] [09:30:03.778] Display: EVENT: screen_win.cc:895 Display[3557315901] bounds=[0,0 1920x1080], workarea=[0,0 1920x1080], scale=1, rotation=0, panel_rotation=0 external detected
[22200:15852:0729/093135.588:VERBOSE1:device_event_log_impl.cc(198)] [09:31:35.588] Display: EVENT: screen_win.cc:893 Displays updated, count: 1
[22200:15852:0729/093135.588:VERBOSE1:device_event_log_impl.cc(198)] [09:31:35.588] Display: EVENT: screen_win.cc:895 Display[3557315901] bounds=[0,0 1920x1080], workarea=[0,0 1920x1080], scale=1, rotation=0, panel_rotation=0 external detected
[22200:15852:0729/093142.449:VERBOSE1:device_event_log_impl.cc(198)] [09:31:42.449] Display: EVENT: screen_win.cc:893 Displays updated, count: 1
[22200:15852:0729/093142.449:VERBOSE1:device_event_log_impl.cc(198)] [09:31:42.449] Display: EVENT: screen_win.cc:895 Display[3557315901] bounds=[0,0 1920x1080], workarea=[0,0 1920x1080], scale=1, rotation=0, panel_rotation=0 external detected
[22200:15852:0729/093150.203:VERBOSE1:device_event_log_impl.cc(198)] [09:31:50.203] Display: EVENT: screen_win.cc:893 Displays updated, count: 1
[22200:15852:0729/093150.203:VERBOSE1:device_event_log_impl.cc(198)] [09:31:50.203] Display: EVENT: screen_win.cc:895 Display[3557315901] bounds=[0,0 1920x1080], workarea=[0,0 1920x1080], scale=1, rotation=0, panel_rotation=0 external detected
[22200:6092:0729/093152.638:VERBOSE1:media_stream_manager.cc(1533)] MSPL::OnSpeedLimitChange({this=000058AC001BAD40}, {new_limit=82})
[22200:6092:0729/093200.646:VERBOSE1:media_stream_manager.cc(1533)] MSPL::OnSpeedLimitChange({this=000058AC001BAD40}, {new_limit=81})
[22200:6092:0729/093205.644:VERBOSE1:media_stream_manager.cc(1533)] MSPL::OnSpeedLimitChange({this=000058AC001BAD40}, {new_limit=82})
[22200:6092:0729/093206.645:VERBOSE1:media_stream_manager.cc(1533)] MSPL::OnSpeedLimitChange({this=000058AC001BAD40}, {new_limit=81})
[22200:6092:0729/093230.650:VERBOSE1:media_stream_manager.cc(1533)] MSPL::OnSpeedLimitChange({this=000058AC001BAD40}, {new_limit=82})
[22200:6092:0729/093241.656:VERBOSE1:media_stream_manager.cc(1533)] MSPL::OnSpeedLimitChange({this=000058AC001BAD40}, {new_limit=81})
[22200:6092:0729/093243.659:VERBOSE1:media_stream_manager.cc(1533)] MSPL::OnSpeedLimitChange({this=000058AC001BAD40}, {new_limit=82})
[22200:6092:0729/093244.656:VERBOSE1:media_stream_manager.cc(1533)] MSPL::OnSpeedLimitChange({this=000058AC001BAD40}, {new_limit=81})
[22200:6092:0729/093251.658:VERBOSE1:media_stream_manager.cc(1533)] MSPL::OnSpeedLimitChange({this=000058AC001BAD40}, {new_limit=100})
[22200:6092:0729/093301.667:VERBOSE1:media_stream_manager.cc(1533)] MSPL::OnSpeedLimitChange({this=000058AC001BAD40}, {new_limit=83})
[22200:6092:0729/093302.717:VERBOSE1:media_stream_manager.cc(1533)] MSPL::OnSpeedLimitChange({this=000058AC001BAD40}, {new_limit=100})
[22200:15852:0729/093341.897:VERBOSE1:device_event_log_impl.cc(198)] [09:33:41.897] Display: EVENT: screen_win.cc:893 Displays updated, count: 1
[22200:15852:0729/093341.897:VERBOSE1:device_event_log_impl.cc(198)] [09:33:41.897] Display: EVENT: screen_win.cc:895 Display[3557315901] bounds=[0,0 1920x1080], workarea=[0,0 1920x1080], scale=1, rotation=0, panel_rotation=0 external detected
[22200:15852:0729/093343.605:VERBOSE1:device_event_log_impl.cc(198)] [09:33:43.606] Display: EVENT: screen_win.cc:893 Displays updated, count: 1
[22200:15852:0729/093343.606:VERBOSE1:device_event_log_impl.cc(198)] [09:33:43.606] Display: EVENT: screen_win.cc:895 Display[3557315901] bounds=[0,0 1920x1080], workarea=[0,0 1920x1080], scale=1, rotation=0, panel_rotation=0 external detected
[22200:15852:0729/093350.549:VERBOSE1:device_event_log_impl.cc(198)] [09:33:50.549] Display: EVENT: screen_win.cc:893 Displays updated, count: 1
[22200:15852:0729/093350.549:VERBOSE1:device_event_log_impl.cc(198)] [09:33:50.549] Display: EVENT: screen_win.cc:895 Display[3557315901] bounds=[0,0 1920x1080], workarea=[0,0 1920x1080], scale=1, rotation=0, panel_rotation=0 external detected
[22200:15852:0729/093353.548:VERBOSE1:device_event_log_impl.cc(198)] [09:33:53.548] Display: EVENT: screen_win.cc:893 Displays updated, count: 1
[22200:15852:0729/093353.548:VERBOSE1:device_event_log_impl.cc(198)] [09:33:53.548] Display: EVENT: screen_win.cc:895 Display[3557315901] bounds=[0,0 1920x1080], workarea=[0,0 1920x1080], scale=1, rotation=0, panel_rotation=0 external detected
[22200:15852:0729/093358.824:VERBOSE1:device_event_log_impl.cc(198)] [09:33:58.824] Display: EVENT: screen_win.cc:893 Displays updated, count: 1
[22200:15852:0729/093358.824:VERBOSE1:device_event_log_impl.cc(198)] [09:33:58.824] Display: EVENT: screen_win.cc:895 Display[3557315901] bounds=[0,0 1920x1080], workarea=[0,0 1920x1080], scale=1, rotation=0, panel_rotation=0 external detected
[22200:15852:0729/093402.465:VERBOSE1:device_event_log_impl.cc(198)] [09:34:02.465] Display: EVENT: screen_win.cc:893 Displays updated, count: 1
[22200:15852:0729/093402.465:VERBOSE1:device_event_log_impl.cc(198)] [09:34:02.465] Display: EVENT: screen_win.cc:895 Display[3557315901] bounds=[0,0 1920x1080], workarea=[0,0 1920x1080], scale=1, rotation=0, panel_rotation=0 external detected
[22200:15852:0729/093404.430:VERBOSE1:device_event_log_impl.cc(198)] [09:34:04.430] Display: EVENT: screen_win.cc:893 Displays updated, count: 1
[22200:15852:0729/093404.430:VERBOSE1:device_event_log_impl.cc(198)] [09:34:04.430] Display: EVENT: screen_win.cc:895 Display[3557315901] bounds=[0,0 1920x1080], workarea=[0,0 1920x1080], scale=1, rotation=0, panel_rotation=0 external detected
[22200:15852:0729/093454.855:VERBOSE1:device_event_log_impl.cc(198)] [09:34:54.855] Display: EVENT: screen_win.cc:893 Displays updated, count: 1
[22200:15852:0729/093454.855:VERBOSE1:device_event_log_impl.cc(198)] [09:34:54.855] Display: EVENT: screen_win.cc:895 Display[3557315901] bounds=[0,0 1920x1080], workarea=[0,0 1920x1080], scale=1, rotation=0, panel_rotation=0 external detected
[22200:6092:0729/093505.723:VERBOSE1:media_stream_manager.cc(1533)] MSPL::OnSpeedLimitChange({this=000058AC001BAD40}, {new_limit=83})
[22200:6092:0729/093506.730:VERBOSE1:media_stream_manager.cc(1533)] MSPL::OnSpeedLimitChange({this=000058AC001BAD40}, {new_limit=84})
[22200:6092:0729/093510.716:VERBOSE1:media_stream_manager.cc(1533)] MSPL::OnSpeedLimitChange({this=000058AC001BAD40}, {new_limit=85})
[22200:6092:0729/093513.724:VERBOSE1:media_stream_manager.cc(1533)] MSPL::OnSpeedLimitChange({this=000058AC001BAD40}, {new_limit=86})
[22200:6092:0729/093517.721:VERBOSE1:media_stream_manager.cc(1533)] MSPL::OnSpeedLimitChange({this=000058AC001BAD40}, {new_limit=100})
[22200:6092:0729/093527.724:VERBOSE1:media_stream_manager.cc(1533)] MSPL::OnSpeedLimitChange({this=000058AC001BAD40}, {new_limit=87})
[22200:6092:0729/093528.733:VERBOSE1:media_stream_manager.cc(1533)] MSPL::OnSpeedLimitChange({this=000058AC001BAD40}, {new_limit=100})
[22200:6092:0729/093554.739:VERBOSE1:media_stream_manager.cc(1533)] MSPL::OnSpeedLimitChange({this=000058AC001BAD40}, {new_limit=84})
[22200:6092:0729/093556.742:VERBOSE1:media_stream_manager.cc(1533)] MSPL::OnSpeedLimitChange({this=000058AC001BAD40}, {new_limit=83})
[22200:6092:0729/093557.742:VERBOSE1:media_stream_manager.cc(1533)] MSPL::OnSpeedLimitChange({this=000058AC001BAD40}, {new_limit=84})
[22200:6092:0729/093558.742:VERBOSE1:media_stream_manager.cc(1533)] MSPL::OnSpeedLimitChange({this=000058AC001BAD40}, {new_limit=83})
[22200:6092:0729/093602.742:VERBOSE1:media_stream_manager.cc(1533)] MSPL::OnSpeedLimitChange({this=000058AC001BAD40}, {new_limit=82})
[22200:6092:0729/093603.742:VERBOSE1:media_stream_manager.cc(1533)] MSPL::OnSpeedLimitChange({this=000058AC001BAD40}, {new_limit=83})
[22200:6092:0729/093604.742:VERBOSE1:media_stream_manager.cc(1533)] MSPL::OnSpeedLimitChange({this=000058AC001BAD40}, {new_limit=82})
[22200:6092:0729/093607.740:VERBOSE1:media_stream_manager.cc(1533)] MSPL::OnSpeedLimitChange({this=000058AC001BAD40}, {new_limit=83})
[22200:6092:0729/093608.748:VERBOSE1:media_stream_manager.cc(1533)] MSPL::OnSpeedLimitChange({this=000058AC001BAD40}, {new_limit=100})
[22200:6092:0729/093626.755:VERBOSE1:media_stream_manager.cc(1533)] MSPL::OnSpeedLimitChange({this=000058AC001BAD40}, {new_limit=84})
[22200:6092:0729/093627.755:VERBOSE1:media_stream_manager.cc(1533)] MSPL::OnSpeedLimitChange({this=000058AC001BAD40}, {new_limit=100})
[22200:15852:0729/093632.950:VERBOSE1:device_event_log_impl.cc(198)] [09:36:32.949] Display: EVENT: screen_win.cc:893 Displays updated, count: 1
[22200:15852:0729/093632.950:VERBOSE1:device_event_log_impl.cc(198)] [09:36:32.949] Display: EVENT: screen_win.cc:895 Display[3557315901] bounds=[0,0 1920x1080], workarea=[0,0 1920x1080], scale=1, rotation=0, panel_rotation=0 external detected
[22200:15852:0729/095354.619:VERBOSE1:device_event_log_impl.cc(198)] [09:53:54.619] Display: EVENT: screen_win.cc:893 Displays updated, count: 1
[22200:15852:0729/095354.620:VERBOSE1:device_event_log_impl.cc(198)] [09:53:54.620] Display: EVENT: screen_win.cc:895 Display[3557315901] bounds=[0,0 1920x1080], workarea=[0,0 1920x1080], scale=1, rotation=0, panel_rotation=0 external detected
[22200:15852:0729/095403.601:VERBOSE1:device_event_log_impl.cc(198)] [09:54:03.601] Display: EVENT: screen_win.cc:893 Displays updated, count: 1
[22200:15852:0729/095403.601:VERBOSE1:device_event_log_impl.cc(198)] [09:54:03.601] Display: EVENT: screen_win.cc:895 Display[3557315901] bounds=[0,0 1920x1080], workarea=[0,0 1920x1080], scale=1, rotation=0, panel_rotation=0 external detected
[22200:15852:0729/095407.381:VERBOSE1:device_event_log_impl.cc(198)] [09:54:07.381] Display: EVENT: screen_win.cc:893 Displays updated, count: 1
[22200:15852:0729/095407.381:VERBOSE1:device_event_log_impl.cc(198)] [09:54:07.382] Display: EVENT: screen_win.cc:895 Display[3557315901] bounds=[0,0 1920x1080], workarea=[0,0 1920x1080], scale=1, rotation=0, panel_rotation=0 external detected
[22200:15852:0729/095414.266:VERBOSE1:device_event_log_impl.cc(198)] [09:54:14.266] Display: EVENT: screen_win.cc:893 Displays updated, count: 1
[22200:15852:0729/095414.266:VERBOSE1:device_event_log_impl.cc(198)] [09:54:14.267] Display: EVENT: screen_win.cc:895 Display[3557315901] bounds=[0,0 1920x1080], workarea=[0,0 1920x1080], scale=1, rotation=0, panel_rotation=0 external detected
[22200:15852:0729/095421.554:VERBOSE1:device_event_log_impl.cc(198)] [09:54:21.554] Display: EVENT: screen_win.cc:893 Displays updated, count: 1
[22200:15852:0729/095421.554:VERBOSE1:device_event_log_impl.cc(198)] [09:54:21.554] Display: EVENT: screen_win.cc:895 Display[3557315901] bounds=[0,0 1920x1080], workarea=[0,0 1920x1080], scale=1, rotation=0, panel_rotation=0 external detected
[22200:6092:0729/095437.227:VERBOSE1:media_stream_manager.cc(1533)] MSPL::OnSpeedLimitChange({this=000058AC001BAD40}, {new_limit=85})
[22200:6092:0729/095439.226:VERBOSE1:media_stream_manager.cc(1533)] MSPL::OnSpeedLimitChange({this=000058AC001BAD40}, {new_limit=84})
[22200:6092:0729/095442.231:VERBOSE1:media_stream_manager.cc(1533)] MSPL::OnSpeedLimitChange({this=000058AC001BAD40}, {new_limit=83})
[22200:6092:0729/095443.335:VERBOSE1:media_stream_manager.cc(1533)] MSPL::OnSpeedLimitChange({this=000058AC001BAD40}, {new_limit=100})
[22200:15852:0729/095444.091:VERBOSE1:device_event_log_impl.cc(198)] [09:54:44.091] Display: EVENT: screen_win.cc:893 Displays updated, count: 1
[22200:15852:0729/095444.091:VERBOSE1:device_event_log_impl.cc(198)] [09:54:44.091] Display: EVENT: screen_win.cc:895 Display[3557315901] bounds=[0,0 1920x1080], workarea=[0,0 1920x1080], scale=1, rotation=0, panel_rotation=0 external detected
[22200:15852:0729/095520.506:VERBOSE1:device_event_log_impl.cc(198)] [09:55:20.506] Display: EVENT: screen_win.cc:893 Displays updated, count: 1
[22200:15852:0729/095520.506:VERBOSE1:device_event_log_impl.cc(198)] [09:55:20.506] Display: EVENT: screen_win.cc:895 Display[3557315901] bounds=[0,0 1920x1080], workarea=[0,0 1920x1080], scale=1, rotation=0, panel_rotation=0 external detected
[22200:6092:0729/095531.245:VERBOSE1:media_stream_manager.cc(1533)] MSPL::OnSpeedLimitChange({this=000058AC001BAD40}, {new_limit=85})
[22200:6092:0729/095532.249:VERBOSE1:media_stream_manager.cc(1533)] MSPL::OnSpeedLimitChange({this=000058AC001BAD40}, {new_limit=84})
[22200:6092:0729/095539.254:VERBOSE1:media_stream_manager.cc(1533)] MSPL::OnSpeedLimitChange({this=000058AC001BAD40}, {new_limit=83})
[22200:6092:0729/095541.256:VERBOSE1:media_stream_manager.cc(1533)] MSPL::OnSpeedLimitChange({this=000058AC001BAD40}, {new_limit=82})
[22200:6092:0729/095542.255:VERBOSE1:media_stream_manager.cc(1533)] MSPL::OnSpeedLimitChange({this=000058AC001BAD40}, {new_limit=83})
[22200:6092:0729/095544.419:VERBOSE1:media_stream_manager.cc(1533)] MSPL::OnSpeedLimitChange({this=000058AC001BAD40}, {new_limit=100})
[22200:15852:0729/095547.634:VERBOSE1:device_event_log_impl.cc(198)] [09:55:47.634] Display: EVENT: screen_win.cc:893 Displays updated, count: 1
[22200:15852:0729/095547.634:VERBOSE1:device_event_log_impl.cc(198)] [09:55:47.634] Display: EVENT: screen_win.cc:895 Display[3557315901] bounds=[0,0 1920x1080], workarea=[0,0 1920x1080], scale=1, rotation=0, panel_rotation=0 external detected
[22200:15852:0729/095612.425:VERBOSE1:device_event_log_impl.cc(198)] [09:56:12.425] Display: EVENT: screen_win.cc:893 Displays updated, count: 1
[22200:15852:0729/095612.425:VERBOSE1:device_event_log_impl.cc(198)] [09:56:12.425] Display: EVENT: screen_win.cc:895 Display[3557315901] bounds=[0,0 1920x1080], workarea=[0,0 1920x1080], scale=1, rotation=0, panel_rotation=0 external detected
[22200:15852:0729/095618.569:VERBOSE1:device_event_log_impl.cc(198)] [09:56:18.569] Display: EVENT: screen_win.cc:893 Displays updated, count: 1
[22200:15852:0729/095618.569:VERBOSE1:device_event_log_impl.cc(198)] [09:56:18.569] Display: EVENT: screen_win.cc:895 Display[3557315901] bounds=[0,0 1920x1080], workarea=[0,0 1920x1080], scale=1, rotation=0, panel_rotation=0 external detected
[22200:15852:0729/095629.682:VERBOSE1:device_event_log_impl.cc(198)] [09:56:29.683] Display: EVENT: screen_win.cc:893 Displays updated, count: 1
[22200:15852:0729/095629.683:VERBOSE1:device_event_log_impl.cc(198)] [09:56:29.683] Display: EVENT: screen_win.cc:895 Display[3557315901] bounds=[0,0 1920x1080], workarea=[0,0 1920x1080], scale=1, rotation=0, panel_rotation=0 external detected
[22200:6092:0729/095640.279:VERBOSE1:media_stream_manager.cc(1533)] MSPL::OnSpeedLimitChange({this=000058AC001BAD40}, {new_limit=84})
[22200:6092:0729/095641.477:VERBOSE1:media_stream_manager.cc(1533)] MSPL::OnSpeedLimitChange({this=000058AC001BAD40}, {new_limit=100})
[22200:15852:0729/095644.698:VERBOSE1:device_event_log_impl.cc(198)] [09:56:44.698] Display: EVENT: screen_win.cc:893 Displays updated, count: 1
[22200:15852:0729/095644.698:VERBOSE1:device_event_log_impl.cc(198)] [09:56:44.698] Display: EVENT: screen_win.cc:895 Display[3557315901] bounds=[0,0 1920x1080], workarea=[0,0 1920x1080], scale=1, rotation=0, panel_rotation=0 external detected
[22200:15852:0729/095653.739:VERBOSE1:device_event_log_impl.cc(198)] [09:56:53.740] Display: EVENT: screen_win.cc:893 Displays updated, count: 1
[22200:15852:0729/095653.740:VERBOSE1:device_event_log_impl.cc(198)] [09:56:53.740] Display: EVENT: screen_win.cc:895 Display[3557315901] bounds=[0,0 1920x1080], workarea=[0,0 1920x1080], scale=1, rotation=0, panel_rotation=0 external detected
[22200:15852:0729/095705.954:VERBOSE1:device_event_log_impl.cc(198)] [09:57:05.954] Display: EVENT: screen_win.cc:893 Displays updated, count: 1
[22200:15852:0729/095705.954:VERBOSE1:device_event_log_impl.cc(198)] [09:57:05.954] Display: EVENT: screen_win.cc:895 Display[3557315901] bounds=[0,0 1920x1080], workarea=[0,0 1920x1080], scale=1, rotation=0, panel_rotation=0 external detected
[22200:15852:0729/095709.225:VERBOSE1:device_event_log_impl.cc(198)] [09:57:09.225] Display: EVENT: screen_win.cc:893 Displays updated, count: 1
[22200:15852:0729/095709.225:VERBOSE1:device_event_log_impl.cc(198)] [09:57:09.225] Display: EVENT: screen_win.cc:895 Display[3557315901] bounds=[0,0 1920x1080], workarea=[0,0 1920x1080], scale=1, rotation=0, panel_rotation=0 external detected
[22200:15852:0729/095732.759:VERBOSE1:device_event_log_impl.cc(198)] [09:57:32.759] Display: EVENT: screen_win.cc:893 Displays updated, count: 1
[22200:15852:0729/095732.759:VERBOSE1:device_event_log_impl.cc(198)] [09:57:32.759] Display: EVENT: screen_win.cc:895 Display[3557315901] bounds=[0,0 1920x1080], workarea=[0,0 1920x1080], scale=1, rotation=0, panel_rotation=0 external detected
[22200:15852:0729/095740.378:VERBOSE1:device_event_log_impl.cc(198)] [09:57:40.378] Display: EVENT: screen_win.cc:893 Displays updated, count: 1
[22200:15852:0729/095740.378:VERBOSE1:device_event_log_impl.cc(198)] [09:57:40.378] Display: EVENT: screen_win.cc:895 Display[3557315901] bounds=[0,0 1920x1080], workarea=[0,0 1920x1080], scale=1, rotation=0, panel_rotation=0 external detected
[22200:6092:0729/095751.299:VERBOSE1:media_stream_manager.cc(1533)] MSPL::OnSpeedLimitChange({this=000058AC001BAD40}, {new_limit=83})
[22200:6092:0729/095752.608:VERBOSE1:media_stream_manager.cc(1533)] MSPL::OnSpeedLimitChange({this=000058AC001BAD40}, {new_limit=100})
[22200:15852:0729/095754.873:VERBOSE1:device_event_log_impl.cc(198)] [09:57:54.874] Display: EVENT: screen_win.cc:893 Displays updated, count: 1
[22200:15852:0729/095754.873:VERBOSE1:device_event_log_impl.cc(198)] [09:57:54.874] Display: EVENT: screen_win.cc:895 Display[3557315901] bounds=[0,0 1920x1080], workarea=[0,0 1920x1080], scale=1, rotation=0, panel_rotation=0 external detected
[22200:6092:0729/095805.308:VERBOSE1:media_stream_manager.cc(1533)] MSPL::OnSpeedLimitChange({this=000058AC001BAD40}, {new_limit=84})
[22200:6092:0729/095806.367:VERBOSE1:media_stream_manager.cc(1533)] MSPL::OnSpeedLimitChange({this=000058AC001BAD40}, {new_limit=100})
[22200:15852:0729/095808.537:VERBOSE1:device_event_log_impl.cc(198)] [09:58:08.538] Display: EVENT: screen_win.cc:893 Displays updated, count: 1
[22200:15852:0729/095808.537:VERBOSE1:device_event_log_impl.cc(198)] [09:58:08.538] Display: EVENT: screen_win.cc:895 Display[3557315901] bounds=[0,0 1920x1080], workarea=[0,0 1920x1080], scale=1, rotation=0, panel_rotation=0 external detected
[22200:15852:0729/095823.299:VERBOSE1:device_event_log_impl.cc(198)] [09:58:23.300] Display: EVENT: screen_win.cc:893 Displays updated, count: 1
[22200:15852:0729/095823.300:VERBOSE1:device_event_log_impl.cc(198)] [09:58:23.300] Display: EVENT: screen_win.cc:895 Display[3557315901] bounds=[0,0 1920x1080], workarea=[0,0 1920x1080], scale=1, rotation=0, panel_rotation=0 external detected
[22200:15852:0729/095824.985:VERBOSE1:device_event_log_impl.cc(198)] [09:58:24.986] Display: EVENT: screen_win.cc:893 Displays updated, count: 1
[22200:15852:0729/095824.985:VERBOSE1:device_event_log_impl.cc(198)] [09:58:24.986] Display: EVENT: screen_win.cc:895 Display[3557315901] bounds=[0,0 1920x1080], workarea=[0,0 1920x1080], scale=1, rotation=0, panel_rotation=0 external detected
[22200:15852:0729/095848.748:VERBOSE1:device_event_log_impl.cc(198)] [09:58:48.748] Display: EVENT: screen_win.cc:893 Displays updated, count: 1
[22200:15852:0729/095848.749:VERBOSE1:device_event_log_impl.cc(198)] [09:58:48.748] Display: EVENT: screen_win.cc:895 Display[3557315901] bounds=[0,0 1920x1080], workarea=[0,0 1920x1080], scale=1, rotation=0, panel_rotation=0 external detected
[22200:15852:0729/095853.451:VERBOSE1:device_event_log_impl.cc(198)] [09:58:53.451] Display: EVENT: screen_win.cc:893 Displays updated, count: 1
[22200:15852:0729/095853.451:VERBOSE1:device_event_log_impl.cc(198)] [09:58:53.451] Display: EVENT: screen_win.cc:895 Display[3557315901] bounds=[0,0 1920x1080], workarea=[0,0 1920x1080], scale=1, rotation=0, panel_rotation=0 external detected
[22200:15852:0729/095858.655:VERBOSE1:device_event_log_impl.cc(198)] [09:58:58.654] Display: EVENT: screen_win.cc:893 Displays updated, count: 1
[22200:15852:0729/095858.655:VERBOSE1:device_event_log_impl.cc(198)] [09:58:58.654] Display: EVENT: screen_win.cc:895 Display[3557315901] bounds=[0,0 1920x1080], workarea=[0,0 1920x1080], scale=1, rotation=0, panel_rotation=0 external detected
[22200:6092:0729/095921.629:VERBOSE1:media_stream_manager.cc(1533)] MSPL::OnSpeedLimitChange({this=000058AC001BAD40}, {new_limit=82})
[22200:6092:0729/095922.629:VERBOSE1:media_stream_manager.cc(1533)] MSPL::OnSpeedLimitChange({this=000058AC001BAD40}, {new_limit=100})
[22200:15852:0729/095923.093:VERBOSE1:device_event_log_impl.cc(198)] [09:59:23.093] Display: EVENT: screen_win.cc:893 Displays updated, count: 1
[22200:15852:0729/095923.093:VERBOSE1:device_event_log_impl.cc(198)] [09:59:23.093] Display: EVENT: screen_win.cc:895 Display[3557315901] bounds=[0,0 1920x1080], workarea=[0,0 1920x1080], scale=1, rotation=0, panel_rotation=0 external detected
[22200:15852:0729/100005.255:VERBOSE1:device_event_log_impl.cc(198)] [10:00:05.255] Display: EVENT: screen_win.cc:893 Displays updated, count: 1
[22200:15852:0729/100005.255:VERBOSE1:device_event_log_impl.cc(198)] [10:00:05.255] Display: EVENT: screen_win.cc:895 Display[3557315901] bounds=[0,0 1920x1080], workarea=[0,0 1920x1080], scale=1, rotation=0, panel_rotation=0 external detected
[22200:15852:0729/100020.083:VERBOSE1:device_event_log_impl.cc(198)] [10:00:20.083] Display: EVENT: screen_win.cc:893 Displays updated, count: 1
[22200:15852:0729/100020.083:VERBOSE1:device_event_log_impl.cc(198)] [10:00:20.083] Display: EVENT: screen_win.cc:895 Display[3557315901] bounds=[0,0 1920x1080], workarea=[0,0 1920x1080], scale=1, rotation=0, panel_rotation=0 external detected
[22200:15852:0729/100022.426:VERBOSE1:device_event_log_impl.cc(198)] [10:00:22.426] Display: EVENT: screen_win.cc:893 Displays updated, count: 1
[22200:15852:0729/100022.426:VERBOSE1:device_event_log_impl.cc(198)] [10:00:22.426] Display: EVENT: screen_win.cc:895 Display[3557315901] bounds=[0,0 1920x1080], workarea=[0,0 1920x1080], scale=1, rotation=0, panel_rotation=0 external detected
[22200:15852:0729/100036.740:VERBOSE1:device_event_log_impl.cc(198)] [10:00:36.740] Display: EVENT: screen_win.cc:893 Displays updated, count: 1
[22200:15852:0729/100036.740:VERBOSE1:device_event_log_impl.cc(198)] [10:00:36.740] Display: EVENT: screen_win.cc:895 Display[3557315901] bounds=[0,0 1920x1080], workarea=[0,0 1920x1080], scale=1, rotation=0, panel_rotation=0 external detected
[22200:15852:0729/100047.184:VERBOSE1:device_event_log_impl.cc(198)] [10:00:47.185] Display: EVENT: screen_win.cc:893 Displays updated, count: 1
[22200:15852:0729/100047.184:VERBOSE1:device_event_log_impl.cc(198)] [10:00:47.185] Display: EVENT: screen_win.cc:895 Display[3557315901] bounds=[0,0 1920x1080], workarea=[0,0 1920x1080], scale=1, rotation=0, panel_rotation=0 external detected
[22200:15852:0729/102905.172:VERBOSE1:device_event_log_impl.cc(198)] [10:29:05.172] Display: EVENT: screen_win.cc:893 Displays updated, count: 1
[22200:15852:0729/102905.172:VERBOSE1:device_event_log_impl.cc(198)] [10:29:05.172] Display: EVENT: screen_win.cc:895 Display[3557315901] bounds=[0,0 1920x1080], workarea=[0,0 1920x1080], scale=1, rotation=0, panel_rotation=0 external detected
[22200:15852:0729/102911.867:VERBOSE1:device_event_log_impl.cc(198)] [10:29:11.867] Display: EVENT: screen_win.cc:893 Displays updated, count: 1
[22200:15852:0729/102911.867:VERBOSE1:device_event_log_impl.cc(198)] [10:29:11.868] Display: EVENT: screen_win.cc:895 Display[3557315901] bounds=[0,0 1920x1080], workarea=[0,0 1920x1080], scale=1, rotation=0, panel_rotation=0 external detected
[22200:15852:0729/102932.996:VERBOSE1:device_event_log_impl.cc(198)] [10:29:32.996] Display: EVENT: screen_win.cc:893 Displays updated, count: 1
[22200:15852:0729/102932.996:VERBOSE1:device_event_log_impl.cc(198)] [10:29:32.997] Display: EVENT: screen_win.cc:895 Display[3557315901] bounds=[0,0 1920x1080], workarea=[0,0 1920x1080], scale=1, rotation=0, panel_rotation=0 external detected
[22200:15852:0729/103011.059:VERBOSE1:device_event_log_impl.cc(198)] [10:30:11.059] Display: EVENT: screen_win.cc:893 Displays updated, count: 1
[22200:15852:0729/103011.059:VERBOSE1:device_event_log_impl.cc(198)] [10:30:11.059] Display: EVENT: screen_win.cc:895 Display[3557315901] bounds=[0,0 1920x1080], workarea=[0,0 1920x1080], scale=1, rotation=0, panel_rotation=0 external detected
[22200:15852:0729/103044.061:VERBOSE1:device_event_log_impl.cc(198)] [10:30:44.061] Display: EVENT: screen_win.cc:893 Displays updated, count: 1
[22200:15852:0729/103044.061:VERBOSE1:device_event_log_impl.cc(198)] [10:30:44.061] Display: EVENT: screen_win.cc:895 Display[3557315901] bounds=[0,0 1920x1080], workarea=[0,0 1920x1080], scale=1, rotation=0, panel_rotation=0 external detected
[22200:15852:0729/103055.915:VERBOSE1:device_event_log_impl.cc(198)] [10:30:55.915] Display: EVENT: screen_win.cc:893 Displays updated, count: 1
[22200:15852:0729/103055.915:VERBOSE1:device_event_log_impl.cc(198)] [10:30:55.915] Display: EVENT: screen_win.cc:895 Display[3557315901] bounds=[0,0 1920x1080], workarea=[0,0 1920x1080], scale=1, rotation=0, panel_rotation=0 external detected
[22200:15852:0729/103101.418:VERBOSE1:device_event_log_impl.cc(198)] [10:31:01.419] Display: EVENT: screen_win.cc:893 Displays updated, count: 1
[22200:15852:0729/103101.419:VERBOSE1:device_event_log_impl.cc(198)] [10:31:01.419] Display: EVENT: screen_win.cc:895 Display[3557315901] bounds=[0,0 1920x1080], workarea=[0,0 1920x1080], scale=1, rotation=0, panel_rotation=0 external detected
[22200:6092:0729/103126.152:VERBOSE1:media_stream_manager.cc(1533)] MSPL::OnSpeedLimitChange({this=000058AC001BAD40}, {new_limit=86})
[22200:6092:0729/103129.154:VERBOSE1:media_stream_manager.cc(1533)] MSPL::OnSpeedLimitChange({this=000058AC001BAD40}, {new_limit=85})
[22200:6092:0729/103130.151:VERBOSE1:media_stream_manager.cc(1533)] MSPL::OnSpeedLimitChange({this=000058AC001BAD40}, {new_limit=86})
[22200:6092:0729/103133.154:VERBOSE1:media_stream_manager.cc(1533)] MSPL::OnSpeedLimitChange({this=000058AC001BAD40}, {new_limit=100})
[22200:6092:0729/103143.164:VERBOSE1:media_stream_manager.cc(1533)] MSPL::OnSpeedLimitChange({this=000058AC001BAD40}, {new_limit=84})
[22200:6092:0729/103152.161:VERBOSE1:media_stream_manager.cc(1533)] MSPL::OnSpeedLimitChange({this=000058AC001BAD40}, {new_limit=85})
[22200:6092:0729/103153.170:VERBOSE1:media_stream_manager.cc(1533)] MSPL::OnSpeedLimitChange({this=000058AC001BAD40}, {new_limit=100})
[22200:15852:0729/103201.996:VERBOSE1:profile_manager.cc(1325)] AddKeepAlive(Default, kExtensionUpdater). keep_alives=[kWaitingForFirstBrowserWindow (1), kAppWindow (1), kExtensionUpdater (1)]
[22200:15852:0729/103201.996:VERBOSE1:profile_manager.cc(1377)] RemoveKeepAlive(Default, kExtensionUpdater). keep_alives=[kWaitingForFirstBrowserWindow (1), kAppWindow (1)]
[22200:15852:0729/103208.043:VERBOSE1:device_event_log_impl.cc(198)] [10:32:08.043] Display: EVENT: screen_win.cc:893 Displays updated, count: 1
[22200:15852:0729/103208.043:VERBOSE1:device_event_log_impl.cc(198)] [10:32:08.044] Display: EVENT: screen_win.cc:895 Display[3557315901] bounds=[0,0 1920x1080], workarea=[0,0 1920x1080], scale=1, rotation=0, panel_rotation=0 external detected
[22200:6092:0729/103221.175:VERBOSE1:media_stream_manager.cc(1533)] MSPL::OnSpeedLimitChange({this=000058AC001BAD40}, {new_limit=85})
[22200:6092:0729/103230.362:VERBOSE1:media_stream_manager.cc(1533)] MSPL::OnSpeedLimitChange({this=000058AC001BAD40}, {new_limit=100})
[22200:15852:0729/103301.832:VERBOSE1:device_event_log_impl.cc(198)] [10:33:01.832] Display: EVENT: screen_win.cc:893 Displays updated, count: 1
[22200:15852:0729/103301.832:VERBOSE1:device_event_log_impl.cc(198)] [10:33:01.832] Display: EVENT: screen_win.cc:895 Display[3557315901] bounds=[0,0 1920x1080], workarea=[0,0 1920x1080], scale=1, rotation=0, panel_rotation=0 external detected
[22200:6092:0729/103312.197:VERBOSE1:media_stream_manager.cc(1533)] MSPL::OnSpeedLimitChange({this=000058AC001BAD40}, {new_limit=81})
[22200:6092:0729/103315.200:VERBOSE1:media_stream_manager.cc(1533)] MSPL::OnSpeedLimitChange({this=000058AC001BAD40}, {new_limit=82})
[22200:6092:0729/103322.190:VERBOSE1:media_stream_manager.cc(1533)] MSPL::OnSpeedLimitChange({this=000058AC001BAD40}, {new_limit=83})
[22200:6092:0729/103326.200:VERBOSE1:media_stream_manager.cc(1533)] MSPL::OnSpeedLimitChange({this=000058AC001BAD40}, {new_limit=82})
[22200:6092:0729/103327.190:VERBOSE1:media_stream_manager.cc(1533)] MSPL::OnSpeedLimitChange({this=000058AC001BAD40}, {new_limit=83})
[22200:6092:0729/103329.518:VERBOSE1:media_stream_manager.cc(1533)] MSPL::OnSpeedLimitChange({this=000058AC001BAD40}, {new_limit=100})
[22200:15852:0729/103332.645:VERBOSE1:device_event_log_impl.cc(198)] [10:33:32.645] Display: EVENT: screen_win.cc:893 Displays updated, count: 1
[22200:15852:0729/103332.645:VERBOSE1:device_event_log_impl.cc(198)] [10:33:32.645] Display: EVENT: screen_win.cc:895 Display[3557315901] bounds=[0,0 1920x1080], workarea=[0,0 1920x1080], scale=1, rotation=0, panel_rotation=0 external detected
[22200:6092:0729/103350.204:VERBOSE1:media_stream_manager.cc(1533)] MSPL::OnSpeedLimitChange({this=000058AC001BAD40}, {new_limit=84})
[22200:6092:0729/103357.216:VERBOSE1:media_stream_manager.cc(1533)] MSPL::OnSpeedLimitChange({this=000058AC001BAD40}, {new_limit=85})
[22200:6092:0729/103402.205:VERBOSE1:media_stream_manager.cc(1533)] MSPL::OnSpeedLimitChange({this=000058AC001BAD40}, {new_limit=86})
[22200:6092:0729/103406.223:VERBOSE1:media_stream_manager.cc(1533)] MSPL::OnSpeedLimitChange({this=000058AC001BAD40}, {new_limit=85})
[22200:6092:0729/103412.213:VERBOSE1:media_stream_manager.cc(1533)] MSPL::OnSpeedLimitChange({this=000058AC001BAD40}, {new_limit=86})
[22200:6092:0729/103413.226:VERBOSE1:media_stream_manager.cc(1533)] MSPL::OnSpeedLimitChange({this=000058AC001BAD40}, {new_limit=85})
[22200:6092:0729/103415.223:VERBOSE1:media_stream_manager.cc(1533)] MSPL::OnSpeedLimitChange({this=000058AC001BAD40}, {new_limit=84})
[22200:15852:0729/103415.986:VERBOSE1:device_event_log_impl.cc(198)] [10:34:15.987] Display: EVENT: screen_win.cc:893 Displays updated, count: 1
[22200:15852:0729/103415.986:VERBOSE1:device_event_log_impl.cc(198)] [10:34:15.987] Display: EVENT: screen_win.cc:895 Display[3557315901] bounds=[0,0 1920x1080], workarea=[0,0 1920x1080], scale=1, rotation=0, panel_rotation=0 external detected
[22200:6092:0729/103416.226:VERBOSE1:media_stream_manager.cc(1533)] MSPL::OnSpeedLimitChange({this=000058AC001BAD40}, {new_limit=100})
[22200:15852:0729/103453.948:VERBOSE1:device_event_log_impl.cc(198)] [10:34:53.948] Display: EVENT: screen_win.cc:893 Displays updated, count: 1
[22200:15852:0729/103453.948:VERBOSE1:device_event_log_impl.cc(198)] [10:34:53.948] Display: EVENT: screen_win.cc:895 Display[3557315901] bounds=[0,0 1920x1080], workarea=[0,0 1920x1080], scale=1, rotation=0, panel_rotation=0 external detected
[22200:15852:0729/103455.706:VERBOSE1:device_event_log_impl.cc(198)] [10:34:55.705] Display: EVENT: screen_win.cc:893 Displays updated, count: 1
[22200:15852:0729/103455.706:VERBOSE1:device_event_log_impl.cc(198)] [10:34:55.705] Display: EVENT: screen_win.cc:895 Display[3557315901] bounds=[0,0 1920x1080], workarea=[0,0 1920x1080], scale=1, rotation=0, panel_rotation=0 external detected
[22200:15852:0729/103510.577:VERBOSE1:device_event_log_impl.cc(198)] [10:35:10.577] Display: EVENT: screen_win.cc:893 Displays updated, count: 1
[22200:15852:0729/103510.577:VERBOSE1:device_event_log_impl.cc(198)] [10:35:10.577] Display: EVENT: screen_win.cc:895 Display[3557315901] bounds=[0,0 1920x1080], workarea=[0,0 1920x1080], scale=1, rotation=0, panel_rotation=0 external detected
[22200:15852:0729/103521.122:VERBOSE1:device_event_log_impl.cc(198)] [10:35:21.122] Display: EVENT: screen_win.cc:893 Displays updated, count: 1
[22200:15852:0729/103521.122:VERBOSE1:device_event_log_impl.cc(198)] [10:35:21.122] Display: EVENT: screen_win.cc:895 Display[3557315901] bounds=[0,0 1920x1080], workarea=[0,0 1920x1080], scale=1, rotation=0, panel_rotation=0 external detected
[22200:15852:0729/103616.397:VERBOSE1:device_event_log_impl.cc(198)] [10:36:16.397] Display: EVENT: screen_win.cc:893 Displays updated, count: 1
[22200:15852:0729/103616.397:VERBOSE1:device_event_log_impl.cc(198)] [10:36:16.397] Display: EVENT: screen_win.cc:895 Display[3557315901] bounds=[0,0 1920x1080], workarea=[0,0 1920x1080], scale=1, rotation=0, panel_rotation=0 external detected
[22200:15852:0729/103632.884:VERBOSE1:device_event_log_impl.cc(198)] [10:36:32.884] Display: EVENT: screen_win.cc:893 Displays updated, count: 1
[22200:15852:0729/103632.884:VERBOSE1:device_event_log_impl.cc(198)] [10:36:32.884] Display: EVENT: screen_win.cc:895 Display[3557315901] bounds=[0,0 1920x1080], workarea=[0,0 1920x1080], scale=1, rotation=0, panel_rotation=0 external detected
[22200:15852:0729/103645.507:VERBOSE1:device_event_log_impl.cc(198)] [10:36:45.507] Display: EVENT: screen_win.cc:893 Displays updated, count: 1
[22200:15852:0729/103645.507:VERBOSE1:device_event_log_impl.cc(198)] [10:36:45.507] Display: EVENT: screen_win.cc:895 Display[3557315901] bounds=[0,0 1920x1080], workarea=[0,0 1920x1080], scale=1, rotation=0, panel_rotation=0 external detected
[22200:15852:0729/103657.690:VERBOSE1:device_event_log_impl.cc(198)] [10:36:57.690] Display: EVENT: screen_win.cc:893 Displays updated, count: 1
[22200:15852:0729/103657.690:VERBOSE1:device_event_log_impl.cc(198)] [10:36:57.690] Display: EVENT: screen_win.cc:895 Display[3557315901] bounds=[0,0 1920x1080], workarea=[0,0 1920x1080], scale=1, rotation=0, panel_rotation=0 external detected
[22200:15852:0729/103734.941:VERBOSE1:device_event_log_impl.cc(198)] [10:37:34.940] Display: EVENT: screen_win.cc:893 Displays updated, count: 1
[22200:15852:0729/103734.941:VERBOSE1:device_event_log_impl.cc(198)] [10:37:34.940] Display: EVENT: screen_win.cc:895 Display[3557315901] bounds=[0,0 1920x1080], workarea=[0,0 1920x1080], scale=1, rotation=0, panel_rotation=0 external detected
[22200:15852:0729/103744.268:VERBOSE1:device_event_log_impl.cc(198)] [10:37:44.267] Display: EVENT: screen_win.cc:893 Displays updated, count: 1
[22200:15852:0729/103744.268:VERBOSE1:device_event_log_impl.cc(198)] [10:37:44.267] Display: EVENT: screen_win.cc:895 Display[3557315901] bounds=[0,0 1920x1080], workarea=[0,0 1920x1080], scale=1, rotation=0, panel_rotation=0 external detected
[22200:6092:0729/103754.321:VERBOSE1:media_stream_manager.cc(1533)] MSPL::OnSpeedLimitChange({this=000058AC001BAD40}, {new_limit=83})
[22200:6092:0729/103756.316:VERBOSE1:media_stream_manager.cc(1533)] MSPL::OnSpeedLimitChange({this=000058AC001BAD40}, {new_limit=82})
[22200:6092:0729/103758.631:VERBOSE1:media_stream_manager.cc(1533)] MSPL::OnSpeedLimitChange({this=000058AC001BAD40}, {new_limit=100})
[22200:15852:0729/103816.092:VERBOSE1:device_event_log_impl.cc(198)] [10:38:16.091] Display: EVENT: screen_win.cc:893 Displays updated, count: 1
[22200:15852:0729/103816.092:VERBOSE1:device_event_log_impl.cc(198)] [10:38:16.092] Display: EVENT: screen_win.cc:895 Display[3557315901] bounds=[0,0 1920x1080], workarea=[0,0 1920x1080], scale=1, rotation=0, panel_rotation=0 external detected
[22200:6092:0729/103830.327:VERBOSE1:media_stream_manager.cc(1533)] MSPL::OnSpeedLimitChange({this=000058AC001BAD40}, {new_limit=84})
[22200:6092:0729/103831.337:VERBOSE1:media_stream_manager.cc(1533)] MSPL::OnSpeedLimitChange({this=000058AC001BAD40}, {new_limit=83})
[22200:6092:0729/103832.333:VERBOSE1:media_stream_manager.cc(1533)] MSPL::OnSpeedLimitChange({this=000058AC001BAD40}, {new_limit=82})
[22200:6092:0729/103833.326:VERBOSE1:media_stream_manager.cc(1533)] MSPL::OnSpeedLimitChange({this=000058AC001BAD40}, {new_limit=83})
[22200:6092:0729/103834.355:VERBOSE1:media_stream_manager.cc(1533)] MSPL::OnSpeedLimitChange({this=000058AC001BAD40}, {new_limit=100})
[22200:6092:0729/103846.331:VERBOSE1:media_stream_manager.cc(1533)] MSPL::OnSpeedLimitChange({this=000058AC001BAD40}, {new_limit=85})
[22200:6092:0729/103847.339:VERBOSE1:media_stream_manager.cc(1533)] MSPL::OnSpeedLimitChange({this=000058AC001BAD40}, {new_limit=84})
[22200:6092:0729/103848.343:VERBOSE1:media_stream_manager.cc(1533)] MSPL::OnSpeedLimitChange({this=000058AC001BAD40}, {new_limit=85})
[22200:6092:0729/103853.344:VERBOSE1:media_stream_manager.cc(1533)] MSPL::OnSpeedLimitChange({this=000058AC001BAD40}, {new_limit=100})
[22200:15852:0729/104509.582:VERBOSE1:device_event_log_impl.cc(198)] [10:45:09.582] Display: EVENT: screen_win.cc:893 Displays updated, count: 1
[22200:15852:0729/104509.582:VERBOSE1:device_event_log_impl.cc(198)] [10:45:09.582] Display: EVENT: screen_win.cc:895 Display[3557315901] bounds=[0,0 1920x1080], workarea=[0,0 1920x1080], scale=1, rotation=0, panel_rotation=0 external detected
[22200:15852:0729/110549.586:VERBOSE1:device_event_log_impl.cc(198)] [11:05:49.586] Display: EVENT: screen_win.cc:893 Displays updated, count: 1
[22200:15852:0729/110549.586:VERBOSE1:device_event_log_impl.cc(198)] [11:05:49.586] Display: EVENT: screen_win.cc:895 Display[3557315901] bounds=[0,0 1920x1080], workarea=[0,0 1920x1080], scale=1, rotation=0, panel_rotation=0 external detected
[22200:15852:0729/110611.268:VERBOSE1:device_event_log_impl.cc(198)] [11:06:11.268] Display: EVENT: screen_win.cc:893 Displays updated, count: 1
[22200:15852:0729/110611.268:VERBOSE1:device_event_log_impl.cc(198)] [11:06:11.268] Display: EVENT: screen_win.cc:895 Display[3557315901] bounds=[0,0 1920x1080], workarea=[0,0 1920x1080], scale=1, rotation=0, panel_rotation=0 external detected
[22200:6092:0729/110625.045:VERBOSE1:media_stream_manager.cc(1533)] MSPL::OnSpeedLimitChange({this=000058AC001BAD40}, {new_limit=83})
[22200:6092:0729/110630.039:VERBOSE1:media_stream_manager.cc(1533)] MSPL::OnSpeedLimitChange({this=000058AC001BAD40}, {new_limit=84})
[22200:6092:0729/110631.035:VERBOSE1:media_stream_manager.cc(1533)] MSPL::OnSpeedLimitChange({this=000058AC001BAD40}, {new_limit=83})
[22200:6092:0729/110634.052:VERBOSE1:media_stream_manager.cc(1533)] MSPL::OnSpeedLimitChange({this=000058AC001BAD40}, {new_limit=82})
[22200:6092:0729/110638.040:VERBOSE1:media_stream_manager.cc(1533)] MSPL::OnSpeedLimitChange({this=000058AC001BAD40}, {new_limit=100})
[22200:6092:0729/110648.045:VERBOSE1:media_stream_manager.cc(1533)] MSPL::OnSpeedLimitChange({this=000058AC001BAD40}, {new_limit=82})
[22200:6092:0729/110650.054:VERBOSE1:media_stream_manager.cc(1533)] MSPL::OnSpeedLimitChange({this=000058AC001BAD40}, {new_limit=100})
[22200:6092:0729/110701.049:VERBOSE1:media_stream_manager.cc(1533)] MSPL::OnSpeedLimitChange({this=000058AC001BAD40}, {new_limit=80})
[22200:6092:0729/110703.056:VERBOSE1:media_stream_manager.cc(1533)] MSPL::OnSpeedLimitChange({this=000058AC001BAD40}, {new_limit=79})
[22200:6092:0729/110704.077:VERBOSE1:media_stream_manager.cc(1533)] MSPL::OnSpeedLimitChange({this=000058AC001BAD40}, {new_limit=100})
[22200:15852:0729/110708.906:VERBOSE1:device_event_log_impl.cc(198)] [11:07:08.906] Display: EVENT: screen_win.cc:893 Displays updated, count: 1
[22200:15852:0729/110708.906:VERBOSE1:device_event_log_impl.cc(198)] [11:07:08.906] Display: EVENT: screen_win.cc:895 Display[3557315901] bounds=[0,0 1920x1080], workarea=[0,0 1920x1080], scale=1, rotation=0, panel_rotation=0 external detected
[22200:6092:0729/110719.067:VERBOSE1:media_stream_manager.cc(1533)] MSPL::OnSpeedLimitChange({this=000058AC001BAD40}, {new_limit=84})
[22200:6092:0729/110725.386:VERBOSE1:media_stream_manager.cc(1533)] MSPL::OnSpeedLimitChange({this=000058AC001BAD40}, {new_limit=100})
[22200:15852:0729/110740.324:VERBOSE1:device_event_log_impl.cc(198)] [11:07:40.324] Display: EVENT: screen_win.cc:893 Displays updated, count: 1
[22200:15852:0729/110740.324:VERBOSE1:device_event_log_impl.cc(198)] [11:07:40.324] Display: EVENT: screen_win.cc:895 Display[3557315901] bounds=[0,0 1920x1080], workarea=[0,0 1920x1080], scale=1, rotation=0, panel_rotation=0 external detected
[22200:15852:0729/110813.038:VERBOSE1:device_event_log_impl.cc(198)] [11:08:13.037] Display: EVENT: screen_win.cc:893 Displays updated, count: 1
[22200:15852:0729/110813.038:VERBOSE1:device_event_log_impl.cc(198)] [11:08:13.038] Display: EVENT: screen_win.cc:895 Display[3557315901] bounds=[0,0 1920x1080], workarea=[0,0 1920x1080], scale=1, rotation=0, panel_rotation=0 external detected
[22200:6092:0729/110829.091:VERBOSE1:media_stream_manager.cc(1533)] MSPL::OnSpeedLimitChange({this=000058AC001BAD40}, {new_limit=83})
[22200:6092:0729/110832.099:VERBOSE1:media_stream_manager.cc(1533)] MSPL::OnSpeedLimitChange({this=000058AC001BAD40}, {new_limit=84})
[22200:6092:0729/110834.096:VERBOSE1:media_stream_manager.cc(1533)] MSPL::OnSpeedLimitChange({this=000058AC001BAD40}, {new_limit=85})
[22200:6092:0729/110838.096:VERBOSE1:media_stream_manager.cc(1533)] MSPL::OnSpeedLimitChange({this=000058AC001BAD40}, {new_limit=84})
[22200:6092:0729/110841.101:VERBOSE1:media_stream_manager.cc(1533)] MSPL::OnSpeedLimitChange({this=000058AC001BAD40}, {new_limit=83})
[22200:6092:0729/110845.099:VERBOSE1:media_stream_manager.cc(1533)] MSPL::OnSpeedLimitChange({this=000058AC001BAD40}, {new_limit=82})
[22200:6092:0729/110846.104:VERBOSE1:media_stream_manager.cc(1533)] MSPL::OnSpeedLimitChange({this=000058AC001BAD40}, {new_limit=83})
[22200:6092:0729/110852.105:VERBOSE1:media_stream_manager.cc(1533)] MSPL::OnSpeedLimitChange({this=000058AC001BAD40}, {new_limit=84})
[22200:15852:0729/110853.727:VERBOSE1:device_event_log_impl.cc(198)] [11:08:53.727] Display: EVENT: screen_win.cc:893 Displays updated, count: 1
[22200:15852:0729/110853.727:VERBOSE1:device_event_log_impl.cc(198)] [11:08:53.727] Display: EVENT: screen_win.cc:895 Display[3557315901] bounds=[0,0 1920x1080], workarea=[0,0 1920x1080], scale=1, rotation=0, panel_rotation=0 external detected
[22200:6092:0729/110855.378:VERBOSE1:media_stream_manager.cc(1533)] MSPL::OnSpeedLimitChange({this=000058AC001BAD40}, {new_limit=100})
[22200:15852:0729/110902.124:VERBOSE1:device_event_log_impl.cc(198)] [11:09:02.124] Display: EVENT: screen_win.cc:893 Displays updated, count: 1
[22200:15852:0729/110902.124:VERBOSE1:device_event_log_impl.cc(198)] [11:09:02.124] Display: EVENT: screen_win.cc:895 Display[3557315901] bounds=[0,0 1920x1080], workarea=[0,0 1920x1080], scale=1, rotation=0, panel_rotation=0 external detected
[22200:15852:0729/110911.748:VERBOSE1:device_event_log_impl.cc(198)] [11:09:11.748] Display: EVENT: screen_win.cc:893 Displays updated, count: 1
[22200:15852:0729/110911.748:VERBOSE1:device_event_log_impl.cc(198)] [11:09:11.748] Display: EVENT: screen_win.cc:895 Display[3557315901] bounds=[0,0 1920x1080], workarea=[0,0 1920x1080], scale=1, rotation=0, panel_rotation=0 external detected
[22200:6092:0729/110923.124:VERBOSE1:media_stream_manager.cc(1533)] MSPL::OnSpeedLimitChange({this=000058AC001BAD40}, {new_limit=85})
[22200:6092:0729/110924.119:VERBOSE1:media_stream_manager.cc(1533)] MSPL::OnSpeedLimitChange({this=000058AC001BAD40}, {new_limit=84})
[22200:6092:0729/110927.129:VERBOSE1:media_stream_manager.cc(1533)] MSPL::OnSpeedLimitChange({this=000058AC001BAD40}, {new_limit=83})
[22200:6092:0729/110929.113:VERBOSE1:media_stream_manager.cc(1533)] MSPL::OnSpeedLimitChange({this=000058AC001BAD40}, {new_limit=84})
[22200:6092:0729/110930.125:VERBOSE1:media_stream_manager.cc(1533)] MSPL::OnSpeedLimitChange({this=000058AC001BAD40}, {new_limit=83})
[22200:6092:0729/110935.124:VERBOSE1:media_stream_manager.cc(1533)] MSPL::OnSpeedLimitChange({this=000058AC001BAD40}, {new_limit=84})
[22200:6092:0729/110944.172:VERBOSE1:media_stream_manager.cc(1533)] MSPL::OnSpeedLimitChange({this=000058AC001BAD40}, {new_limit=100})
[22200:15852:0729/110945.574:VERBOSE1:device_event_log_impl.cc(198)] [11:09:45.573] Display: EVENT: screen_win.cc:893 Displays updated, count: 1
[22200:15852:0729/110945.574:VERBOSE1:device_event_log_impl.cc(198)] [11:09:45.574] Display: EVENT: screen_win.cc:895 Display[3557315901] bounds=[0,0 1920x1080], workarea=[0,0 1920x1080], scale=1, rotation=0, panel_rotation=0 external detected
[22200:6092:0729/111001.141:VERBOSE1:media_stream_manager.cc(1533)] MSPL::OnSpeedLimitChange({this=000058AC001BAD40}, {new_limit=84})
[22200:6092:0729/111011.133:VERBOSE1:media_stream_manager.cc(1533)] MSPL::OnSpeedLimitChange({this=000058AC001BAD40}, {new_limit=85})
[22200:6092:0729/111017.464:VERBOSE1:media_stream_manager.cc(1533)] MSPL::OnSpeedLimitChange({this=000058AC001BAD40}, {new_limit=100})
[22200:15852:0729/111026.981:VERBOSE1:device_event_log_impl.cc(198)] [11:10:26.981] Display: EVENT: screen_win.cc:893 Displays updated, count: 1
[22200:15852:0729/111026.981:VERBOSE1:device_event_log_impl.cc(198)] [11:10:26.981] Display: EVENT: screen_win.cc:895 Display[3557315901] bounds=[0,0 1920x1080], workarea=[0,0 1920x1080], scale=1, rotation=0, panel_rotation=0 external detected
[22200:6092:0729/111037.148:VERBOSE1:media_stream_manager.cc(1533)] MSPL::OnSpeedLimitChange({this=000058AC001BAD40}, {new_limit=85})
[22200:6092:0729/111042.152:VERBOSE1:media_stream_manager.cc(1533)] MSPL::OnSpeedLimitChange({this=000058AC001BAD40}, {new_limit=84})
[22200:6092:0729/111043.145:VERBOSE1:media_stream_manager.cc(1533)] MSPL::OnSpeedLimitChange({this=000058AC001BAD40}, {new_limit=85})
[22200:6092:0729/111048.155:VERBOSE1:media_stream_manager.cc(1533)] MSPL::OnSpeedLimitChange({this=000058AC001BAD40}, {new_limit=86})
[22200:6092:0729/111049.153:VERBOSE1:media_stream_manager.cc(1533)] MSPL::OnSpeedLimitChange({this=000058AC001BAD40}, {new_limit=85})
[22200:6092:0729/111051.147:VERBOSE1:media_stream_manager.cc(1533)] MSPL::OnSpeedLimitChange({this=000058AC001BAD40}, {new_limit=100})
[22200:15852:0729/111102.850:VERBOSE1:device_event_log_impl.cc(198)] [11:11:02.850] Display: EVENT: screen_win.cc:893 Displays updated, count: 1
[22200:15852:0729/111102.850:VERBOSE1:device_event_log_impl.cc(198)] [11:11:02.851] Display: EVENT: screen_win.cc:895 Display[3557315901] bounds=[0,0 1920x1080], workarea=[0,0 1920x1080], scale=1, rotation=0, panel_rotation=0 external detected
[22200:15852:0729/111114.235:VERBOSE1:device_event_log_impl.cc(198)] [11:11:14.235] Display: EVENT: screen_win.cc:893 Displays updated, count: 1
[22200:15852:0729/111114.235:VERBOSE1:device_event_log_impl.cc(198)] [11:11:14.235] Display: EVENT: screen_win.cc:895 Display[3557315901] bounds=[0,0 1920x1080], workarea=[0,0 1920x1080], scale=1, rotation=0, panel_rotation=0 external detected
[22200:6092:0729/111125.173:VERBOSE1:media_stream_manager.cc(1533)] MSPL::OnSpeedLimitChange({this=000058AC001BAD40}, {new_limit=84})
[22200:6092:0729/111129.173:VERBOSE1:media_stream_manager.cc(1533)] MSPL::OnSpeedLimitChange({this=000058AC001BAD40}, {new_limit=85})
[22200:6092:0729/111130.182:VERBOSE1:media_stream_manager.cc(1533)] MSPL::OnSpeedLimitChange({this=000058AC001BAD40}, {new_limit=84})
[22200:6092:0729/111134.184:VERBOSE1:media_stream_manager.cc(1533)] MSPL::OnSpeedLimitChange({this=000058AC001BAD40}, {new_limit=83})
[22200:6092:0729/111135.226:VERBOSE1:media_stream_manager.cc(1533)] MSPL::OnSpeedLimitChange({this=000058AC001BAD40}, {new_limit=100})
[22200:15852:0729/111144.344:VERBOSE1:device_event_log_impl.cc(198)] [11:11:44.344] Display: EVENT: screen_win.cc:893 Displays updated, count: 1
[22200:15852:0729/111144.345:VERBOSE1:device_event_log_impl.cc(198)] [11:11:44.344] Display: EVENT: screen_win.cc:895 Display[3557315901] bounds=[0,0 1920x1080], workarea=[0,0 1920x1080], scale=1, rotation=0, panel_rotation=0 external detected
[22200:15852:0729/111152.260:VERBOSE1:device_event_log_impl.cc(198)] [11:11:52.260] Display: EVENT: screen_win.cc:893 Displays updated, count: 1
[22200:15852:0729/111152.260:VERBOSE1:device_event_log_impl.cc(198)] [11:11:52.260] Display: EVENT: screen_win.cc:895 Display[3557315901] bounds=[0,0 1920x1080], workarea=[0,0 1920x1080], scale=1, rotation=0, panel_rotation=0 external detected
[22200:15852:0729/111202.352:VERBOSE1:device_event_log_impl.cc(198)] [11:12:02.352] Display: EVENT: screen_win.cc:893 Displays updated, count: 1
[22200:15852:0729/111202.352:VERBOSE1:device_event_log_impl.cc(198)] [11:12:02.352] Display: EVENT: screen_win.cc:895 Display[3557315901] bounds=[0,0 1920x1080], workarea=[0,0 1920x1080], scale=1, rotation=0, panel_rotation=0 external detected
[22200:15852:0729/111217.609:VERBOSE1:device_event_log_impl.cc(198)] [11:12:17.609] Display: EVENT: screen_win.cc:893 Displays updated, count: 1
[22200:15852:0729/111217.609:VERBOSE1:device_event_log_impl.cc(198)] [11:12:17.609] Display: EVENT: screen_win.cc:895 Display[3557315901] bounds=[0,0 1920x1080], workarea=[0,0 1920x1080], scale=1, rotation=0, panel_rotation=0 external detected
[22200:15852:0729/111232.851:VERBOSE1:device_event_log_impl.cc(198)] [11:12:32.851] Display: EVENT: screen_win.cc:893 Displays updated, count: 1
[22200:15852:0729/111232.851:VERBOSE1:device_event_log_impl.cc(198)] [11:12:32.852] Display: EVENT: screen_win.cc:895 Display[3557315901] bounds=[0,0 1920x1080], workarea=[0,0 1920x1080], scale=1, rotation=0, panel_rotation=0 external detected
[22200:15852:0729/111245.724:VERBOSE1:device_event_log_impl.cc(198)] [11:12:45.724] Display: EVENT: screen_win.cc:893 Displays updated, count: 1
[22200:15852:0729/111245.724:VERBOSE1:device_event_log_impl.cc(198)] [11:12:45.724] Display: EVENT: screen_win.cc:895 Display[3557315901] bounds=[0,0 1920x1080], workarea=[0,0 1920x1080], scale=1, rotation=0, panel_rotation=0 external detected
[22200:15852:0729/111316.041:VERBOSE1:device_event_log_impl.cc(198)] [11:13:16.041] Display: EVENT: screen_win.cc:893 Displays updated, count: 1
[22200:15852:0729/111316.042:VERBOSE1:device_event_log_impl.cc(198)] [11:13:16.042] Display: EVENT: screen_win.cc:895 Display[3557315901] bounds=[0,0 1920x1080], workarea=[0,0 1920x1080], scale=1, rotation=0, panel_rotation=0 external detected
[22200:15852:0729/111324.723:VERBOSE1:device_event_log_impl.cc(198)] [11:13:24.723] Display: EVENT: screen_win.cc:893 Displays updated, count: 1
[22200:15852:0729/111324.723:VERBOSE1:device_event_log_impl.cc(198)] [11:13:24.723] Display: EVENT: screen_win.cc:895 Display[3557315901] bounds=[0,0 1920x1080], workarea=[0,0 1920x1080], scale=1, rotation=0, panel_rotation=0 external detected
[22200:6092:0729/111346.231:VERBOSE1:media_stream_manager.cc(1533)] MSPL::OnSpeedLimitChange({this=000058AC001BAD40}, {new_limit=83})
[22200:6092:0729/111352.239:VERBOSE1:media_stream_manager.cc(1533)] MSPL::OnSpeedLimitChange({this=000058AC001BAD40}, {new_limit=84})
[22200:6092:0729/111355.250:VERBOSE1:media_stream_manager.cc(1533)] MSPL::OnSpeedLimitChange({this=000058AC001BAD40}, {new_limit=85})
[22200:6092:0729/111358.239:VERBOSE1:media_stream_manager.cc(1533)] MSPL::OnSpeedLimitChange({this=000058AC001BAD40}, {new_limit=84})
[22200:6092:0729/111400.540:VERBOSE1:media_stream_manager.cc(1533)] MSPL::OnSpeedLimitChange({this=000058AC001BAD40}, {new_limit=100})
[22200:15852:0729/111407.526:VERBOSE1:device_event_log_impl.cc(198)] [11:14:07.526] Display: EVENT: screen_win.cc:893 Displays updated, count: 1
[22200:15852:0729/111407.526:VERBOSE1:device_event_log_impl.cc(198)] [11:14:07.526] Display: EVENT: screen_win.cc:895 Display[3557315901] bounds=[0,0 1920x1080], workarea=[0,0 1920x1080], scale=1, rotation=0, panel_rotation=0 external detected
[22200:15852:0729/111410.005:VERBOSE1:device_event_log_impl.cc(198)] [11:14:10.005] Display: EVENT: screen_win.cc:893 Displays updated, count: 1
[22200:15852:0729/111410.005:VERBOSE1:device_event_log_impl.cc(198)] [11:14:10.005] Display: EVENT: screen_win.cc:895 Display[3557315901] bounds=[0,0 1920x1080], workarea=[0,0 1920x1080], scale=1, rotation=0, panel_rotation=0 external detected
[22200:6092:0729/111427.259:VERBOSE1:media_stream_manager.cc(1533)] MSPL::OnSpeedLimitChange({this=000058AC001BAD40}, {new_limit=83})
[22200:6092:0729/111428.256:VERBOSE1:media_stream_manager.cc(1533)] MSPL::OnSpeedLimitChange({this=000058AC001BAD40}, {new_limit=84})
[22200:6092:0729/111429.263:VERBOSE1:media_stream_manager.cc(1533)] MSPL::OnSpeedLimitChange({this=000058AC001BAD40}, {new_limit=83})
[22200:6092:0729/111431.263:VERBOSE1:media_stream_manager.cc(1533)] MSPL::OnSpeedLimitChange({this=000058AC001BAD40}, {new_limit=82})
[22200:6092:0729/111432.258:VERBOSE1:media_stream_manager.cc(1533)] MSPL::OnSpeedLimitChange({this=000058AC001BAD40}, {new_limit=83})
[22200:6092:0729/111433.254:VERBOSE1:media_stream_manager.cc(1533)] MSPL::OnSpeedLimitChange({this=000058AC001BAD40}, {new_limit=82})
[22200:6092:0729/111434.255:VERBOSE1:media_stream_manager.cc(1533)] MSPL::OnSpeedLimitChange({this=000058AC001BAD40}, {new_limit=100})
[22200:6092:0729/111445.265:VERBOSE1:media_stream_manager.cc(1533)] MSPL::OnSpeedLimitChange({this=000058AC001BAD40}, {new_limit=84})
[22200:6092:0729/111446.267:VERBOSE1:media_stream_manager.cc(1533)] MSPL::OnSpeedLimitChange({this=000058AC001BAD40}, {new_limit=83})
[22200:6092:0729/111449.379:VERBOSE1:media_stream_manager.cc(1533)] MSPL::OnSpeedLimitChange({this=000058AC001BAD40}, {new_limit=100})
[22200:15852:0729/111512.966:VERBOSE1:device_event_log_impl.cc(198)] [11:15:12.966] Display: EVENT: screen_win.cc:893 Displays updated, count: 1
[22200:15852:0729/111512.966:VERBOSE1:device_event_log_impl.cc(198)] [11:15:12.966] Display: EVENT: screen_win.cc:895 Display[3557315901] bounds=[0,0 1920x1080], workarea=[0,0 1920x1080], scale=1, rotation=0, panel_rotation=0 external detected
[22200:15852:0729/111514.527:VERBOSE1:device_event_log_impl.cc(198)] [11:15:14.528] Display: EVENT: screen_win.cc:893 Displays updated, count: 1
[22200:15852:0729/111514.527:VERBOSE1:device_event_log_impl.cc(198)] [11:15:14.528] Display: EVENT: screen_win.cc:895 Display[3557315901] bounds=[0,0 1920x1080], workarea=[0,0 1920x1080], scale=1, rotation=0, panel_rotation=0 external detected
[22200:15852:0729/111519.398:VERBOSE1:device_event_log_impl.cc(198)] [11:15:19.398] Display: EVENT: screen_win.cc:893 Displays updated, count: 1
[22200:15852:0729/111519.398:VERBOSE1:device_event_log_impl.cc(198)] [11:15:19.398] Display: EVENT: screen_win.cc:895 Display[3557315901] bounds=[0,0 1920x1080], workarea=[0,0 1920x1080], scale=1, rotation=0, panel_rotation=0 external detected
[22200:6092:0729/111538.277:VERBOSE1:media_stream_manager.cc(1533)] MSPL::OnSpeedLimitChange({this=000058AC001BAD40}, {new_limit=84})
[22200:6092:0729/111541.277:VERBOSE1:media_stream_manager.cc(1533)] MSPL::OnSpeedLimitChange({this=000058AC001BAD40}, {new_limit=85})
[22200:6092:0729/111542.278:VERBOSE1:media_stream_manager.cc(1533)] MSPL::OnSpeedLimitChange({this=000058AC001BAD40}, {new_limit=84})
[22200:6092:0729/111543.288:VERBOSE1:media_stream_manager.cc(1533)] MSPL::OnSpeedLimitChange({this=000058AC001BAD40}, {new_limit=85})
[22200:6092:0729/111544.286:VERBOSE1:media_stream_manager.cc(1533)] MSPL::OnSpeedLimitChange({this=000058AC001BAD40}, {new_limit=84})
[22200:6092:0729/111548.290:VERBOSE1:media_stream_manager.cc(1533)] MSPL::OnSpeedLimitChange({this=000058AC001BAD40}, {new_limit=85})
[22200:6092:0729/111553.289:VERBOSE1:media_stream_manager.cc(1533)] MSPL::OnSpeedLimitChange({this=000058AC001BAD40}, {new_limit=86})
[22200:6092:0729/111557.288:VERBOSE1:media_stream_manager.cc(1533)] MSPL::OnSpeedLimitChange({this=000058AC001BAD40}, {new_limit=85})
[22200:6092:0729/111604.285:VERBOSE1:media_stream_manager.cc(1533)] MSPL::OnSpeedLimitChange({this=000058AC001BAD40}, {new_limit=84})
[22200:6092:0729/111605.291:VERBOSE1:media_stream_manager.cc(1533)] MSPL::OnSpeedLimitChange({this=000058AC001BAD40}, {new_limit=85})
[22200:6092:0729/111607.300:VERBOSE1:media_stream_manager.cc(1533)] MSPL::OnSpeedLimitChange({this=000058AC001BAD40}, {new_limit=100})
[22200:6092:0729/111621.292:VERBOSE1:media_stream_manager.cc(1533)] MSPL::OnSpeedLimitChange({this=000058AC001BAD40}, {new_limit=85})
[22200:6092:0729/111623.301:VERBOSE1:media_stream_manager.cc(1533)] MSPL::OnSpeedLimitChange({this=000058AC001BAD40}, {new_limit=86})
[22200:6092:0729/111624.302:VERBOSE1:media_stream_manager.cc(1533)] MSPL::OnSpeedLimitChange({this=000058AC001BAD40}, {new_limit=100})
[22200:6092:0729/111634.303:VERBOSE1:media_stream_manager.cc(1533)] MSPL::OnSpeedLimitChange({this=000058AC001BAD40}, {new_limit=84})
[22200:6092:0729/111638.306:VERBOSE1:media_stream_manager.cc(1533)] MSPL::OnSpeedLimitChange({this=000058AC001BAD40}, {new_limit=83})
[22200:6092:0729/111641.308:VERBOSE1:media_stream_manager.cc(1533)] MSPL::OnSpeedLimitChange({this=000058AC001BAD40}, {new_limit=82})
[22200:6092:0729/111642.323:VERBOSE1:media_stream_manager.cc(1533)] MSPL::OnSpeedLimitChange({this=000058AC001BAD40}, {new_limit=83})
[22200:6092:0729/111643.324:VERBOSE1:media_stream_manager.cc(1533)] MSPL::OnSpeedLimitChange({this=000058AC001BAD40}, {new_limit=100})
[22200:15852:0729/111643.820:VERBOSE1:device_event_log_impl.cc(198)] [11:16:43.820] Display: EVENT: screen_win.cc:893 Displays updated, count: 1
[22200:15852:0729/111643.820:VERBOSE1:device_event_log_impl.cc(198)] [11:16:43.821] Display: EVENT: screen_win.cc:895 Display[3557315901] bounds=[0,0 1920x1080], workarea=[0,0 1920x1080], scale=1, rotation=0, panel_rotation=0 external detected
[22200:15852:0729/111646.241:VERBOSE1:device_event_log_impl.cc(198)] [11:16:46.241] Display: EVENT: screen_win.cc:893 Displays updated, count: 1
[22200:15852:0729/111646.241:VERBOSE1:device_event_log_impl.cc(198)] [11:16:46.242] Display: EVENT: screen_win.cc:895 Display[3557315901] bounds=[0,0 1920x1080], workarea=[0,0 1920x1080], scale=1, rotation=0, panel_rotation=0 external detected
[22200:6092:0729/111656.322:VERBOSE1:media_stream_manager.cc(1533)] MSPL::OnSpeedLimitChange({this=000058AC001BAD40}, {new_limit=84})
[22200:6092:0729/111701.329:VERBOSE1:media_stream_manager.cc(1533)] MSPL::OnSpeedLimitChange({this=000058AC001BAD40}, {new_limit=82})
[22200:6092:0729/111704.315:VERBOSE1:media_stream_manager.cc(1533)] MSPL::OnSpeedLimitChange({this=000058AC001BAD40}, {new_limit=83})
[22200:6092:0729/111707.318:VERBOSE1:media_stream_manager.cc(1533)] MSPL::OnSpeedLimitChange({this=000058AC001BAD40}, {new_limit=82})
[22200:6092:0729/111709.323:VERBOSE1:media_stream_manager.cc(1533)] MSPL::OnSpeedLimitChange({this=000058AC001BAD40}, {new_limit=81})
[22200:6092:0729/111711.325:VERBOSE1:media_stream_manager.cc(1533)] MSPL::OnSpeedLimitChange({this=000058AC001BAD40}, {new_limit=83})
[22200:6092:0729/111713.342:VERBOSE1:media_stream_manager.cc(1533)] MSPL::OnSpeedLimitChange({this=000058AC001BAD40}, {new_limit=100})
[22200:15852:0729/111713.749:VERBOSE1:device_event_log_impl.cc(198)] [11:17:13.750] Display: EVENT: screen_win.cc:893 Displays updated, count: 1
[22200:15852:0729/111713.749:VERBOSE1:device_event_log_impl.cc(198)] [11:17:13.750] Display: EVENT: screen_win.cc:895 Display[3557315901] bounds=[0,0 1920x1080], workarea=[0,0 1920x1080], scale=1, rotation=0, panel_rotation=0 external detected
[22200:15852:0729/111717.437:VERBOSE1:device_event_log_impl.cc(198)] [11:17:17.437] Display: EVENT: screen_win.cc:893 Displays updated, count: 1
[22200:15852:0729/111717.437:VERBOSE1:device_event_log_impl.cc(198)] [11:17:17.437] Display: EVENT: screen_win.cc:895 Display[3557315901] bounds=[0,0 1920x1080], workarea=[0,0 1920x1080], scale=1, rotation=0, panel_rotation=0 external detected
[22200:15852:0729/111725.113:VERBOSE1:device_event_log_impl.cc(198)] [11:17:25.113] Display: EVENT: screen_win.cc:893 Displays updated, count: 1
[22200:15852:0729/111725.113:VERBOSE1:device_event_log_impl.cc(198)] [11:17:25.113] Display: EVENT: screen_win.cc:895 Display[3557315901] bounds=[0,0 1920x1080], workarea=[0,0 1920x1080], scale=1, rotation=0, panel_rotation=0 external detected
[22200:15852:0729/111735.421:VERBOSE1:device_event_log_impl.cc(198)] [11:17:35.421] Display: EVENT: screen_win.cc:893 Displays updated, count: 1
[22200:15852:0729/111735.421:VERBOSE1:device_event_log_impl.cc(198)] [11:17:35.422] Display: EVENT: screen_win.cc:895 Display[3557315901] bounds=[0,0 1920x1080], workarea=[0,0 1920x1080], scale=1, rotation=0, panel_rotation=0 external detected
[22200:6092:0729/111745.339:VERBOSE1:media_stream_manager.cc(1533)] MSPL::OnSpeedLimitChange({this=000058AC001BAD40}, {new_limit=83})
[22200:6092:0729/111746.338:VERBOSE1:media_stream_manager.cc(1533)] MSPL::OnSpeedLimitChange({this=000058AC001BAD40}, {new_limit=82})
[22200:6092:0729/111747.333:VERBOSE1:media_stream_manager.cc(1533)] MSPL::OnSpeedLimitChange({this=000058AC001BAD40}, {new_limit=100})
[22200:15852:0729/111822.595:VERBOSE1:device_event_log_impl.cc(198)] [11:18:22.596] Display: EVENT: screen_win.cc:893 Displays updated, count: 1
[22200:15852:0729/111822.595:VERBOSE1:device_event_log_impl.cc(198)] [11:18:22.596] Display: EVENT: screen_win.cc:895 Display[3557315901] bounds=[0,0 1920x1080], workarea=[0,0 1920x1080], scale=1, rotation=0, panel_rotation=0 external detected
[22200:6092:0729/111853.372:VERBOSE1:media_stream_manager.cc(1533)] MSPL::OnSpeedLimitChange({this=000058AC001BAD40}, {new_limit=88})
[22200:6092:0729/111854.365:VERBOSE1:media_stream_manager.cc(1533)] MSPL::OnSpeedLimitChange({this=000058AC001BAD40}, {new_limit=100})
[22200:15852:0729/111901.299:VERBOSE1:device_event_log_impl.cc(198)] [11:19:01.299] Display: EVENT: screen_win.cc:893 Displays updated, count: 1
[22200:15852:0729/111901.299:VERBOSE1:device_event_log_impl.cc(198)] [11:19:01.300] Display: EVENT: screen_win.cc:895 Display[3557315901] bounds=[0,0 1920x1080], workarea=[0,0 1920x1080], scale=1, rotation=0, panel_rotation=0 external detected
[22200:15852:0729/111910.918:VERBOSE1:device_event_log_impl.cc(198)] [11:19:10.918] Display: EVENT: screen_win.cc:893 Displays updated, count: 1
[22200:15852:0729/111910.918:VERBOSE1:device_event_log_impl.cc(198)] [11:19:10.918] Display: EVENT: screen_win.cc:895 Display[3557315901] bounds=[0,0 1920x1080], workarea=[0,0 1920x1080], scale=1, rotation=0, panel_rotation=0 external detected
[22200:6092:0729/111921.374:VERBOSE1:media_stream_manager.cc(1533)] MSPL::OnSpeedLimitChange({this=000058AC001BAD40}, {new_limit=83})
[22200:6092:0729/111924.374:VERBOSE1:media_stream_manager.cc(1533)] MSPL::OnSpeedLimitChange({this=000058AC001BAD40}, {new_limit=82})
[22200:6092:0729/111925.382:VERBOSE1:media_stream_manager.cc(1533)] MSPL::OnSpeedLimitChange({this=000058AC001BAD40}, {new_limit=100})
[22200:15852:0729/111929.890:VERBOSE1:device_event_log_impl.cc(198)] [11:19:29.890] Display: EVENT: screen_win.cc:893 Displays updated, count: 1
[22200:15852:0729/111929.890:VERBOSE1:device_event_log_impl.cc(198)] [11:19:29.890] Display: EVENT: screen_win.cc:895 Display[3557315901] bounds=[0,0 1920x1080], workarea=[0,0 1920x1080], scale=1, rotation=0, panel_rotation=0 external detected
[22200:15852:0729/112033.588:VERBOSE1:device_event_log_impl.cc(198)] [11:20:33.588] Display: EVENT: screen_win.cc:893 Displays updated, count: 1
[22200:15852:0729/112033.588:VERBOSE1:device_event_log_impl.cc(198)] [11:20:33.588] Display: EVENT: screen_win.cc:895 Display[3557315901] bounds=[0,0 1920x1080], workarea=[0,0 1920x1080], scale=1, rotation=0, panel_rotation=0 external detected
[22200:15852:0729/112111.198:VERBOSE1:device_event_log_impl.cc(198)] [11:21:11.197] Display: EVENT: screen_win.cc:893 Displays updated, count: 1
[22200:15852:0729/112111.198:VERBOSE1:device_event_log_impl.cc(198)] [11:21:11.197] Display: EVENT: screen_win.cc:895 Display[3557315901] bounds=[0,0 1920x1080], workarea=[0,0 1920x1080], scale=1, rotation=0, panel_rotation=0 external detected
[22200:15852:0729/112117.789:VERBOSE1:device_event_log_impl.cc(198)] [11:21:17.788] Display: EVENT: screen_win.cc:893 Displays updated, count: 1
[22200:15852:0729/112117.789:VERBOSE1:device_event_log_impl.cc(198)] [11:21:17.789] Display: EVENT: screen_win.cc:895 Display[3557315901] bounds=[0,0 1920x1080], workarea=[0,0 1920x1080], scale=1, rotation=0, panel_rotation=0 external detected
[22200:15852:0729/112140.872:VERBOSE1:device_event_log_impl.cc(198)] [11:21:40.871] Display: EVENT: screen_win.cc:893 Displays updated, count: 1
[22200:15852:0729/112140.872:VERBOSE1:device_event_log_impl.cc(198)] [11:21:40.871] Display: EVENT: screen_win.cc:895 Display[3557315901] bounds=[0,0 1920x1080], workarea=[0,0 1920x1080], scale=1, rotation=0, panel_rotation=0 external detected
[22200:6092:0729/112156.440:VERBOSE1:media_stream_manager.cc(1533)] MSPL::OnSpeedLimitChange({this=000058AC001BAD40}, {new_limit=81})
[22200:6092:0729/112158.445:VERBOSE1:media_stream_manager.cc(1533)] MSPL::OnSpeedLimitChange({this=000058AC001BAD40}, {new_limit=82})
[22200:6092:0729/112205.445:VERBOSE1:media_stream_manager.cc(1533)] MSPL::OnSpeedLimitChange({this=000058AC001BAD40}, {new_limit=100})
[22200:6092:0729/112215.446:VERBOSE1:media_stream_manager.cc(1533)] MSPL::OnSpeedLimitChange({this=000058AC001BAD40}, {new_limit=83})
[22200:6092:0729/112216.446:VERBOSE1:media_stream_manager.cc(1533)] MSPL::OnSpeedLimitChange({this=000058AC001BAD40}, {new_limit=82})
[22200:6092:0729/112217.461:VERBOSE1:media_stream_manager.cc(1533)] MSPL::OnSpeedLimitChange({this=000058AC001BAD40}, {new_limit=83})
[22200:6092:0729/112218.445:VERBOSE1:media_stream_manager.cc(1533)] MSPL::OnSpeedLimitChange({this=000058AC001BAD40}, {new_limit=82})
[22200:6092:0729/112222.458:VERBOSE1:media_stream_manager.cc(1533)] MSPL::OnSpeedLimitChange({this=000058AC001BAD40}, {new_limit=83})
[22200:6092:0729/112230.589:VERBOSE1:media_stream_manager.cc(1533)] MSPL::OnSpeedLimitChange({this=000058AC001BAD40}, {new_limit=100})
[22200:15852:0729/112234.174:VERBOSE1:device_event_log_impl.cc(198)] [11:22:34.174] Display: EVENT: screen_win.cc:893 Displays updated, count: 1
[22200:15852:0729/112234.174:VERBOSE1:device_event_log_impl.cc(198)] [11:22:34.174] Display: EVENT: screen_win.cc:895 Display[3557315901] bounds=[0,0 1920x1080], workarea=[0,0 1920x1080], scale=1, rotation=0, panel_rotation=0 external detected
[22200:15852:0729/112241.542:VERBOSE1:device_event_log_impl.cc(198)] [11:22:41.542] Display: EVENT: screen_win.cc:893 Displays updated, count: 1
[22200:15852:0729/112241.542:VERBOSE1:device_event_log_impl.cc(198)] [11:22:41.542] Display: EVENT: screen_win.cc:895 Display[3557315901] bounds=[0,0 1920x1080], workarea=[0,0 1920x1080], scale=1, rotation=0, panel_rotation=0 external detected
[22200:6092:0729/112251.461:VERBOSE1:media_stream_manager.cc(1533)] MSPL::OnSpeedLimitChange({this=000058AC001BAD40}, {new_limit=81})
[22200:6092:0729/112310.486:VERBOSE1:media_stream_manager.cc(1533)] MSPL::OnSpeedLimitChange({this=000058AC001BAD40}, {new_limit=82})
[22200:6092:0729/112316.482:VERBOSE1:media_stream_manager.cc(1533)] MSPL::OnSpeedLimitChange({this=000058AC001BAD40}, {new_limit=83})
[22200:6092:0729/112320.472:VERBOSE1:media_stream_manager.cc(1533)] MSPL::OnSpeedLimitChange({this=000058AC001BAD40}, {new_limit=82})
[22200:6092:0729/112322.475:VERBOSE1:media_stream_manager.cc(1533)] MSPL::OnSpeedLimitChange({this=000058AC001BAD40}, {new_limit=83})
[22200:6092:0729/112325.485:VERBOSE1:media_stream_manager.cc(1533)] MSPL::OnSpeedLimitChange({this=000058AC001BAD40}, {new_limit=82})
[22200:6092:0729/112332.474:VERBOSE1:media_stream_manager.cc(1533)] MSPL::OnSpeedLimitChange({this=000058AC001BAD40}, {new_limit=81})
[22200:6092:0729/112340.492:VERBOSE1:media_stream_manager.cc(1533)] MSPL::OnSpeedLimitChange({this=000058AC001BAD40}, {new_limit=82})
[22200:6092:0729/112351.485:VERBOSE1:media_stream_manager.cc(1533)] MSPL::OnSpeedLimitChange({this=000058AC001BAD40}, {new_limit=81})
[22200:6092:0729/112354.491:VERBOSE1:media_stream_manager.cc(1533)] MSPL::OnSpeedLimitChange({this=000058AC001BAD40}, {new_limit=82})
[22200:6092:0729/112357.486:VERBOSE1:media_stream_manager.cc(1533)] MSPL::OnSpeedLimitChange({this=000058AC001BAD40}, {new_limit=83})
[22200:6092:0729/112402.501:VERBOSE1:media_stream_manager.cc(1533)] MSPL::OnSpeedLimitChange({this=000058AC001BAD40}, {new_limit=82})
[22200:6092:0729/112410.506:VERBOSE1:media_stream_manager.cc(1533)] MSPL::OnSpeedLimitChange({this=000058AC001BAD40}, {new_limit=81})
[22200:6092:0729/112413.495:VERBOSE1:media_stream_manager.cc(1533)] MSPL::OnSpeedLimitChange({this=000058AC001BAD40}, {new_limit=82})
[22200:6092:0729/112414.499:VERBOSE1:media_stream_manager.cc(1533)] MSPL::OnSpeedLimitChange({this=000058AC001BAD40}, {new_limit=81})
[22200:6092:0729/112419.511:VERBOSE1:media_stream_manager.cc(1533)] MSPL::OnSpeedLimitChange({this=000058AC001BAD40}, {new_limit=82})
[22200:6092:0729/112429.509:VERBOSE1:media_stream_manager.cc(1533)] MSPL::OnSpeedLimitChange({this=000058AC001BAD40}, {new_limit=81})
[22200:6092:0729/112440.661:VERBOSE1:media_stream_manager.cc(1533)] MSPL::OnSpeedLimitChange({this=000058AC001BAD40}, {new_limit=100})
[22200:15852:0729/112457.614:VERBOSE1:device_event_log_impl.cc(198)] [11:24:57.614] Display: EVENT: screen_win.cc:893 Displays updated, count: 1
[22200:15852:0729/112457.614:VERBOSE1:device_event_log_impl.cc(198)] [11:24:57.614] Display: EVENT: screen_win.cc:895 Display[3557315901] bounds=[0,0 1920x1080], workarea=[0,0 1920x1080], scale=1, rotation=0, panel_rotation=0 external detected
[22200:15852:0729/112504.925:VERBOSE1:device_event_log_impl.cc(198)] [11:25:04.925] Display: EVENT: screen_win.cc:893 Displays updated, count: 1
[22200:15852:0729/112504.925:VERBOSE1:device_event_log_impl.cc(198)] [11:25:04.925] Display: EVENT: screen_win.cc:895 Display[3557315901] bounds=[0,0 1920x1080], workarea=[0,0 1920x1080], scale=1, rotation=0, panel_rotation=0 external detected
[22200:6092:0729/112514.532:VERBOSE1:media_stream_manager.cc(1533)] MSPL::OnSpeedLimitChange({this=000058AC001BAD40}, {new_limit=81})
[22200:6092:0729/112515.539:VERBOSE1:media_stream_manager.cc(1533)] MSPL::OnSpeedLimitChange({this=000058AC001BAD40}, {new_limit=80})
[22200:6092:0729/112516.554:VERBOSE1:media_stream_manager.cc(1533)] MSPL::OnSpeedLimitChange({this=000058AC001BAD40}, {new_limit=100})
[22200:6092:0729/112533.543:VERBOSE1:media_stream_manager.cc(1533)] MSPL::OnSpeedLimitChange({this=000058AC001BAD40}, {new_limit=81})
[22200:6092:0729/112534.534:VERBOSE1:media_stream_manager.cc(1533)] MSPL::OnSpeedLimitChange({this=000058AC001BAD40}, {new_limit=82})
[22200:6092:0729/112544.545:VERBOSE1:media_stream_manager.cc(1533)] MSPL::OnSpeedLimitChange({this=000058AC001BAD40}, {new_limit=81})
[22200:6092:0729/112610.658:VERBOSE1:media_stream_manager.cc(1533)] MSPL::OnSpeedLimitChange({this=000058AC001BAD40}, {new_limit=100})
[22200:15852:0729/112614.916:VERBOSE1:device_event_log_impl.cc(198)] [11:26:14.916] Display: EVENT: screen_win.cc:893 Displays updated, count: 1
[22200:15852:0729/112614.916:VERBOSE1:device_event_log_impl.cc(198)] [11:26:14.916] Display: EVENT: screen_win.cc:895 Display[3557315901] bounds=[0,0 1920x1080], workarea=[0,0 1920x1080], scale=1, rotation=0, panel_rotation=0 external detected
[22200:6092:0729/112624.555:VERBOSE1:media_stream_manager.cc(1533)] MSPL::OnSpeedLimitChange({this=000058AC001BAD40}, {new_limit=82})
[22200:6092:0729/112625.561:VERBOSE1:media_stream_manager.cc(1533)] MSPL::OnSpeedLimitChange({this=000058AC001BAD40}, {new_limit=81})
[22200:6092:0729/112626.750:VERBOSE1:media_stream_manager.cc(1533)] MSPL::OnSpeedLimitChange({this=000058AC001BAD40}, {new_limit=100})
[22200:15852:0729/112632.108:VERBOSE1:device_event_log_impl.cc(198)] [11:26:32.108] Display: EVENT: screen_win.cc:893 Displays updated, count: 1
[22200:15852:0729/112632.108:VERBOSE1:device_event_log_impl.cc(198)] [11:26:32.108] Display: EVENT: screen_win.cc:895 Display[3557315901] bounds=[0,0 1920x1080], workarea=[0,0 1920x1080], scale=1, rotation=0, panel_rotation=0 external detected
[22200:6092:0729/112642.572:VERBOSE1:media_stream_manager.cc(1533)] MSPL::OnSpeedLimitChange({this=000058AC001BAD40}, {new_limit=81})
[22200:6092:0729/112701.574:VERBOSE1:media_stream_manager.cc(1533)] MSPL::OnSpeedLimitChange({this=000058AC001BAD40}, {new_limit=78})
[22200:6092:0729/112704.571:VERBOSE1:media_stream_manager.cc(1533)] MSPL::OnSpeedLimitChange({this=000058AC001BAD40}, {new_limit=79})
[22200:6092:0729/112705.571:VERBOSE1:media_stream_manager.cc(1533)] MSPL::OnSpeedLimitChange({this=000058AC001BAD40}, {new_limit=78})
[22200:6092:0729/112706.642:VERBOSE1:media_stream_manager.cc(1533)] MSPL::OnSpeedLimitChange({this=000058AC001BAD40}, {new_limit=100})
[22200:6092:0729/112716.575:VERBOSE1:media_stream_manager.cc(1533)] MSPL::OnSpeedLimitChange({this=000058AC001BAD40}, {new_limit=82})
[22200:6092:0729/112718.575:VERBOSE1:media_stream_manager.cc(1533)] MSPL::OnSpeedLimitChange({this=000058AC001BAD40}, {new_limit=81})
[22200:6092:0729/112725.892:VERBOSE1:media_stream_manager.cc(1533)] MSPL::OnSpeedLimitChange({this=000058AC001BAD40}, {new_limit=100})
[22200:15852:0729/112733.276:VERBOSE1:device_event_log_impl.cc(198)] [11:27:33.276] Display: EVENT: screen_win.cc:893 Displays updated, count: 1
[22200:15852:0729/112733.276:VERBOSE1:device_event_log_impl.cc(198)] [11:27:33.277] Display: EVENT: screen_win.cc:895 Display[3557315901] bounds=[0,0 1920x1080], workarea=[0,0 1920x1080], scale=1, rotation=0, panel_rotation=0 external detected
[22200:6092:0729/112749.593:VERBOSE1:media_stream_manager.cc(1533)] MSPL::OnSpeedLimitChange({this=000058AC001BAD40}, {new_limit=81})
[22200:6092:0729/112756.760:VERBOSE1:media_stream_manager.cc(1533)] MSPL::OnSpeedLimitChange({this=000058AC001BAD40}, {new_limit=100})
[22200:15852:0729/112758.861:VERBOSE1:device_event_log_impl.cc(198)] [11:27:58.861] Display: EVENT: screen_win.cc:893 Displays updated, count: 1
[22200:15852:0729/112758.862:VERBOSE1:device_event_log_impl.cc(198)] [11:27:58.861] Display: EVENT: screen_win.cc:895 Display[3557315901] bounds=[0,0 1920x1080], workarea=[0,0 1920x1080], scale=1, rotation=0, panel_rotation=0 external detected
[22200:6092:0729/112809.603:VERBOSE1:media_stream_manager.cc(1533)] MSPL::OnSpeedLimitChange({this=000058AC001BAD40}, {new_limit=82})
[22200:6092:0729/112810.679:VERBOSE1:media_stream_manager.cc(1533)] MSPL::OnSpeedLimitChange({this=000058AC001BAD40}, {new_limit=100})
[22200:15852:0729/112813.276:VERBOSE1:device_event_log_impl.cc(198)] [11:28:13.276] Display: EVENT: screen_win.cc:893 Displays updated, count: 1
[22200:15852:0729/112813.276:VERBOSE1:device_event_log_impl.cc(198)] [11:28:13.276] Display: EVENT: screen_win.cc:895 Display[3557315901] bounds=[0,0 1920x1080], workarea=[0,0 1920x1080], scale=1, rotation=0, panel_rotation=0 external detected
[22200:6092:0729/112823.607:VERBOSE1:media_stream_manager.cc(1533)] MSPL::OnSpeedLimitChange({this=000058AC001BAD40}, {new_limit=82})
[22200:6092:0729/112827.618:VERBOSE1:media_stream_manager.cc(1533)] MSPL::OnSpeedLimitChange({this=000058AC001BAD40}, {new_limit=81})
[22200:6092:0729/112830.619:VERBOSE1:media_stream_manager.cc(1533)] MSPL::OnSpeedLimitChange({this=000058AC001BAD40}, {new_limit=82})
[22200:6092:0729/112832.842:VERBOSE1:media_stream_manager.cc(1533)] MSPL::OnSpeedLimitChange({this=000058AC001BAD40}, {new_limit=100})
[22200:15852:0729/112835.933:VERBOSE1:device_event_log_impl.cc(198)] [11:28:35.933] Display: EVENT: screen_win.cc:893 Displays updated, count: 1
[22200:15852:0729/112835.933:VERBOSE1:device_event_log_impl.cc(198)] [11:28:35.933] Display: EVENT: screen_win.cc:895 Display[3557315901] bounds=[0,0 1920x1080], workarea=[0,0 1920x1080], scale=1, rotation=0, panel_rotation=0 external detected
[22200:6092:0729/112854.626:VERBOSE1:media_stream_manager.cc(1533)] MSPL::OnSpeedLimitChange({this=000058AC001BAD40}, {new_limit=81})
[22200:6092:0729/112900.638:VERBOSE1:media_stream_manager.cc(1533)] MSPL::OnSpeedLimitChange({this=000058AC001BAD40}, {new_limit=80})
[22200:6092:0729/112903.630:VERBOSE1:media_stream_manager.cc(1533)] MSPL::OnSpeedLimitChange({this=000058AC001BAD40}, {new_limit=81})
[22200:6092:0729/112908.626:VERBOSE1:media_stream_manager.cc(1533)] MSPL::OnSpeedLimitChange({this=000058AC001BAD40}, {new_limit=100})
[22200:6092:0729/112918.630:VERBOSE1:media_stream_manager.cc(1533)] MSPL::OnSpeedLimitChange({this=000058AC001BAD40}, {new_limit=81})
[22200:6092:0729/112920.753:VERBOSE1:media_stream_manager.cc(1533)] MSPL::OnSpeedLimitChange({this=000058AC001BAD40}, {new_limit=100})
[22200:15852:0729/112922.059:VERBOSE1:device_event_log_impl.cc(198)] [11:29:22.058] Display: EVENT: screen_win.cc:893 Displays updated, count: 1
[22200:15852:0729/112922.059:VERBOSE1:device_event_log_impl.cc(198)] [11:29:22.059] Display: EVENT: screen_win.cc:895 Display[3557315901] bounds=[0,0 1920x1080], workarea=[0,0 1920x1080], scale=1, rotation=0, panel_rotation=0 external detected
[22200:6092:0729/112931.647:VERBOSE1:media_stream_manager.cc(1533)] MSPL::OnSpeedLimitChange({this=000058AC001BAD40}, {new_limit=81})
[22200:6092:0729/112937.670:VERBOSE1:media_stream_manager.cc(1533)] MSPL::OnSpeedLimitChange({this=000058AC001BAD40}, {new_limit=100})
[22200:6092:0729/112947.645:VERBOSE1:media_stream_manager.cc(1533)] MSPL::OnSpeedLimitChange({this=000058AC001BAD40}, {new_limit=82})
[22200:6092:0729/112953.641:VERBOSE1:media_stream_manager.cc(1533)] MSPL::OnSpeedLimitChange({this=000058AC001BAD40}, {new_limit=81})
[22200:6092:0729/113005.668:VERBOSE1:media_stream_manager.cc(1533)] MSPL::OnSpeedLimitChange({this=000058AC001BAD40}, {new_limit=82})
[22200:6092:0729/113013.669:VERBOSE1:media_stream_manager.cc(1533)] MSPL::OnSpeedLimitChange({this=000058AC001BAD40}, {new_limit=83})
[22200:6092:0729/113016.672:VERBOSE1:media_stream_manager.cc(1533)] MSPL::OnSpeedLimitChange({this=000058AC001BAD40}, {new_limit=82})
[22200:6092:0729/113022.673:VERBOSE1:media_stream_manager.cc(1533)] MSPL::OnSpeedLimitChange({this=000058AC001BAD40}, {new_limit=81})
[22200:6092:0729/113029.666:VERBOSE1:media_stream_manager.cc(1533)] MSPL::OnSpeedLimitChange({this=000058AC001BAD40}, {new_limit=82})
[22200:6092:0729/113037.680:VERBOSE1:media_stream_manager.cc(1533)] MSPL::OnSpeedLimitChange({this=000058AC001BAD40}, {new_limit=81})
[22200:6092:0729/113038.685:VERBOSE1:media_stream_manager.cc(1533)] MSPL::OnSpeedLimitChange({this=000058AC001BAD40}, {new_limit=82})
[22200:6092:0729/113041.667:VERBOSE1:media_stream_manager.cc(1533)] MSPL::OnSpeedLimitChange({this=000058AC001BAD40}, {new_limit=81})
[22200:6092:0729/113043.670:VERBOSE1:media_stream_manager.cc(1533)] MSPL::OnSpeedLimitChange({this=000058AC001BAD40}, {new_limit=82})
[22200:6092:0729/113049.668:VERBOSE1:media_stream_manager.cc(1533)] MSPL::OnSpeedLimitChange({this=000058AC001BAD40}, {new_limit=81})
[22200:6092:0729/113057.947:VERBOSE1:media_stream_manager.cc(1533)] MSPL::OnSpeedLimitChange({this=000058AC001BAD40}, {new_limit=100})
[22200:15852:0729/113101.038:VERBOSE1:device_event_log_impl.cc(198)] [11:31:01.038] Display: EVENT: screen_win.cc:893 Displays updated, count: 1
[22200:15852:0729/113101.038:VERBOSE1:device_event_log_impl.cc(198)] [11:31:01.038] Display: EVENT: screen_win.cc:895 Display[3557315901] bounds=[0,0 1920x1080], workarea=[0,0 1920x1080], scale=1, rotation=0, panel_rotation=0 external detected
[22200:15852:0729/113106.626:VERBOSE1:device_event_log_impl.cc(198)] [11:31:06.626] Display: EVENT: screen_win.cc:893 Displays updated, count: 1
[22200:15852:0729/113106.627:VERBOSE1:device_event_log_impl.cc(198)] [11:31:06.626] Display: EVENT: screen_win.cc:895 Display[3557315901] bounds=[0,0 1920x1080], workarea=[0,0 1920x1080], scale=1, rotation=0, panel_rotation=0 external detected
[22200:6092:0729/113116.680:VERBOSE1:media_stream_manager.cc(1533)] MSPL::OnSpeedLimitChange({this=000058AC001BAD40}, {new_limit=82})
[22200:6092:0729/113119.693:VERBOSE1:media_stream_manager.cc(1533)] MSPL::OnSpeedLimitChange({this=000058AC001BAD40}, {new_limit=81})
[22200:6092:0729/113124.791:VERBOSE1:media_stream_manager.cc(1533)] MSPL::OnSpeedLimitChange({this=000058AC001BAD40}, {new_limit=100})
[22200:15852:0729/113135.052:VERBOSE1:device_event_log_impl.cc(198)] [11:31:35.052] Display: EVENT: screen_win.cc:893 Displays updated, count: 1
[22200:15852:0729/113135.052:VERBOSE1:device_event_log_impl.cc(198)] [11:31:35.053] Display: EVENT: screen_win.cc:895 Display[3557315901] bounds=[0,0 1920x1080], workarea=[0,0 1920x1080], scale=1, rotation=0, panel_rotation=0 external detected
[22200:6092:0729/113144.709:VERBOSE1:media_stream_manager.cc(1533)] MSPL::OnSpeedLimitChange({this=000058AC001BAD40}, {new_limit=81})
[22200:6092:0729/113148.708:VERBOSE1:media_stream_manager.cc(1533)] MSPL::OnSpeedLimitChange({this=000058AC001BAD40}, {new_limit=100})
[22200:6092:0729/113158.713:VERBOSE1:media_stream_manager.cc(1533)] MSPL::OnSpeedLimitChange({this=000058AC001BAD40}, {new_limit=80})
[22200:6092:0729/113159.714:VERBOSE1:media_stream_manager.cc(1533)] MSPL::OnSpeedLimitChange({this=000058AC001BAD40}, {new_limit=81})
[22200:6092:0729/113207.709:VERBOSE1:media_stream_manager.cc(1533)] MSPL::OnSpeedLimitChange({this=000058AC001BAD40}, {new_limit=82})
[22200:6092:0729/113211.713:VERBOSE1:media_stream_manager.cc(1533)] MSPL::OnSpeedLimitChange({this=000058AC001BAD40}, {new_limit=100})
[22200:6092:0729/113227.710:VERBOSE1:media_stream_manager.cc(1533)] MSPL::OnSpeedLimitChange({this=000058AC001BAD40}, {new_limit=82})
[22200:6092:0729/113234.716:VERBOSE1:media_stream_manager.cc(1533)] MSPL::OnSpeedLimitChange({this=000058AC001BAD40}, {new_limit=81})
[22200:6092:0729/113246.719:VERBOSE1:media_stream_manager.cc(1533)] MSPL::OnSpeedLimitChange({this=000058AC001BAD40}, {new_limit=80})
[22200:6092:0729/113247.730:VERBOSE1:media_stream_manager.cc(1533)] MSPL::OnSpeedLimitChange({this=000058AC001BAD40}, {new_limit=81})
[22200:6092:0729/113256.737:VERBOSE1:media_stream_manager.cc(1533)] MSPL::OnSpeedLimitChange({this=000058AC001BAD40}, {new_limit=82})
[22200:6092:0729/113305.724:VERBOSE1:media_stream_manager.cc(1533)] MSPL::OnSpeedLimitChange({this=000058AC001BAD40}, {new_limit=81})
[22200:6092:0729/113311.729:VERBOSE1:media_stream_manager.cc(1533)] MSPL::OnSpeedLimitChange({this=000058AC001BAD40}, {new_limit=82})
[22200:6092:0729/113314.740:VERBOSE1:media_stream_manager.cc(1533)] MSPL::OnSpeedLimitChange({this=000058AC001BAD40}, {new_limit=81})
[22200:6092:0729/113321.744:VERBOSE1:media_stream_manager.cc(1533)] MSPL::OnSpeedLimitChange({this=000058AC001BAD40}, {new_limit=100})
[22200:15852:0729/113323.107:VERBOSE1:device_event_log_impl.cc(198)] [11:33:23.107] Display: EVENT: screen_win.cc:893 Displays updated, count: 1
[22200:15852:0729/113323.107:VERBOSE1:device_event_log_impl.cc(198)] [11:33:23.107] Display: EVENT: screen_win.cc:895 Display[3557315901] bounds=[0,0 1920x1080], workarea=[0,0 1920x1080], scale=1, rotation=0, panel_rotation=0 external detected
[22200:15852:0729/113349.920:VERBOSE1:device_event_log_impl.cc(198)] [11:33:49.919] Display: EVENT: screen_win.cc:893 Displays updated, count: 1
[22200:15852:0729/113349.920:VERBOSE1:device_event_log_impl.cc(198)] [11:33:49.920] Display: EVENT: screen_win.cc:895 Display[3557315901] bounds=[0,0 1920x1080], workarea=[0,0 1920x1080], scale=1, rotation=0, panel_rotation=0 external detected
[22200:6092:0729/113418.773:VERBOSE1:media_stream_manager.cc(1533)] MSPL::OnSpeedLimitChange({this=000058AC001BAD40}, {new_limit=87})
[22200:6092:0729/113419.773:VERBOSE1:media_stream_manager.cc(1533)] MSPL::OnSpeedLimitChange({this=000058AC001BAD40}, {new_limit=86})
[22200:6092:0729/113420.764:VERBOSE1:media_stream_manager.cc(1533)] MSPL::OnSpeedLimitChange({this=000058AC001BAD40}, {new_limit=85})
[22200:6092:0729/113422.762:VERBOSE1:media_stream_manager.cc(1533)] MSPL::OnSpeedLimitChange({this=000058AC001BAD40}, {new_limit=84})
[22200:6092:0729/113423.764:VERBOSE1:media_stream_manager.cc(1533)] MSPL::OnSpeedLimitChange({this=000058AC001BAD40}, {new_limit=100})
[22200:6092:0729/113436.782:VERBOSE1:media_stream_manager.cc(1533)] MSPL::OnSpeedLimitChange({this=000058AC001BAD40}, {new_limit=82})
[22200:6092:0729/113437.770:VERBOSE1:media_stream_manager.cc(1533)] MSPL::OnSpeedLimitChange({this=000058AC001BAD40}, {new_limit=81})
[22200:6092:0729/113439.389:VERBOSE1:media_stream_manager.cc(1533)] MSPL::OnSpeedLimitChange({this=000058AC001BAD40}, {new_limit=100})
[22200:6092:0729/113448.776:VERBOSE1:media_stream_manager.cc(1533)] MSPL::OnSpeedLimitChange({this=000058AC001BAD40}, {new_limit=82})
[22200:6092:0729/113450.924:VERBOSE1:media_stream_manager.cc(1533)] MSPL::OnSpeedLimitChange({this=000058AC001BAD40}, {new_limit=100})
[22200:15852:0729/113641.674:VERBOSE1:device_event_log_impl.cc(198)] [11:36:41.674] Display: EVENT: screen_win.cc:893 Displays updated, count: 1
[22200:15852:0729/113641.675:VERBOSE1:device_event_log_impl.cc(198)] [11:36:41.674] Display: EVENT: screen_win.cc:895 Display[3557315901] bounds=[0,0 1920x1080], workarea=[0,0 1920x1080], scale=1, rotation=0, panel_rotation=0 external detected
[22200:15852:0729/113713.745:VERBOSE1:device_event_log_impl.cc(198)] [11:37:13.745] Display: EVENT: screen_win.cc:893 Displays updated, count: 1
[22200:15852:0729/113713.745:VERBOSE1:device_event_log_impl.cc(198)] [11:37:13.745] Display: EVENT: screen_win.cc:895 Display[3557315901] bounds=[0,0 1920x1080], workarea=[0,0 1920x1080], scale=1, rotation=0, panel_rotation=0 external detected
[22200:15852:0729/113715.501:VERBOSE1:device_event_log_impl.cc(198)] [11:37:15.500] Display: EVENT: screen_win.cc:893 Displays updated, count: 1
[22200:15852:0729/113715.501:VERBOSE1:device_event_log_impl.cc(198)] [11:37:15.500] Display: EVENT: screen_win.cc:895 Display[3557315901] bounds=[0,0 1920x1080], workarea=[0,0 1920x1080], scale=1, rotation=0, panel_rotation=0 external detected
[22200:15852:0729/113718.198:VERBOSE1:device_event_log_impl.cc(198)] [11:37:18.197] Display: EVENT: screen_win.cc:893 Displays updated, count: 1
[22200:15852:0729/113718.198:VERBOSE1:device_event_log_impl.cc(198)] [11:37:18.198] Display: EVENT: screen_win.cc:895 Display[3557315901] bounds=[0,0 1920x1080], workarea=[0,0 1920x1080], scale=1, rotation=0, panel_rotation=0 external detected
[22200:15852:0729/113746.222:VERBOSE1:device_event_log_impl.cc(198)] [11:37:46.222] Display: EVENT: screen_win.cc:893 Displays updated, count: 1
[22200:15852:0729/113746.222:VERBOSE1:device_event_log_impl.cc(198)] [11:37:46.222] Display: EVENT: screen_win.cc:895 Display[3557315901] bounds=[0,0 1920x1080], workarea=[0,0 1920x1080], scale=1, rotation=0, panel_rotation=0 external detected
[22200:6092:0729/113755.849:VERBOSE1:media_stream_manager.cc(1533)] MSPL::OnSpeedLimitChange({this=000058AC001BAD40}, {new_limit=88})
[22200:6092:0729/113758.858:VERBOSE1:media_stream_manager.cc(1533)] MSPL::OnSpeedLimitChange({this=000058AC001BAD40}, {new_limit=100})
[22200:15852:0729/113822.654:VERBOSE1:device_event_log_impl.cc(198)] [11:38:22.654] Display: EVENT: screen_win.cc:893 Displays updated, count: 1
[22200:15852:0729/113822.654:VERBOSE1:device_event_log_impl.cc(198)] [11:38:22.654] Display: EVENT: screen_win.cc:895 Display[3557315901] bounds=[0,0 1920x1080], workarea=[0,0 1920x1080], scale=1, rotation=0, panel_rotation=0 external detected
[22200:6092:0729/113832.870:VERBOSE1:media_stream_manager.cc(1533)] MSPL::OnSpeedLimitChange({this=000058AC001BAD40}, {new_limit=84})
[22200:6092:0729/113833.872:VERBOSE1:media_stream_manager.cc(1533)] MSPL::OnSpeedLimitChange({this=000058AC001BAD40}, {new_limit=83})
[22200:6092:0729/113841.870:VERBOSE1:media_stream_manager.cc(1533)] MSPL::OnSpeedLimitChange({this=000058AC001BAD40}, {new_limit=84})
[22200:6092:0729/113845.877:VERBOSE1:media_stream_manager.cc(1533)] MSPL::OnSpeedLimitChange({this=000058AC001BAD40}, {new_limit=83})
[22200:6092:0729/113851.869:VERBOSE1:media_stream_manager.cc(1533)] MSPL::OnSpeedLimitChange({this=000058AC001BAD40}, {new_limit=82})
[22200:6092:0729/113854.882:VERBOSE1:media_stream_manager.cc(1533)] MSPL::OnSpeedLimitChange({this=000058AC001BAD40}, {new_limit=100})
[22200:6092:0729/113904.890:VERBOSE1:media_stream_manager.cc(1533)] MSPL::OnSpeedLimitChange({this=000058AC001BAD40}, {new_limit=84})
[22200:6092:0729/113907.884:VERBOSE1:media_stream_manager.cc(1533)] MSPL::OnSpeedLimitChange({this=000058AC001BAD40}, {new_limit=83})
[22200:6092:0729/113908.890:VERBOSE1:media_stream_manager.cc(1533)] MSPL::OnSpeedLimitChange({this=000058AC001BAD40}, {new_limit=84})
[22200:6092:0729/113909.910:VERBOSE1:media_stream_manager.cc(1533)] MSPL::OnSpeedLimitChange({this=000058AC001BAD40}, {new_limit=100})
[22200:6092:0729/113919.882:VERBOSE1:media_stream_manager.cc(1533)] MSPL::OnSpeedLimitChange({this=000058AC001BAD40}, {new_limit=84})
[22200:6092:0729/113922.030:VERBOSE1:media_stream_manager.cc(1533)] MSPL::OnSpeedLimitChange({this=000058AC001BAD40}, {new_limit=100})
[22200:15852:0729/113925.784:VERBOSE1:device_event_log_impl.cc(198)] [11:39:25.784] Display: EVENT: screen_win.cc:893 Displays updated, count: 1
[22200:15852:0729/113925.784:VERBOSE1:device_event_log_impl.cc(198)] [11:39:25.784] Display: EVENT: screen_win.cc:895 Display[3557315901] bounds=[0,0 1920x1080], workarea=[0,0 1920x1080], scale=1, rotation=0, panel_rotation=0 external detected
[22200:15852:0729/114008.413:VERBOSE1:device_event_log_impl.cc(198)] [11:40:08.413] Display: EVENT: screen_win.cc:893 Displays updated, count: 1
[22200:15852:0729/114008.413:VERBOSE1:device_event_log_impl.cc(198)] [11:40:08.413] Display: EVENT: screen_win.cc:895 Display[3557315901] bounds=[0,0 1920x1080], workarea=[0,0 1920x1080], scale=1, rotation=0, panel_rotation=0 external detected
[22200:15852:0729/114010.466:VERBOSE1:device_event_log_impl.cc(198)] [11:40:10.466] Display: EVENT: screen_win.cc:893 Displays updated, count: 1
[22200:15852:0729/114010.466:VERBOSE1:device_event_log_impl.cc(198)] [11:40:10.466] Display: EVENT: screen_win.cc:895 Display[3557315901] bounds=[0,0 1920x1080], workarea=[0,0 1920x1080], scale=1, rotation=0, panel_rotation=0 external detected
[22200:15852:0729/114010.803:VERBOSE1:device_event_log_impl.cc(198)] [11:40:10.803] Display: EVENT: screen_win.cc:893 Displays updated, count: 1
[22200:15852:0729/114010.803:VERBOSE1:device_event_log_impl.cc(198)] [11:40:10.803] Display: EVENT: screen_win.cc:895 Display[3557315901] bounds=[0,0 1920x1080], workarea=[0,0 1920x1080], scale=1, rotation=0, panel_rotation=0 external detected
[22200:15852:0729/114012.016:VERBOSE1:device_event_log_impl.cc(198)] [11:40:12.016] Display: EVENT: screen_win.cc:893 Displays updated, count: 1
[22200:15852:0729/114012.016:VERBOSE1:device_event_log_impl.cc(198)] [11:40:12.016] Display: EVENT: screen_win.cc:895 Display[3557315901] bounds=[0,0 1920x1080], workarea=[0,0 1920x1080], scale=1, rotation=0, panel_rotation=0 external detected
[22200:15852:0729/114021.045:VERBOSE1:device_event_log_impl.cc(198)] [11:40:21.045] Display: EVENT: screen_win.cc:893 Displays updated, count: 1
[22200:15852:0729/114021.046:VERBOSE1:device_event_log_impl.cc(198)] [11:40:21.045] Display: EVENT: screen_win.cc:895 Display[3557315901] bounds=[0,0 1920x1080], workarea=[0,0 1920x1080], scale=1, rotation=0, panel_rotation=0 external detected
[22200:15852:0729/114033.710:VERBOSE1:device_event_log_impl.cc(198)] [11:40:33.710] Display: EVENT: screen_win.cc:893 Displays updated, count: 1
[22200:15852:0729/114033.710:VERBOSE1:device_event_log_impl.cc(198)] [11:40:33.710] Display: EVENT: screen_win.cc:895 Display[3557315901] bounds=[0,0 1920x1080], workarea=[0,0 1920x1080], scale=1, rotation=0, panel_rotation=0 external detected
[22200:15852:0729/114307.703:VERBOSE1:device_event_log_impl.cc(198)] [11:43:07.703] Display: EVENT: screen_win.cc:893 Displays updated, count: 1
[22200:15852:0729/114307.703:VERBOSE1:device_event_log_impl.cc(198)] [11:43:07.703] Display: EVENT: screen_win.cc:895 Display[3557315901] bounds=[0,0 1920x1080], workarea=[0,0 1920x1080], scale=1, rotation=0, panel_rotation=0 external detected
[22200:15852:0729/114310.439:VERBOSE1:device_event_log_impl.cc(198)] [11:43:10.439] Display: EVENT: screen_win.cc:893 Displays updated, count: 1
[22200:15852:0729/114310.439:VERBOSE1:device_event_log_impl.cc(198)] [11:43:10.439] Display: EVENT: screen_win.cc:895 Display[3557315901] bounds=[0,0 1920x1080], workarea=[0,0 1920x1080], scale=1, rotation=0, panel_rotation=0 external detected
[22200:15852:0729/114320.561:VERBOSE1:device_event_log_impl.cc(198)] [11:43:20.560] Display: EVENT: screen_win.cc:893 Displays updated, count: 1
[22200:15852:0729/114320.561:VERBOSE1:device_event_log_impl.cc(198)] [11:43:20.560] Display: EVENT: screen_win.cc:895 Display[3557315901] bounds=[0,0 1920x1080], workarea=[0,0 1920x1080], scale=1, rotation=0, panel_rotation=0 external detected
[22200:6092:0729/114344.987:VERBOSE1:media_stream_manager.cc(1533)] MSPL::OnSpeedLimitChange({this=000058AC001BAD40}, {new_limit=87})
[22200:6092:0729/114346.997:VERBOSE1:media_stream_manager.cc(1533)] MSPL::OnSpeedLimitChange({this=000058AC001BAD40}, {new_limit=88})
[22200:6092:0729/114348.990:VERBOSE1:media_stream_manager.cc(1533)] MSPL::OnSpeedLimitChange({this=000058AC001BAD40}, {new_limit=87})
[22200:6092:0729/114350.991:VERBOSE1:media_stream_manager.cc(1533)] MSPL::OnSpeedLimitChange({this=000058AC001BAD40}, {new_limit=100})
[22200:6092:0729/114434.006:VERBOSE1:media_stream_manager.cc(1533)] MSPL::OnSpeedLimitChange({this=000058AC001BAD40}, {new_limit=85})
[22200:6092:0729/114435.005:VERBOSE1:media_stream_manager.cc(1533)] MSPL::OnSpeedLimitChange({this=000058AC001BAD40}, {new_limit=86})
[22200:6092:0729/114439.021:VERBOSE1:media_stream_manager.cc(1533)] MSPL::OnSpeedLimitChange({this=000058AC001BAD40}, {new_limit=85})
[22200:6092:0729/114440.022:VERBOSE1:media_stream_manager.cc(1533)] MSPL::OnSpeedLimitChange({this=000058AC001BAD40}, {new_limit=86})
[22200:6092:0729/114444.297:VERBOSE1:media_stream_manager.cc(1533)] MSPL::OnSpeedLimitChange({this=000058AC001BAD40}, {new_limit=100})
[22200:6092:0729/114621.059:VERBOSE1:media_stream_manager.cc(1533)] MSPL::OnSpeedLimitChange({this=000058AC001BAD40}, {new_limit=88})
[22200:6092:0729/114626.061:VERBOSE1:media_stream_manager.cc(1533)] MSPL::OnSpeedLimitChange({this=000058AC001BAD40}, {new_limit=100})
[22200:6092:0729/114742.103:VERBOSE1:media_stream_manager.cc(1533)] MSPL::OnSpeedLimitChange({this=000058AC001BAD40}, {new_limit=87})
[22200:6092:0729/114743.095:VERBOSE1:media_stream_manager.cc(1533)] MSPL::OnSpeedLimitChange({this=000058AC001BAD40}, {new_limit=100})
[22200:6092:0729/114839.112:VERBOSE1:media_stream_manager.cc(1533)] MSPL::OnSpeedLimitChange({this=000058AC001BAD40}, {new_limit=85})
[22200:6092:0729/114841.116:VERBOSE1:media_stream_manager.cc(1533)] MSPL::OnSpeedLimitChange({this=000058AC001BAD40}, {new_limit=100})
[22200:6092:0729/114851.116:VERBOSE1:media_stream_manager.cc(1533)] MSPL::OnSpeedLimitChange({this=000058AC001BAD40}, {new_limit=85})
[22200:6092:0729/114853.124:VERBOSE1:media_stream_manager.cc(1533)] MSPL::OnSpeedLimitChange({this=000058AC001BAD40}, {new_limit=84})
[22200:6092:0729/114858.123:VERBOSE1:media_stream_manager.cc(1533)] MSPL::OnSpeedLimitChange({this=000058AC001BAD40}, {new_limit=85})
[22200:6092:0729/114859.124:VERBOSE1:media_stream_manager.cc(1533)] MSPL::OnSpeedLimitChange({this=000058AC001BAD40}, {new_limit=84})
[22200:6092:0729/114901.130:VERBOSE1:media_stream_manager.cc(1533)] MSPL::OnSpeedLimitChange({this=000058AC001BAD40}, {new_limit=83})
[22200:6092:0729/114904.123:VERBOSE1:media_stream_manager.cc(1533)] MSPL::OnSpeedLimitChange({this=000058AC001BAD40}, {new_limit=100})
[22200:6092:0729/114923.126:VERBOSE1:media_stream_manager.cc(1533)] MSPL::OnSpeedLimitChange({this=000058AC001BAD40}, {new_limit=86})
[22200:6092:0729/114929.157:VERBOSE1:media_stream_manager.cc(1533)] MSPL::OnSpeedLimitChange({this=000058AC001BAD40}, {new_limit=100})
[22200:6092:0729/114939.141:VERBOSE1:media_stream_manager.cc(1533)] MSPL::OnSpeedLimitChange({this=000058AC001BAD40}, {new_limit=84})
[22200:6092:0729/114946.150:VERBOSE1:media_stream_manager.cc(1533)] MSPL::OnSpeedLimitChange({this=000058AC001BAD40}, {new_limit=100})
[22200:6092:0729/115017.170:VERBOSE1:media_stream_manager.cc(1533)] MSPL::OnSpeedLimitChange({this=000058AC001BAD40}, {new_limit=85})
[22200:6092:0729/115018.163:VERBOSE1:media_stream_manager.cc(1533)] MSPL::OnSpeedLimitChange({this=000058AC001BAD40}, {new_limit=100})
[22200:6092:0729/115034.175:VERBOSE1:media_stream_manager.cc(1533)] MSPL::OnSpeedLimitChange({this=000058AC001BAD40}, {new_limit=85})
[22200:6092:0729/115035.167:VERBOSE1:media_stream_manager.cc(1533)] MSPL::OnSpeedLimitChange({this=000058AC001BAD40}, {new_limit=100})
[22200:6092:0729/115142.202:VERBOSE1:media_stream_manager.cc(1533)] MSPL::OnSpeedLimitChange({this=000058AC001BAD40}, {new_limit=87})
[22200:6092:0729/115144.194:VERBOSE1:media_stream_manager.cc(1533)] MSPL::OnSpeedLimitChange({this=000058AC001BAD40}, {new_limit=100})
[22200:6092:0729/115154.197:VERBOSE1:media_stream_manager.cc(1533)] MSPL::OnSpeedLimitChange({this=000058AC001BAD40}, {new_limit=86})
[22200:6092:0729/115205.205:VERBOSE1:media_stream_manager.cc(1533)] MSPL::OnSpeedLimitChange({this=000058AC001BAD40}, {new_limit=87})
[22200:6092:0729/115211.212:VERBOSE1:media_stream_manager.cc(1533)] MSPL::OnSpeedLimitChange({this=000058AC001BAD40}, {new_limit=86})
[22200:6092:0729/115214.209:VERBOSE1:media_stream_manager.cc(1533)] MSPL::OnSpeedLimitChange({this=000058AC001BAD40}, {new_limit=85})
[22200:6092:0729/115216.230:VERBOSE1:media_stream_manager.cc(1533)] MSPL::OnSpeedLimitChange({this=000058AC001BAD40}, {new_limit=100})
[22200:15852:0729/115334.229:VERBOSE1:device_event_log_impl.cc(198)] [11:53:34.229] Display: EVENT: screen_win.cc:893 Displays updated, count: 1
[22200:15852:0729/115334.229:VERBOSE1:device_event_log_impl.cc(198)] [11:53:34.229] Display: EVENT: screen_win.cc:895 Display[3557315901] bounds=[0,0 1920x1080], workarea=[0,0 1920x1080], scale=1, rotation=0, panel_rotation=0 external detected
[22200:15852:0729/115343.941:VERBOSE1:device_event_log_impl.cc(198)] [11:53:43.941] Display: EVENT: screen_win.cc:893 Displays updated, count: 1
[22200:15852:0729/115343.941:VERBOSE1:device_event_log_impl.cc(198)] [11:53:43.941] Display: EVENT: screen_win.cc:895 Display[3557315901] bounds=[0,0 1920x1080], workarea=[0,0 1920x1080], scale=1, rotation=0, panel_rotation=0 external detected
[22200:6092:0729/115402.252:VERBOSE1:media_stream_manager.cc(1533)] MSPL::OnSpeedLimitChange({this=000058AC001BAD40}, {new_limit=86})
[22200:6092:0729/115403.261:VERBOSE1:media_stream_manager.cc(1533)] MSPL::OnSpeedLimitChange({this=000058AC001BAD40}, {new_limit=100})
[22200:15852:0729/115546.953:VERBOSE1:device_event_log_impl.cc(198)] [11:55:46.953] Display: EVENT: screen_win.cc:893 Displays updated, count: 1
[22200:15852:0729/115546.953:VERBOSE1:device_event_log_impl.cc(198)] [11:55:46.953] Display: EVENT: screen_win.cc:895 Display[3557315901] bounds=[0,0 1920x1080], workarea=[0,0 1920x1080], scale=1, rotation=0, panel_rotation=0 external detected
[22200:15852:0729/120405.169:VERBOSE1:device_event_log_impl.cc(198)] [12:04:05.169] Display: EVENT: screen_win.cc:893 Displays updated, count: 1
[22200:15852:0729/120405.169:VERBOSE1:device_event_log_impl.cc(198)] [12:04:05.169] Display: EVENT: screen_win.cc:895 Display[3557315901] bounds=[0,0 1920x1080], workarea=[0,0 1920x1080], scale=1, rotation=0, panel_rotation=0 external detected
[22200:15852:0729/120443.613:VERBOSE1:device_event_log_impl.cc(198)] [12:04:43.613] Display: EVENT: screen_win.cc:893 Displays updated, count: 1
[22200:15852:0729/120443.613:VERBOSE1:device_event_log_impl.cc(198)] [12:04:43.613] Display: EVENT: screen_win.cc:895 Display[3557315901] bounds=[0,0 1920x1080], workarea=[0,0 1920x1080], scale=1, rotation=0, panel_rotation=0 external detected
[22200:15852:0729/120543.029:VERBOSE1:device_event_log_impl.cc(198)] [12:05:43.029] Display: EVENT: screen_win.cc:893 Displays updated, count: 1
[22200:15852:0729/120543.029:VERBOSE1:device_event_log_impl.cc(198)] [12:05:43.029] Display: EVENT: screen_win.cc:895 Display[3557315901] bounds=[0,0 1920x1080], workarea=[0,0 1920x1080], scale=1, rotation=0, panel_rotation=0 external detected
[22200:15852:0729/120639.654:VERBOSE1:device_event_log_impl.cc(198)] [12:06:39.654] Display: EVENT: screen_win.cc:893 Displays updated, count: 1
[22200:15852:0729/120639.654:VERBOSE1:device_event_log_impl.cc(198)] [12:06:39.654] Display: EVENT: screen_win.cc:895 Display[3557315901] bounds=[0,0 1920x1080], workarea=[0,0 1920x1080], scale=1, rotation=0, panel_rotation=0 external detected
[22200:15852:0729/120729.086:VERBOSE1:device_event_log_impl.cc(198)] [12:07:29.086] Display: EVENT: screen_win.cc:893 Displays updated, count: 1
[22200:15852:0729/120729.086:VERBOSE1:device_event_log_impl.cc(198)] [12:07:29.086] Display: EVENT: screen_win.cc:895 Display[3557315901] bounds=[0,0 1920x1080], workarea=[0,0 1920x1080], scale=1, rotation=0, panel_rotation=0 external detected
[22200:15852:0729/120751.333:VERBOSE1:device_event_log_impl.cc(198)] [12:07:51.333] Display: EVENT: screen_win.cc:893 Displays updated, count: 1
[22200:15852:0729/120751.333:VERBOSE1:device_event_log_impl.cc(198)] [12:07:51.333] Display: EVENT: screen_win.cc:895 Display[3557315901] bounds=[0,0 1920x1080], workarea=[0,0 1920x1080], scale=1, rotation=0, panel_rotation=0 external detected
[22200:15852:0729/120911.865:VERBOSE1:device_event_log_impl.cc(198)] [12:09:11.865] Display: EVENT: screen_win.cc:893 Displays updated, count: 1
[22200:15852:0729/120911.865:VERBOSE1:device_event_log_impl.cc(198)] [12:09:11.865] Display: EVENT: screen_win.cc:895 Display[3557315901] bounds=[0,0 1920x1080], workarea=[0,0 1920x1080], scale=1, rotation=0, panel_rotation=0 external detected
[22200:15852:0729/121058.655:VERBOSE1:device_event_log_impl.cc(198)] [12:10:58.655] Display: EVENT: screen_win.cc:893 Displays updated, count: 1
[22200:15852:0729/121058.655:VERBOSE1:device_event_log_impl.cc(198)] [12:10:58.655] Display: EVENT: screen_win.cc:895 Display[3557315901] bounds=[0,0 1920x1080], workarea=[0,0 1920x1080], scale=1, rotation=0, panel_rotation=0 external detected
[22200:15852:0729/121137.828:VERBOSE1:device_event_log_impl.cc(198)] [12:11:37.828] Display: EVENT: screen_win.cc:893 Displays updated, count: 1
[22200:15852:0729/121137.828:VERBOSE1:device_event_log_impl.cc(198)] [12:11:37.828] Display: EVENT: screen_win.cc:895 Display[3557315901] bounds=[0,0 1920x1080], workarea=[0,0 1920x1080], scale=1, rotation=0, panel_rotation=0 external detected
[22200:15852:0729/122310.510:VERBOSE1:device_event_log_impl.cc(198)] [12:23:10.510] Display: EVENT: screen_win.cc:893 Displays updated, count: 1
[22200:15852:0729/122310.510:VERBOSE1:device_event_log_impl.cc(198)] [12:23:10.510] Display: EVENT: screen_win.cc:895 Display[3557315901] bounds=[0,0 1920x1080], workarea=[0,0 1920x1080], scale=1, rotation=0, panel_rotation=0 external detected
[22200:15852:0729/122317.058:VERBOSE1:device_event_log_impl.cc(198)] [12:23:17.058] Display: EVENT: screen_win.cc:893 Displays updated, count: 1
[22200:15852:0729/122317.058:VERBOSE1:device_event_log_impl.cc(198)] [12:23:17.058] Display: EVENT: screen_win.cc:895 Display[3557315901] bounds=[0,0 1920x1080], workarea=[0,0 1920x1080], scale=1, rotation=0, panel_rotation=0 external detected
[22200:15852:0729/122327.474:VERBOSE1:device_event_log_impl.cc(198)] [12:23:27.473] Display: EVENT: screen_win.cc:893 Displays updated, count: 1
[22200:15852:0729/122327.474:VERBOSE1:device_event_log_impl.cc(198)] [12:23:27.473] Display: EVENT: screen_win.cc:895 Display[3557315901] bounds=[0,0 1920x1080], workarea=[0,0 1920x1080], scale=1, rotation=0, panel_rotation=0 external detected
[22200:15852:0729/122636.063:VERBOSE1:device_event_log_impl.cc(198)] [12:26:36.064] Display: EVENT: screen_win.cc:893 Displays updated, count: 1
[22200:15852:0729/122636.063:VERBOSE1:device_event_log_impl.cc(198)] [12:26:36.064] Display: EVENT: screen_win.cc:895 Display[3557315901] bounds=[0,0 1920x1080], workarea=[0,0 1920x1080], scale=1, rotation=0, panel_rotation=0 external detected
[22200:15852:0729/122642.141:VERBOSE1:device_event_log_impl.cc(198)] [12:26:42.141] Display: EVENT: screen_win.cc:893 Displays updated, count: 1
[22200:15852:0729/122642.141:VERBOSE1:device_event_log_impl.cc(198)] [12:26:42.142] Display: EVENT: screen_win.cc:895 Display[3557315901] bounds=[0,0 1920x1080], workarea=[0,0 1920x1080], scale=1, rotation=0, panel_rotation=0 external detected
[22200:15852:0729/122910.678:VERBOSE1:device_event_log_impl.cc(198)] [12:29:10.678] Display: EVENT: screen_win.cc:893 Displays updated, count: 1
[22200:15852:0729/122910.678:VERBOSE1:device_event_log_impl.cc(198)] [12:29:10.678] Display: EVENT: screen_win.cc:895 Display[3557315901] bounds=[0,0 1920x1080], workarea=[0,0 1920x1080], scale=1, rotation=0, panel_rotation=0 external detected
[22200:15852:0729/122934.720:VERBOSE1:device_event_log_impl.cc(198)] [12:29:34.720] Display: EVENT: screen_win.cc:893 Displays updated, count: 1
[22200:15852:0729/122934.720:VERBOSE1:device_event_log_impl.cc(198)] [12:29:34.721] Display: EVENT: screen_win.cc:895 Display[3557315901] bounds=[0,0 1920x1080], workarea=[0,0 1920x1080], scale=1, rotation=0, panel_rotation=0 external detected
[22200:15852:0729/122944.319:VERBOSE1:frame_host_impl.cc(515)] frame 6-C31E3B75BC304A97B1187203DADC0E09 (sub) detached (reason=RENDER_FRAME_DELETED, is_connected=1)
[23128:7920:0729/122944.320:VERBOSE1:dispatcher.cc(596)] Num tracked contexts: 1
[23128:7920:0729/122944.320:VERBOSE1:frame_impl.cc(620)] frame 6-C31E3B75BC304A97B1187203DADC0E09 disconnected (reason=DETACHED, current_state=CONNECTION_ACKED, FRAME_INVALID)
[23128:7920:0729/122944.323:VERBOSE1:frame_impl.cc(620)] frame 6-AA4B8EC28647B62A5F17F61BFFA6D128 disconnected (reason=BROWSER_FRAME_DISCONNECT, current_state=CONNECTION_ACKED)
[23128:7920:0729/122944.323:VERBOSE1:frame_impl.cc(633)] frame 6-AA4B8EC28647B62A5F17F61BFFA6D128 connection retry scheduled
[23128:7920:0729/122944.323:VERBOSE1:script_context.cc(164)] Destroyed context for extension
  extension id: 
  effective extension id: 
[23128:7920:0729/122944.323:VERBOSE1:script_context.cc(164)] Destroyed context for extension
  extension id: 
  effective extension id: 
[22200:15852:0729/122944.325:VERBOSE1:frame_host_impl.cc(515)] frame 6-AA4B8EC28647B62A5F17F61BFFA6D128 (main) detached (reason=NEW_MAIN_FRAME, is_connected=1)
[22200:15852:0729/122944.356:VERBOSE1:account_reconcilor.cc(264)] AccountReconcilor::Shutdown
[22200:15852:0729/122944.356:VERBOSE1:account_reconcilor.cc(718)] AccountReconcilor::AbortReconcile: try again later
[22200:15852:0729/122944.357:VERBOSE1:account_reconcilor.cc(827)] AccountReconcilor::CalculateIfMultiloginReconcileIsDone: Error was 
[22200:15852:0729/122944.357:VERBOSE1:account_reconcilor.cc(313)] AccountReconcilor::UnregisterWithIdentityManager
[22200:15852:0729/122944.357:VERBOSE1:account_reconcilor.cc(286)] AccountReconcilor::UnregisterWithContentSettings
[22200:15852:0729/122944.357:VERBOSE1:gaia_cookie_manager_service.cc(628)] GaiaCookieManagerService::CancelAll
[22200:15852:0729/122944.358:VERBOSE1:mutable_profile_oauth2_token_service_delegate.cc(752)] MutablePO2TS::Shutdown
[22200:15852:0729/122944.358:VERBOSE1:mutable_profile_oauth2_token_service_delegate.cc(235)] MutablePO2TS::~MutablePO2TS
[22200:15852:0729/122944.359:VERBOSE1:device_event_log_impl.cc(198)] [12:29:44.359] Bluetooth: EVENT: bluetooth_api.cc:109 BluetoothAPI: Shutdown
[22200:15852:0729/122944.375:VERBOSE1:account_reconcilor.cc(193)] AccountReconcilor::~AccountReconcilor
[22200:15852:0729/122944.378:VERBOSE1:device_event_log_impl.cc(198)] [12:29:44.378] Bluetooth: EVENT: bluetooth_api.cc:95 ~BluetoothAPI: 000058AC0032DA00
[22200:15852:0729/122944.463:VERBOSE1:component_updater_service.cc(180)] CrxUpdateService stopping
[22200:15852:0729/122944.464:WARNING:pref_notifier_impl.cc(41)] Pref observer for media_router.cast_allow_all_ips found at shutdown.
[22200:15852:0729/122944.482:VERBOSE1:statistics_recorder.cc(607)] Collections of all histograms
Histogram: API.StorageAccess.AllowedRequests2 recorded 190 samples, mean = 0.0 (flags = 0x41)
0  ------------------------------------------------------------------------O (181 = 95.3%)
1  ----O                                                                     (9 = 4.7%) {95.3%}
2  ... 

Histogram: API.StorageAccess.DocumentInheritedStorageAccess recorded 8 samples, mean = 0.0 (flags = 0x41)
0  --------O                                                                 (8 = 100.0%)
1  ... 

Histogram: API.StorageAccess.DocumentLoadedWithStorageAccess recorded 8 samples, mean = 0.0 (flags = 0x41)
0  --------O                                                                 (8 = 100.0%)
1  ... 

Histogram: Accessibility.CaptionSettingsLoadedFromSystemSettings recorded 1 samples, mean = 0.0 (flags = 0x41)
0  -O                                                                        (1 = 100.0%)
1  ... 

Histogram: Accessibility.ImageLabels2 recorded 1 samples, mean = 0.0 (flags = 0x41)
0  -O                                                                        (1 = 100.0%)
1  ... 

Histogram: Accessibility.LiveCaption.FeatureEnabled2 recorded 1 samples, mean = 1.0 (flags = 0x41)
0  O                                                                         (0 = 0.0%)
1  -O                                                                        (1 = 100.0%) {0.0%}
2  O                                                                         (0 = 0.0%) {100.0%}

Histogram: Accessibility.LiveCaption2 recorded 1 samples, mean = 0.0 (flags = 0x41)
0  -O                                                                        (1 = 100.0%)
1  ... 

Histogram: Accessibility.ManuallyEnabled recorded 1 samples, mean = 0.0 (flags = 0x41)
0  -O                                                                        (1 = 100.0%)
1  ... 

Histogram: Accessibility.WinJAWS recorded 1 samples, mean = 0.0 (flags = 0x41)
0  -O                                                                        (1 = 100.0%)
1  ... 

Histogram: Accessibility.WinNVDA recorded 1 samples, mean = 0.0 (flags = 0x41)
0  -O                                                                        (1 = 100.0%)
1  ... 

Histogram: Accessibility.WinSAToGo recorded 1 samples, mean = 0.0 (flags = 0x41)
0  -O                                                                        (1 = 100.0%)
1  ... 

Histogram: Accessibility.WinScreenReader2 recorded 1 samples, mean = 0.0 (flags = 0x41)
0  -O                                                                        (1 = 100.0%)
1  ... 

Histogram: Accessibility.WinStickyKeys recorded 1 samples, mean = 0.0 (flags = 0x41)
0  -O                                                                        (1 = 100.0%)
1  ... 

Histogram: Accessibility.WinSupernova recorded 1 samples, mean = 0.0 (flags = 0x41)
0  -O                                                                        (1 = 100.0%)
1  ... 

Histogram: Accessibility.WinZoomText recorded 1 samples, mean = 0.0 (flags = 0x41)
0  -O                                                                        (1 = 100.0%)
1  ... 

Histogram: AppBanners.InstallableStatusCode recorded 1 samples (flags = 0x41)
8  -O                                                                        (1 = 100.0%)

Histogram: Apps.PreferredApps.EntryCount recorded 1 samples, mean = 0.0 (flags = 0x41)
0  -O                                                                        (1 = 100.0%)
1  ... 

Histogram: Autofill.Address.IsEnabled.PageLoad recorded 1 samples, mean = 1.0 (flags = 0x41)
0  O                                                                         (0 = 0.0%)
1  -O                                                                        (1 = 100.0%) {0.0%}
2  O                                                                         (0 = 0.0%) {100.0%}

Histogram: Autofill.Address.IsEnabled.PageLoad.SignedOut recorded 1 samples, mean = 1.0 (flags = 0x41)
0  O                                                                         (0 = 0.0%)
1  -O                                                                        (1 = 100.0%) {0.0%}
2  O                                                                         (0 = 0.0%) {100.0%}

Histogram: Autofill.Address.IsEnabled.Startup recorded 1 samples, mean = 1.0 (flags = 0x41)
0  O                                                                         (0 = 0.0%)
1  -O                                                                        (1 = 100.0%) {0.0%}
2  O                                                                         (0 = 0.0%) {100.0%}

Histogram: Autofill.CreditCard.IsEnabled.PageLoad recorded 1 samples, mean = 1.0 (flags = 0x41)
0  O                                                                         (0 = 0.0%)
1  -O                                                                        (1 = 100.0%) {0.0%}
2  O                                                                         (0 = 0.0%) {100.0%}

Histogram: Autofill.CreditCard.IsEnabled.PageLoad.SignedOut recorded 1 samples, mean = 1.0 (flags = 0x41)
0  O                                                                         (0 = 0.0%)
1  -O                                                                        (1 = 100.0%) {0.0%}
2  O                                                                         (0 = 0.0%) {100.0%}

Histogram: Autofill.CreditCard.IsEnabled.Startup recorded 1 samples, mean = 1.0 (flags = 0x41)
0  O                                                                         (0 = 0.0%)
1  -O                                                                        (1 = 100.0%) {0.0%}
2  O                                                                         (0 = 0.0%) {100.0%}

Histogram: Autofill.DOMContentLoadedInOutermostMainFrame recorded 3 samples, mean = 0.3 (flags = 0x41)
0  --O                                                                       (2 = 66.7%)
1  -O                                                                        (1 = 33.3%) {66.7%}
2  O                                                                         (0 = 0.0%) {100.0%}

Histogram: Autofill.ExtractFormUnowned.FieldCount recorded 4 samples, mean = 0.0 (flags = 0x41)
0  ----O                                                                     (4 = 100.0%)
1  ... 

Histogram: Autofill.FormForest.GetBrowserFormOfRendererForm.Duration recorded 1 samples, mean = 0.0 (flags = 0x41)
0  -O                                                                        (1 = 100.0%)
1  ... 

Histogram: Autofill.FormForest.UpdateTreeOfRendererForm.Duration recorded 1 samples, mean = 15.0 (flags = 0x41)
0   ... 
12  -O                                                                        (1 = 100.0%) {0.0%}
16  ... 

Histogram: Autofill.FormForest.UpdateTreeOfRendererForm.Visits recorded 1 samples, mean = 2.0 (flags = 0x41)
0  ... 
2  -O                                                                        (1 = 100.0%) {0.0%}
3  ... 

Histogram: Autofill.Funnel.ParsedAsType.Address recorded 6 samples, mean = 0.0 (flags = 0x41)
0  ------O                                                                   (6 = 100.0%)
1  ... 

Histogram: Autofill.Funnel.ParsedAsType.CreditCard recorded 6 samples, mean = 0.0 (flags = 0x41)
0  ------O                                                                   (6 = 100.0%)
1  ... 

Histogram: Autofill.Funnel.ParsedAsType.VirtualCard.StandaloneCvc recorded 6 samples, mean = 0.0 (flags = 0x41)
0  ------O                                                                   (6 = 100.0%)
1  ... 

Histogram: Autofill.IsEnabled.PageLoad recorded 1 samples, mean = 1.0 (flags = 0x41)
0  O                                                                         (0 = 0.0%)
1  -O                                                                        (1 = 100.0%) {0.0%}
2  O                                                                         (0 = 0.0%) {100.0%}

Histogram: Autofill.IsEnabled.PageLoad.SignedOut recorded 1 samples, mean = 1.0 (flags = 0x41)
0  O                                                                         (0 = 0.0%)
1  -O                                                                        (1 = 100.0%) {0.0%}
2  O                                                                         (0 = 0.0%) {100.0%}

Histogram: Autofill.IsEnabled.Startup recorded 1 samples, mean = 1.0 (flags = 0x41)
0  O                                                                         (0 = 0.0%)
1  -O                                                                        (1 = 100.0%) {0.0%}
2  O                                                                         (0 = 0.0%) {100.0%}

Histogram: Autofill.Leipzig.Duplication.NumberOfLocalSupersetProfilesOnStartup recorded 1 samples, mean = 0.0 (flags = 0x41)
0  -O                                                                        (1 = 100.0%)
1  ... 

Histogram: Autofill.NumberOfDriversPerFactory recorded 1 samples, mean = 3.0 (flags = 0x41)
0  ... 
3  -O                                                                        (1 = 100.0%) {0.0%}
4  ... 

Histogram: Autofill.Offer.StoredOfferCount2.CardLinkedOffer recorded 1 samples, mean = 0.0 (flags = 0x41)
0  -O                                                                        (1 = 100.0%)
1  ... 

Histogram: Autofill.Offer.StoredOfferCount2.GPayPromoCodeOffer recorded 1 samples, mean = 0.0 (flags = 0x41)
0  -O                                                                        (1 = 100.0%)
1  ... 

Histogram: Autofill.PaymentMethods.CvcStorageIsEnabled.Startup recorded 1 samples, mean = 0.0 (flags = 0x41)
0  -O                                                                        (1 = 100.0%)
1  ... 

Histogram: Autofill.StoredCreditCardCount recorded 1 samples, mean = 0.0 (flags = 0x41)
0  -O                                                                        (1 = 100.0%)
1  ... 

Histogram: Autofill.StoredCreditCardCount.Local recorded 1 samples, mean = 0.0 (flags = 0x41)
0  -O                                                                        (1 = 100.0%)
1  ... 

Histogram: Autofill.StoredCreditCardCount.Local.WithInvalidCardNumber recorded 1 samples, mean = 0.0 (flags = 0x41)
0  -O                                                                        (1 = 100.0%)
1  ... 

Histogram: Autofill.StoredCreditCardCount.Local.WithNickname recorded 1 samples, mean = 0.0 (flags = 0x41)
0  -O                                                                        (1 = 100.0%)
1  ... 

Histogram: Autofill.StoredCreditCardCount.Server recorded 1 samples, mean = 0.0 (flags = 0x41)
0  -O                                                                        (1 = 100.0%)
1  ... 

Histogram: Autofill.StoredCreditCardCount.Server.Masked recorded 1 samples, mean = 0.0 (flags = 0x41)
0  -O                                                                        (1 = 100.0%)
1  ... 

Histogram: Autofill.StoredCreditCardCount.Server.Masked.WithNickname recorded 1 samples, mean = 0.0 (flags = 0x41)
0  -O                                                                        (1 = 100.0%)
1  ... 

Histogram: Autofill.StoredCreditCardCount.Server.Unmasked recorded 1 samples, mean = 0.0 (flags = 0x41)
0  -O                                                                        (1 = 100.0%)
1  ... 

Histogram: Autofill.StoredCreditCardCount.Server.WithCardArtImage recorded 1 samples, mean = 0.0 (flags = 0x41)
0  -O                                                                        (1 = 100.0%)
1  ... 

Histogram: Autofill.StoredCreditCardCount.Server.WithVirtualCardMetadata recorded 1 samples, mean = 0.0 (flags = 0x41)
0  -O                                                                        (1 = 100.0%)
1  ... 

Histogram: Autofill.StoredIbanCount recorded 1 samples, mean = 0.0 (flags = 0x41)
0  -O                                                                        (1 = 100.0%)
1  ... 

Histogram: Autofill.StoredProfileCount.AccountChrome recorded 1 samples, mean = 0.0 (flags = 0x41)
0  -O                                                                        (1 = 100.0%)
1  ... 

Histogram: Autofill.StoredProfileCount.AccountNonChrome recorded 1 samples, mean = 0.0 (flags = 0x41)
0  -O                                                                        (1 = 100.0%)
1  ... 

Histogram: Autofill.StoredProfileCount.Legacy recorded 1 samples, mean = 0.0 (flags = 0x41)
0  -O                                                                        (1 = 100.0%)
1  ... 

Histogram: Autofill.StoredProfileCount.Total recorded 1 samples, mean = 0.0 (flags = 0x41)
0  -O                                                                        (1 = 100.0%)
1  ... 

Histogram: Autofill.StrikeDatabase.StrikeDatabaseInitFailed recorded 4 samples, mean = 1.5 (flags = 0x41)
0  -O                                                                        (1 = 25.0%)
1  -O                                                                        (1 = 25.0%) {25.0%}
2  -O                                                                        (1 = 25.0%) {50.0%}
3  -O                                                                        (1 = 25.0%) {75.0%}
4  ... 

Histogram: Autofill.SubmissionDetectionSource.FormTracker recorded 2 samples, mean = 3.0 (flags = 0x41)
0  ... 
3  --O                                                                       (2 = 100.0%) {0.0%}
4  ... 

Histogram: Autofill.Timing.ParseFormsAsync recorded 1 samples, mean = 0.0 (flags = 0x41)
0  -O                                                                        (1 = 100.0%)
1  ... 

Histogram: Autofill.Timing.ParseFormsAsync.RunHeuristics recorded 1 samples, mean = 0.0 (flags = 0x41)
0  -O                                                                        (1 = 100.0%)
1  ... 

Histogram: Autofill.Timing.ParseFormsAsync.UpdateCache recorded 1 samples, mean = 0.0 (flags = 0x41)
0  -O                                                                        (1 = 100.0%)
1  ... 

Histogram: Autofill.TimingInterval.ExtractFormData.GetFormDataFromUnownedInputElements.AutofillAgentReset recorded 2 samples, mean = 493226.0 (flags = 0x41)
0       ... 
244143  -O                                                                        (1 = 50.0%) {0.0%}
284987  ... 
617637  -O                                                                        (1 = 50.0%) {50.0%}
720966  ... 

Histogram: Autofill.TimingInterval.ExtractFormData.GetFormDataFromUnownedInputElements.DOMContentLoaded recorded 2 samples, mean = 1019117056.0 (flags = 0x41)
0         ... 
388319    -O                                                                        (1 = 50.0%) {0.0%}
453284    ... 
10000000  -O                                                                        (1 = 50.0%) {50.0%}

Histogram: Autofill.TimingInterval.ExtractFormData.UpdateFormCache.AutofillAgentReset recorded 4 samples, mean = 246641.8 (flags = 0x41)
0       ... 
68      --O                                                                       (2 = 50.0%) {0.0%}
79      ... 
244143  -O                                                                        (1 = 25.0%) {50.0%}
284987  ... 
617637  -O                                                                        (1 = 25.0%) {75.0%}
720966  ... 

Histogram: Autofill.TimingInterval.ExtractFormData.UpdateFormCache.DOMContentLoaded recorded 4 samples, mean = 113218.8 (flags = 0x41)
0       ... 
3       -O                                                                        (1 = 25.0%) {0.0%}
4       ... 
9       -O                                                                        (1 = 25.0%) {25.0%}
11      ... 
27      -O                                                                        (1 = 25.0%) {50.0%}
32      ... 
388319  -O                                                                        (1 = 25.0%) {75.0%}
453284  ... 

Histogram: Autofill.TimingInterval.UpdateFormCache.UpdateFormCache.AutofillAgentReset recorded 4 samples, mean = 246661.8 (flags = 0x41)
0       ... 
68      -O                                                                        (1 = 25.0%) {0.0%}
79      O                                                                         (0 = 0.0%) {25.0%}
92      -O                                                                        (1 = 25.0%) {25.0%}
107     ... 
244143  -O                                                                        (1 = 25.0%) {50.0%}
284987  ... 
617637  -O                                                                        (1 = 25.0%) {75.0%}
720966  ... 

Histogram: Autofill.TimingInterval.UpdateFormCache.UpdateFormCache.DOMContentLoaded recorded 4 samples, mean = 113238.8 (flags = 0x41)
0       ... 
8       -O                                                                        (1 = 25.0%) {0.0%}
9       ... 
13      -O                                                                        (1 = 25.0%) {25.0%}
15      ... 
50      -O                                                                        (1 = 25.0%) {50.0%}
58      ... 
388319  -O                                                                        (1 = 25.0%) {75.0%}
453284  ... 

Histogram: Autofill.TimingPrecise.ExtractFormData recorded 6 samples, mean = 18.7 (flags = 0x41)
0   ... 
2   -O                                                                        (1 = 16.7%) {0.0%}
3   ... 
5   -O                                                                        (1 = 16.7%) {16.7%}
6   ... 
8   -O                                                                        (1 = 16.7%) {33.3%}
9   ... 
22  -O                                                                        (1 = 16.7%) {50.0%}
25  ... 
36  --O                                                                       (2 = 33.3%) {66.7%}
41  ... 

Histogram: Autofill.TimingPrecise.ExtractFormData.GetFormDataFromUnownedInputElements recorded 2 samples, mean = 22.0 (flags = 0x41)
0   ... 
5   -O                                                                        (1 = 50.0%) {0.0%}
6   ... 
36  -O                                                                        (1 = 50.0%) {50.0%}
41  ... 

Histogram: Autofill.TimingPrecise.ExtractFormData.UpdateFormCache recorded 4 samples, mean = 17.0 (flags = 0x41)
0   ... 
2   -O                                                                        (1 = 25.0%) {0.0%}
3   ... 
8   -O                                                                        (1 = 25.0%) {25.0%}
9   ... 
22  -O                                                                        (1 = 25.0%) {50.0%}
25  ... 
36  -O                                                                        (1 = 25.0%) {75.0%}
41  ... 

Histogram: Autofill.TimingPrecise.InferLabelForElement recorded 6 samples, mean = 0.2 (flags = 0x41)
0  -----O                                                                    (5 = 83.3%)
1  -O                                                                        (1 = 16.7%) {83.3%}
2  ... 

Histogram: Autofill.TimingPrecise.UpdateFormCache recorded 4 samples, mean = 40.2 (flags = 0x41)
0   ... 
8   -O                                                                        (1 = 25.0%) {0.0%}
9   ... 
13  -O                                                                        (1 = 25.0%) {25.0%}
15  ... 
47  -O                                                                        (1 = 25.0%) {50.0%}
53  ... 
88  -O                                                                        (1 = 25.0%) {75.0%}
100 ... 

Histogram: Autofill.TimingPrecise.UpdateFormCache.UpdateFormCache recorded 4 samples, mean = 40.2 (flags = 0x41)
0   ... 
8   -O                                                                        (1 = 25.0%) {0.0%}
9   ... 
13  -O                                                                        (1 = 25.0%) {25.0%}
15  ... 
47  -O                                                                        (1 = 25.0%) {50.0%}
53  ... 
88  -O                                                                        (1 = 25.0%) {75.0%}
100 ... 

Histogram: Autofill.VirtualCardUsageData.StoredUsageDataCount recorded 1 samples, mean = 0.0 (flags = 0x41)
0  -O                                                                        (1 = 100.0%)
1  ... 

Histogram: Blink.CSSStyleSheetResource.ParseTime recorded 7 samples, mean = 660.7 (flags = 0x41)
0     ... 
76    ---O                                                                      (3 = 42.9%) {0.0%}
105   -O                                                                        (1 = 14.3%) {42.9%}
146   -O                                                                        (1 = 14.3%) {57.1%}
203   ... 
752   -O                                                                        (1 = 14.3%) {71.4%}
1043  ... 
2786  -O                                                                        (1 = 14.3%) {85.7%}
3865  ... 

Histogram: Blink.CommitDocumentLoaderTime recorded 8 samples, mean = 1.2 (flags = 0x41)
0  ---O                                                                      (3 = 37.5%)
1  ----O                                                                     (4 = 50.0%) {37.5%}
2  ... 
6  -O                                                                        (1 = 12.5%) {87.5%}
7  ... 

Histogram: Blink.CookiesTime recorded 21 samples, mean = 0.2 (flags = 0x41)
0  --------------------O                                                     (20 = 95.2%)
1  ... 
4  -O                                                                        (1 = 4.8%) {95.2%}
5  ... 

Histogram: Blink.CullRect.UpdateTime recorded 23 samples, mean = 4.2 (flags = 0x41)
0   -----O                                                                    (5 = 21.7%)
1   ----------O                                                               (10 = 43.5%) {21.7%}
2   O                                                                         (0 = 0.0%) {65.2%}
3   -O                                                                        (1 = 4.3%) {65.2%}
4   -O                                                                        (1 = 4.3%) {69.6%}
6   -O                                                                        (1 = 4.3%) {73.9%}
8   --O                                                                       (2 = 8.7%) {78.3%}
11  -O                                                                        (1 = 4.3%) {87.0%}
15  -O                                                                        (1 = 4.3%) {91.3%}
21  -O                                                                        (1 = 4.3%) {95.7%}
29  ... 

Histogram: Blink.DocumentLoader.CommitNavigationToStartLoadingResponse.Time.OutermostMainFrame.NewNavigation.IsHTTPOrHTTPS recorded 1 samples, mean = 0.0 (flags = 0x41)
0  -O                                                                        (1 = 100.0%)
1  ... 

Histogram: Blink.DocumentLoader.CreateParserPostCommit.Time.OutermostMainFrame.NewNavigation.IsHTTPOrHTTPS recorded 1 samples, mean = 5.0 (flags = 0x41)
0  ... 
5  -O                                                                        (1 = 100.0%) {0.0%}
6  ... 

Histogram: Blink.Experimental.Cookies.CacheLookupResult2 recorded 21 samples, mean = 0.9 (flags = 0x41)
0  --O                                                                       (2 = 9.5%)
1  -------------------O                                                      (19 = 90.5%) {9.5%}
2  ... 

Histogram: Blink.Experimental.Cookies.FirstCookieRequest recorded 2 samples, mean = 1.0 (flags = 0x41)
0  O                                                                         (0 = 0.0%)
1  --O                                                                       (2 = 100.0%) {0.0%}
2  ... 

Histogram: Blink.Fetch.RequestResourceTime2 recorded 145 samples, mean = 117.0 (flags = 0x41)
0     ... 
8     -------------O                                                            (13 = 9.0%) {0.0%}
11    -------------------O                                                      (19 = 13.1%) {9.0%}
15    ---------------------------------O                                        (33 = 22.8%) {22.1%}
21    ---------O                                                                (9 = 6.2%) {44.8%}
29    -------------O                                                            (13 = 9.0%) {51.0%}
40    ----------O                                                               (10 = 6.9%) {60.0%}
55    ------------------O                                                       (18 = 12.4%) {66.9%}
76    ---------------O                                                          (15 = 10.3%) {79.3%}
105   ---O                                                                      (3 = 2.1%) {89.7%}
146   ---O                                                                      (3 = 2.1%) {91.7%}
203   ----O                                                                     (4 = 2.8%) {93.8%}
282   ----O                                                                     (4 = 2.8%) {96.6%}
391   ... 
7439  -O                                                                        (1 = 0.7%) {99.3%}
10321 ... 

Histogram: Blink.Fetch.RequestResourceTime2.Preload recorded 40 samples, mean = 42.4 (flags = 0x41)
0    ... 
8    --O                                                                       (2 = 5.0%) {0.0%}
11   --O                                                                       (2 = 5.0%) {5.0%}
15   --------------O                                                           (14 = 35.0%) {10.0%}
21   ------O                                                                   (6 = 15.0%) {45.0%}
29   ---O                                                                      (3 = 7.5%) {60.0%}
40   --O                                                                       (2 = 5.0%) {67.5%}
55   ---O                                                                      (3 = 7.5%) {72.5%}
76   -------O                                                                  (7 = 17.5%) {80.0%}
105  ... 
282  -O                                                                        (1 = 2.5%) {97.5%}
391  ... 

Histogram: Blink.FetchQueuedPreloadsTime.MainFrame.Initial recorded 1 samples, mean = 1.0 (flags = 0x41)
0  O                                                                         (0 = 0.0%)
1  -O                                                                        (1 = 100.0%) {0.0%}
2  ... 

Histogram: Blink.Fonts.DecodeTime recorded 5 samples, mean = 4532.8 (flags = 0x41)
0     ... 
2786  ----O                                                                     (4 = 80.0%) {0.0%}
3865  ... 
7439  -O                                                                        (1 = 20.0%) {80.0%}
10321 ... 

Histogram: Blink.Fonts.VariableFontsRatio recorded 5 samples, mean = 1.2 (flags = 0x41)
0  O                                                                         (0 = 0.0%)
1  ----O                                                                     (4 = 80.0%) {0.0%}
2  -O                                                                        (1 = 20.0%) {80.0%}
3  ... 

Histogram: Blink.ForcedStyleAndLayout.UpdateTime.PreFCP recorded 2 samples, mean = 489.0 (flags = 0x41)
0    ... 
29   -O                                                                        (1 = 50.0%) {0.0%}
40   ... 
752  -O                                                                        (1 = 50.0%) {50.0%}
1043 ... 

Histogram: Blink.HTMLFastPathParser.AbortedParseSize recorded 41 samples, mean = 3.4 (flags = 0x41)
0  ------O                                                                   (6 = 14.6%)
1  ... 
4  -----------------------------------O                                      (35 = 85.4%) {14.6%}
6  ... 

Histogram: Blink.HTMLFastPathParser.AbortedParseTime2 recorded 41 samples, mean = 2.1 (flags = 0x41)
0   -------------O                                                            (13 = 31.7%)
1   -----------------O                                                        (17 = 41.5%) {31.7%}
2   -------O                                                                  (7 = 17.1%) {73.2%}
3   -O                                                                        (1 = 2.4%) {90.2%}
4   -O                                                                        (1 = 2.4%) {92.7%}
5   -O                                                                        (1 = 2.4%) {95.1%}
6   ... 
43  -O                                                                        (1 = 2.4%) {97.6%}
46  ... 

Histogram: Blink.HTMLFastPathParser.ParseResult recorded 81 samples, mean = 8.1 (flags = 0x41)
0   ----------------------------------------O                                 (40 = 49.4%)
1   ... 
4   ------O                                                                   (6 = 7.4%) {49.4%}
5   ... 
18  -----------------------------------O                                      (35 = 43.2%) {56.8%}
19  ... 

Histogram: Blink.HTMLFastPathParser.SuccessfulParseSize recorded 40 samples, mean = 207.0 (flags = 0x41)
0    ... 
105  -----O                                                                    (5 = 12.5%) {0.0%}
146  --------------------O                                                     (20 = 50.0%) {12.5%}
203  ----------O                                                               (10 = 25.0%) {62.5%}
282  -----O                                                                    (5 = 12.5%) {87.5%}
391  ... 

Histogram: Blink.HTMLFastPathParser.SuccessfulParseTime2 recorded 40 samples, mean = 2.7 (flags = 0x41)
0   ----O                                                                     (4 = 10.0%)
1   --------------O                                                           (14 = 35.0%) {10.0%}
2   --------------O                                                           (14 = 35.0%) {45.0%}
3   --O                                                                       (2 = 5.0%) {80.0%}
4   --O                                                                       (2 = 5.0%) {85.0%}
5   --O                                                                       (2 = 5.0%) {90.0%}
6   ... 
11  -O                                                                        (1 = 2.5%) {95.0%}
12  ... 
29  -O                                                                        (1 = 2.5%) {97.5%}
31  ... 

Histogram: Blink.HTMLFastPathParser.TotalParseTime2 recorded 81 samples, mean = 14.3 (flags = 0x41)
0   --O                                                                       (2 = 2.5%)
1   ----------O                                                               (10 = 12.3%) {2.5%}
2   ------------O                                                             (12 = 14.8%) {14.8%}
3   -----------O                                                              (11 = 13.6%) {29.6%}
4   ---O                                                                      (3 = 3.7%) {43.2%}
5   ------O                                                                   (6 = 7.4%) {46.9%}
6   ---O                                                                      (3 = 3.7%) {54.3%}
7   O                                                                         (0 = 0.0%) {58.0%}
8   --O                                                                       (2 = 2.5%) {58.0%}
9   -O                                                                        (1 = 1.2%) {60.5%}
10  -O                                                                        (1 = 1.2%) {61.7%}
11  -O                                                                        (1 = 1.2%) {63.0%}
12  O                                                                         (0 = 0.0%) {64.2%}
13  -O                                                                        (1 = 1.2%) {64.2%}
14  ... 
19  --O                                                                       (2 = 2.5%) {65.4%}
21  ---O                                                                      (3 = 3.7%) {67.9%}
23  ----O                                                                     (4 = 4.9%) {71.6%}
25  ----O                                                                     (4 = 4.9%) {76.5%}
27  O                                                                         (0 = 0.0%) {81.5%}
29  --O                                                                       (2 = 2.5%) {81.5%}
31  -O                                                                        (1 = 1.2%) {84.0%}
34  --O                                                                       (2 = 2.5%) {85.2%}
37  --O                                                                       (2 = 2.5%) {87.7%}
40  --O                                                                       (2 = 2.5%) {90.1%}
43  O                                                                         (0 = 0.0%) {92.6%}
46  --O                                                                       (2 = 2.5%) {92.6%}
50  O                                                                         (0 = 0.0%) {95.1%}
54  --O                                                                       (2 = 2.5%) {95.1%}
58  ... 
68  -O                                                                        (1 = 1.2%) {97.5%}
74  -O                                                                        (1 = 1.2%) {98.8%}
80  ... 

Histogram: Blink.HTMLParsing.ChunkCount4 recorded 1 samples, mean = 1.0 (flags = 0x41)
0  O                                                                         (0 = 0.0%)
1  -O                                                                        (1 = 100.0%) {0.0%}
2  ... 

Histogram: Blink.HTMLParsing.InputCharacterCount4 recorded 1 samples, mean = 158318.0 (flags = 0x41)
0       ... 
141691  -O                                                                        (1 = 100.0%) {0.0%}
196583  ... 

Histogram: Blink.HTMLParsing.ParsingTimeMax4 recorded 1 samples, mean = 1563.0 (flags = 0x41)
0     ... 
1561  -O                                                                        (1 = 100.0%) {0.0%}
1585  ... 

Histogram: Blink.HTMLParsing.ParsingTimeMin4 recorded 1 samples, mean = 1563.0 (flags = 0x41)
0     ... 
1514  -O                                                                        (1 = 100.0%) {0.0%}
1724  ... 

Histogram: Blink.HTMLParsing.ParsingTimeTotal4 recorded 1 samples, mean = 1563.0 (flags = 0x41)
0     ... 
1561  -O                                                                        (1 = 100.0%) {0.0%}
1585  ... 

Histogram: Blink.HTMLParsing.PreloadRequestCount recorded 1 samples, mean = 33.0 (flags = 0x41)
0   ... 
33  -O                                                                        (1 = 100.0%) {0.0%}
37  ... 

Histogram: Blink.HTMLParsing.TimeToDeferredPumpTokenizer4 recorded 1 samples, mean = 5821.0 (flags = 0x41)
0     ... 
5548  -O                                                                        (1 = 100.0%) {0.0%}
6317  ... 

Histogram: Blink.HTMLParsing.TokensParsedAverage4 recorded 1 samples, mean = 128.0 (flags = 0x41)
0    ... 
113  -O                                                                        (1 = 100.0%) {0.0%}
149  ... 

Histogram: Blink.HTMLParsing.TokensParsedMax4 recorded 1 samples, mean = 128.0 (flags = 0x41)
0    ... 
113  -O                                                                        (1 = 100.0%) {0.0%}
149  ... 

Histogram: Blink.HTMLParsing.TokensParsedMin4 recorded 1 samples, mean = 128.0 (flags = 0x41)
0    ... 
114  -O                                                                        (1 = 100.0%) {0.0%}
135  ... 

Histogram: Blink.HTMLParsing.TokensParsedTotal4 recorded 1 samples, mean = 128.0 (flags = 0x41)
0    ... 
105  -O                                                                        (1 = 100.0%) {0.0%}
146  ... 

Histogram: Blink.HTMLParsing.YieldedTimeAverage4 recorded 1 samples, mean = 2991.0 (flags = 0x41)
0     ... 
2751  -O                                                                        (1 = 100.0%) {0.0%}
3211  ... 

Histogram: Blink.HTMLParsing.YieldedTimeMax4 recorded 1 samples, mean = 5829.0 (flags = 0x41)
0     ... 
5827  -O                                                                        (1 = 100.0%) {0.0%}
5917  ... 

Histogram: Blink.HTMLParsing.YieldedTimeMin4 recorded 1 samples, mean = 153.0 (flags = 0x41)
0    ... 
146  -O                                                                        (1 = 100.0%) {0.0%}
170  ... 

Histogram: Blink.History.VisitedLinks.IsLinkStyledAsVisited recorded 41 samples, mean = 0.0 (flags = 0x41)
0  -----------------------------------------O                                (41 = 100.0%)
1  ... 

Histogram: Blink.IntersectionObservationInternalCount.UpdateTime.PreFCP recorded 2 samples, mean = 4.0 (flags = 0x41)
0  -O                                                                        (1 = 50.0%)
1  ... 
8  -O                                                                        (1 = 50.0%) {50.0%}
11 ... 

Histogram: Blink.JavascriptDocumentUpdate.UpdateTime.PreFCP recorded 1 samples, mean = 949.0 (flags = 0x41)
0    ... 
752  -O                                                                        (1 = 100.0%) {0.0%}
1043 ... 

Histogram: Blink.Layout.InlineNode.ShapeText.MaxTime.InOutermostMainFrame3 recorded 1 samples, mean = 0.0 (flags = 0x41)
0  -O                                                                        (1 = 100.0%)
1  ... 

Histogram: Blink.Layout.InlineNode.ShapeText.TotalTime.InOutermostMainFrame3 recorded 1 samples, mean = 0.0 (flags = 0x41)
0  -O                                                                        (1 = 100.0%)
1  ... 

Histogram: Blink.Layout.SVGImage.Count.InOutermostMainFrame recorded 1 samples, mean = 0.0 (flags = 0x41)
0  -O                                                                        (1 = 100.0%)
1  ... 

Histogram: Blink.Layout.SVGImage.TotalTime.InOutermostMainFrame recorded 1 samples, mean = 0.0 (flags = 0x41)
0  -O                                                                        (1 = 100.0%)
1  ... 

Histogram: Blink.MainFrame.UpdateTime.PreFCP recorded 22 samples, mean = 4421.5 (flags = 0x41)
0      ... 
40     -O                                                                        (1 = 4.5%) {0.0%}
55     -O                                                                        (1 = 4.5%) {4.5%}
76     -----O                                                                    (5 = 22.7%) {9.1%}
105    ------O                                                                   (6 = 27.3%) {31.8%}
146    O                                                                         (0 = 0.0%) {59.1%}
203    -O                                                                        (1 = 4.5%) {59.1%}
282    -O                                                                        (1 = 4.5%) {63.6%}
391    O                                                                         (0 = 0.0%) {68.2%}
542    --O                                                                       (2 = 9.1%) {68.2%}
752    ... 
1447   -O                                                                        (1 = 4.5%) {77.3%}
2008   O                                                                         (0 = 0.0%) {81.8%}
2786   -O                                                                        (1 = 4.5%) {81.8%}
3865   ... 
10321  --O                                                                       (2 = 9.1%) {86.4%}
14319  ... 
53055  -O                                                                        (1 = 4.5%) {95.5%}
73609  ... 

Histogram: Blink.MemoryCache.RevalidationPolicy.AsyncScript recorded 50 samples, mean = 1.6 (flags = 0x41)
0  ------------------------O                                                 (24 = 48.0%)
1  ... 
3  --------------------------O                                               (26 = 52.0%) {48.0%}
4  ... 

Histogram: Blink.MemoryCache.RevalidationPolicy.CSSStyleSheet recorded 7 samples, mean = 0.0 (flags = 0x41)
0  -------O                                                                  (7 = 100.0%)
1  ... 

Histogram: Blink.MemoryCache.RevalidationPolicy.Dead.CSSStyleSheet recorded 1 samples, mean = 0.0 (flags = 0x41)
0  -O                                                                        (1 = 100.0%)
1  ... 

Histogram: Blink.MemoryCache.RevalidationPolicy.Dead.Font recorded 2 samples, mean = 0.0 (flags = 0x41)
0  --O                                                                       (2 = 100.0%)
1  ... 

Histogram: Blink.MemoryCache.RevalidationPolicy.Dead.Script recorded 23 samples, mean = 0.0 (flags = 0x41)
0  -----------------------O                                                  (23 = 100.0%)
1  ... 

Histogram: Blink.MemoryCache.RevalidationPolicy.Font recorded 23 samples, mean = 4.0 (flags = 0x41)
0  -O                                                                        (1 = 4.3%)
1  ... 
4  ------------------O                                                       (18 = 78.3%) {4.3%}
5  ----O                                                                     (4 = 17.4%) {82.6%}
6  O                                                                         (0 = 0.0%) {100.0%}

Histogram: Blink.MemoryCache.RevalidationPolicy.Image recorded 44 samples, mean = 4.0 (flags = 0x41)
0  ... 
3  -O                                                                        (1 = 2.3%) {0.0%}
4  -------------------------------------------O                              (43 = 97.7%) {2.3%}
5  ... 

Histogram: Blink.MemoryCache.RevalidationPolicy.Manifest recorded 1 samples, mean = 3.0 (flags = 0x41)
0  ... 
3  -O                                                                        (1 = 100.0%) {0.0%}
4  ... 

Histogram: Blink.MemoryCache.RevalidationPolicy.Preload.CSSStyleSheet recorded 13 samples, mean = 1.6 (flags = 0x41)
0  ------O                                                                   (6 = 46.2%)
1  ... 
3  -------O                                                                  (7 = 53.8%) {46.2%}
4  ... 

Histogram: Blink.MemoryCache.RevalidationPolicy.Preload.Font recorded 2 samples, mean = 1.5 (flags = 0x41)
0  -O                                                                        (1 = 50.0%)
1  ... 
3  -O                                                                        (1 = 50.0%) {50.0%}
4  ... 

Histogram: Blink.MemoryCache.RevalidationPolicy.Preload.Script recorded 25 samples, mean = 2.8 (flags = 0x41)
0  --O                                                                       (2 = 8.0%)
1  ... 
3  -----------------------O                                                  (23 = 92.0%) {8.0%}
4  ... 

Histogram: Blink.MemoryCache.RevalidationPolicy.Raw recorded 7 samples, mean = 3.0 (flags = 0x41)
0  ... 
3  -------O                                                                  (7 = 100.0%) {0.0%}
4  ... 

Histogram: Blink.MemoryCache.RevalidationPolicy.Script recorded 27 samples, mean = 0.4 (flags = 0x41)
0  -----------------------O                                                  (23 = 85.2%)
1  ... 
3  ----O                                                                     (4 = 14.8%) {85.2%}
4  ... 

Histogram: Blink.PreloadRequestStartDuration recorded 40 samples, mean = 43.5 (flags = 0x41)
0    ... 
8    -O                                                                        (1 = 2.5%) {0.0%}
11   ---O                                                                      (3 = 7.5%) {2.5%}
15   --------------O                                                           (14 = 35.0%) {10.0%}
21   -----O                                                                    (5 = 12.5%) {45.0%}
29   ----O                                                                     (4 = 10.0%) {57.5%}
40   --O                                                                       (2 = 5.0%) {67.5%}
55   ---O                                                                      (3 = 7.5%) {72.5%}
76   -------O                                                                  (7 = 17.5%) {80.0%}
105  ... 
282  -O                                                                        (1 = 2.5%) {97.5%}
391  ... 

Histogram: Blink.PreloadRequestWaitTime recorded 31 samples, mean = 0.6 (flags = 0x41)
0  -------------O                                                            (13 = 41.9%)
1  ------------------O                                                       (18 = 58.1%) {41.9%}
2  ... 

Histogram: Blink.PrepareToStopParsingTime recorded 49 samples, mean = 0.4 (flags = 0x41)
0   ------------------------------------------------O                         (48 = 98.0%)
1   ... 
17  -O                                                                        (1 = 2.0%) {98.0%}
20  ... 

Histogram: Blink.PumpTokenizerTime recorded 93 samples, mean = 0.1 (flags = 0x41)
0  ------------------------------------------------------------------------O (91 = 97.8%)
1  O                                                                         (0 = 0.0%) {97.8%}
2  -O                                                                        (1 = 1.1%) {97.8%}
3  O                                                                         (0 = 0.0%) {98.9%}
4  -O                                                                        (1 = 1.1%) {98.9%}
5  ... 

Histogram: Blink.ResourceRequest.BackgroundResourceFetchSupportStatus recorded 52 samples, mean = 0.1 (flags = 0x41)
0  --------------------------------------------------O                       (50 = 96.2%)
1  O                                                                         (0 = 0.0%) {96.2%}
2  --O                                                                       (2 = 3.8%) {96.2%}
3  ... 

Histogram: Blink.ResourceRequest.CompletionDelay2 recorded 52 samples, mean = 2.6 (flags = 0x41)
0   --------------------------O                                               (26 = 50.0%)
1   -------O                                                                  (7 = 13.5%) {50.0%}
2   ---------------O                                                          (15 = 28.8%) {63.5%}
3   --O                                                                       (2 = 3.8%) {92.3%}
4   ... 
34  -O                                                                        (1 = 1.9%) {96.2%}
40  O                                                                         (0 = 0.0%) {98.1%}
48  -O                                                                        (1 = 1.9%) {98.1%}
57  ... 

Histogram: Blink.ResourceRequest.RedirectDelay2 recorded 2 samples, mean = 40.0 (flags = 0x41)
0   -O                                                                        (1 = 50.0%)
1   ... 
68  -O                                                                        (1 = 50.0%) {50.0%}
81  ... 

Histogram: Blink.ResourceRequest.ResponseDelay2 recorded 48 samples, mean = 8.0 (flags = 0x41)
0   ------------------O                                                       (18 = 37.5%)
1   ------O                                                                   (6 = 12.5%) {37.5%}
2   -O                                                                        (1 = 2.1%) {50.0%}
3   O                                                                         (0 = 0.0%) {52.1%}
4   ---O                                                                      (3 = 6.2%) {52.1%}
5   -O                                                                        (1 = 2.1%) {58.3%}
6   O                                                                         (0 = 0.0%) {60.4%}
7   -O                                                                        (1 = 2.1%) {60.4%}
8   -O                                                                        (1 = 2.1%) {62.5%}
10  O                                                                         (0 = 0.0%) {64.6%}
12  ----O                                                                     (4 = 8.3%) {64.6%}
14  ----O                                                                     (4 = 8.3%) {72.9%}
17  ---O                                                                      (3 = 6.2%) {81.2%}
20  ----O                                                                     (4 = 8.3%) {87.5%}
24  ... 
34  -O                                                                        (1 = 2.1%) {95.8%}
40  O                                                                         (0 = 0.0%) {97.9%}
48  -O                                                                        (1 = 2.1%) {97.9%}
57  ... 

Histogram: Blink.ResourceRequest.StartDelay2 recorded 48 samples, mean = 7.9 (flags = 0x41)
0   -O                                                                        (1 = 2.1%)
1   ----O                                                                     (4 = 8.3%) {2.1%}
2   -O                                                                        (1 = 2.1%) {10.4%}
3   ----O                                                                     (4 = 8.3%) {12.5%}
4   ---O                                                                      (3 = 6.2%) {20.8%}
5   O                                                                         (0 = 0.0%) {27.1%}
6   ------O                                                                   (6 = 12.5%) {27.1%}
7   --------------O                                                           (14 = 29.2%) {39.6%}
8   -----O                                                                    (5 = 10.4%) {68.8%}
10  -O                                                                        (1 = 2.1%) {79.2%}
12  --O                                                                       (2 = 4.2%) {81.2%}
14  -O                                                                        (1 = 2.1%) {85.4%}
17  ---O                                                                      (3 = 6.2%) {87.5%}
20  O                                                                         (0 = 0.0%) {93.8%}
24  ---O                                                                      (3 = 6.2%) {93.8%}
29  ... 

Histogram: Blink.SVGImage.DataChanged recorded 1 samples, mean = 1051.0 (flags = 0x41)
0     ... 
1043  -O                                                                        (1 = 100.0%) {0.0%}
1447  ... 

Histogram: Blink.SVGImage.IsolatedSVGDocumentHostCreationTime recorded 1 samples, mean = 415.0 (flags = 0x41)
0    ... 
391  -O                                                                        (1 = 100.0%) {0.0%}
542  ... 

Histogram: Blink.ScanAndPreloadTime.MainFrame.Initial recorded 1 samples, mean = 1.0 (flags = 0x41)
0  O                                                                         (0 = 0.0%)
1  -O                                                                        (1 = 100.0%) {0.0%}
2  ... 

Histogram: Blink.ScanAndPreloadTime.MainFrame.NonInitial recorded 1 samples, mean = 0.0 (flags = 0x41)
0  -O                                                                        (1 = 100.0%)
1  ... 

Histogram: Blink.ScanAndPreloadTime2.MainFrame.Initial recorded 1 samples, mean = 1685.0 (flags = 0x41)
0     ... 
1447  -O                                                                        (1 = 100.0%) {0.0%}
2008  ... 

Histogram: Blink.ScanAndPreloadTime2.MainFrame.NonInitial recorded 1 samples, mean = 8.0 (flags = 0x41)
0  ... 
8  -O                                                                        (1 = 100.0%) {0.0%}
11 ... 

Histogram: Blink.ScanAndPreloadTime2.Preload.MainFrame.Initial recorded 1 samples, mean = 1076.0 (flags = 0x41)
0     ... 
1043  -O                                                                        (1 = 100.0%) {0.0%}
1447  ... 

Histogram: Blink.ScanAndPreloadTime2.Preload.MainFrame.NonInitial recorded 1 samples, mean = 0.0 (flags = 0x41)
0  -O                                                                        (1 = 100.0%)
1  ... 

Histogram: Blink.ScanAndPreloadTime2.Scan.MainFrame.Initial recorded 1 samples, mean = 602.0 (flags = 0x41)
0    ... 
542  -O                                                                        (1 = 100.0%) {0.0%}
752  ... 

Histogram: Blink.ScanAndPreloadTime2.Scan.MainFrame.NonInitial recorded 1 samples, mean = 0.0 (flags = 0x41)
0  -O                                                                        (1 = 100.0%)
1  ... 

Histogram: Blink.Script.AsyncScript.FromReadyToStartExecution.Time recorded 27 samples, mean = 3.3 (flags = 0x41)
0   -------------------------O                                                (25 = 92.6%)
1   ... 
5   -O                                                                        (1 = 3.7%) {92.6%}
6   ... 
66  -O                                                                        (1 = 3.7%) {96.3%}
84  ... 

Histogram: Blink.Script.SchedulingType recorded 47 samples, mean = 5.4 (flags = 0x41)
0  ... 
3  -O                                                                        (1 = 2.1%) {0.0%}
4  O                                                                         (0 = 0.0%) {2.1%}
5  --------------------------O                                               (26 = 55.3%) {2.1%}
6  --------------------O                                                     (20 = 42.6%) {57.4%}
7  ... 

Histogram: Blink.UseCounter.AnimatedCSSProperties recorded 1 samples, mean = 1.0 (flags = 0x41)
0  O                                                                         (0 = 0.0%)
1  -O                                                                        (1 = 100.0%) {0.0%}
2  ... 

Histogram: Blink.UseCounter.CSSProperties recorded 98 samples, mean = 276.7 (flags = 0x41)
0    O                                                                         (0 = 0.0%)
1    -O                                                                        (1 = 1.0%) {0.0%}
2    -O                                                                        (1 = 1.0%) {1.0%}
3    -O                                                                        (1 = 1.0%) {2.0%}
4    -O                                                                        (1 = 1.0%) {3.1%}
5    -O                                                                        (1 = 1.0%) {4.1%}
6    -O                                                                        (1 = 1.0%) {5.1%}
7    -O                                                                        (1 = 1.0%) {6.1%}
8    -O                                                                        (1 = 1.0%) {7.1%}
9    O                                                                         (0 = 0.0%) {8.2%}
10   -O                                                                        (1 = 1.0%) {8.2%}
11   ... 
14   -O                                                                        (1 = 1.0%) {9.2%}
15   ... 
20   -O                                                                        (1 = 1.0%) {10.2%}
21   -O                                                                        (1 = 1.0%) {11.2%}
22   ... 
24   -O                                                                        (1 = 1.0%) {12.2%}
25   ... 
34   -O                                                                        (1 = 1.0%) {13.3%}
35   ... 
42   -O                                                                        (1 = 1.0%) {14.3%}
43   ... 
53   -O                                                                        (1 = 1.0%) {15.3%}
54   ... 
59   -O                                                                        (1 = 1.0%) {16.3%}
60   ... 
66   -O                                                                        (1 = 1.0%) {17.3%}
67   ... 
69   -O                                                                        (1 = 1.0%) {18.4%}
70   ... 
72   -O                                                                        (1 = 1.0%) {19.4%}
73   O                                                                         (0 = 0.0%) {20.4%}
74   -O                                                                        (1 = 1.0%) {20.4%}
75   ... 
77   -O                                                                        (1 = 1.0%) {21.4%}
78   ... 
81   -O                                                                        (1 = 1.0%) {22.4%}
82   ... 
84   -O                                                                        (1 = 1.0%) {23.5%}
85   ... 
89   -O                                                                        (1 = 1.0%) {24.5%}
90   ... 
95   -O                                                                        (1 = 1.0%) {25.5%}
96   -O                                                                        (1 = 1.0%) {26.5%}
97   -O                                                                        (1 = 1.0%) {27.6%}
98   -O                                                                        (1 = 1.0%) {28.6%}
99   O                                                                         (0 = 0.0%) {29.6%}
100  -O                                                                        (1 = 1.0%) {29.6%}
101  ... 
105  -O                                                                        (1 = 1.0%) {30.6%}
106  -O                                                                        (1 = 1.0%) {31.6%}
107  -O                                                                        (1 = 1.0%) {32.7%}
108  O                                                                         (0 = 0.0%) {33.7%}
109  -O                                                                        (1 = 1.0%) {33.7%}
110  ... 
118  -O                                                                        (1 = 1.0%) {34.7%}
119  -O                                                                        (1 = 1.0%) {35.7%}
120  ... 
124  -O                                                                        (1 = 1.0%) {36.7%}
125  ... 
127  -O                                                                        (1 = 1.0%) {37.8%}
128  -O                                                                        (1 = 1.0%) {38.8%}
129  -O                                                                        (1 = 1.0%) {39.8%}
130  ... 
143  -O                                                                        (1 = 1.0%) {40.8%}
144  ... 
150  -O                                                                        (1 = 1.0%) {41.8%}
151  O                                                                         (0 = 0.0%) {42.9%}
152  -O                                                                        (1 = 1.0%) {42.9%}
153  -O                                                                        (1 = 1.0%) {43.9%}
154  -O                                                                        (1 = 1.0%) {44.9%}
155  O                                                                         (0 = 0.0%) {45.9%}
156  -O                                                                        (1 = 1.0%) {45.9%}
157  -O                                                                        (1 = 1.0%) {46.9%}
158  O                                                                         (0 = 0.0%) {48.0%}
159  -O                                                                        (1 = 1.0%) {48.0%}
160  O                                                                         (0 = 0.0%) {49.0%}
161  -O                                                                        (1 = 1.0%) {49.0%}
162  -O                                                                        (1 = 1.0%) {50.0%}
163  O                                                                         (0 = 0.0%) {51.0%}
164  -O                                                                        (1 = 1.0%) {51.0%}
165  -O                                                                        (1 = 1.0%) {52.0%}
166  ... 
175  -O                                                                        (1 = 1.0%) {53.1%}
176  ... 
231  -O                                                                        (1 = 1.0%) {54.1%}
232  -O                                                                        (1 = 1.0%) {55.1%}
233  O                                                                         (0 = 0.0%) {56.1%}
234  -O                                                                        (1 = 1.0%) {56.1%}
235  -O                                                                        (1 = 1.0%) {57.1%}
236  O                                                                         (0 = 0.0%) {58.2%}
237  -O                                                                        (1 = 1.0%) {58.2%}
238  -O                                                                        (1 = 1.0%) {59.2%}
239  -O                                                                        (1 = 1.0%) {60.2%}
240  -O                                                                        (1 = 1.0%) {61.2%}
241  O                                                                         (0 = 0.0%) {62.2%}
242  -O                                                                        (1 = 1.0%) {62.2%}
243  ... 
303  -O                                                                        (1 = 1.0%) {63.3%}
304  ... 
369  -O                                                                        (1 = 1.0%) {64.3%}
370  -O                                                                        (1 = 1.0%) {65.3%}
371  ... 
415  -O                                                                        (1 = 1.0%) {66.3%}
416  ... 
432  -O                                                                        (1 = 1.0%) {67.3%}
433  -O                                                                        (1 = 1.0%) {68.4%}
434  ... 
437  -O                                                                        (1 = 1.0%) {69.4%}
438  ... 
446  -O                                                                        (1 = 1.0%) {70.4%}
447  ... 
508  -O                                                                        (1 = 1.0%) {71.4%}
509  ... 
514  -O                                                                        (1 = 1.0%) {72.4%}
515  -O                                                                        (1 = 1.0%) {73.5%}
516  -O                                                                        (1 = 1.0%) {74.5%}
517  ... 
537  -O                                                                        (1 = 1.0%) {75.5%}
538  ... 
549  -O                                                                        (1 = 1.0%) {76.5%}
550  ... 
556  -O                                                                        (1 = 1.0%) {77.6%}
557  ... 
563  -O                                                                        (1 = 1.0%) {78.6%}
564  ... 
591  -O                                                                        (1 = 1.0%) {79.6%}
592  -O                                                                        (1 = 1.0%) {80.6%}
593  O                                                                         (0 = 0.0%) {81.6%}
594  -O                                                                        (1 = 1.0%) {81.6%}
595  -O                                                                        (1 = 1.0%) {82.7%}
596  ... 
598  -O                                                                        (1 = 1.0%) {83.7%}
599  -O                                                                        (1 = 1.0%) {84.7%}
600  ... 
618  -O                                                                        (1 = 1.0%) {85.7%}
619  -O                                                                        (1 = 1.0%) {86.7%}
620  -O                                                                        (1 = 1.0%) {87.8%}
621  -O                                                                        (1 = 1.0%) {88.8%}
622  ... 
636  -O                                                                        (1 = 1.0%) {89.8%}
637  ... 
657  -O                                                                        (1 = 1.0%) {90.8%}
658  -O                                                                        (1 = 1.0%) {91.8%}
659  ... 
662  -O                                                                        (1 = 1.0%) {92.9%}
663  ... 
672  -O                                                                        (1 = 1.0%) {93.9%}
673  -O                                                                        (1 = 1.0%) {94.9%}
674  O                                                                         (0 = 0.0%) {95.9%}
675  -O                                                                        (1 = 1.0%) {95.9%}
676  ... 
696  -O                                                                        (1 = 1.0%) {96.9%}
697  ... 
746  -O                                                                        (1 = 1.0%) {98.0%}
747  ... 
770  -O                                                                        (1 = 1.0%) {99.0%}
771  ... 

Histogram: Blink.UseCounter.Features recorded 181 samples, mean = 2258.5 (flags = 0x41)
0     ... 
13    -O                                                                        (1 = 0.6%) {0.0%}
14    ... 
16    -O                                                                        (1 = 0.6%) {0.6%}
17    ... 
52    -O                                                                        (1 = 0.6%) {1.1%}
53    ... 
69    -O                                                                        (1 = 0.6%) {1.7%}
70    ... 
123   -O                                                                        (1 = 0.6%) {2.2%}
124   -O                                                                        (1 = 0.6%) {2.8%}
125   -O                                                                        (1 = 0.6%) {3.3%}
126   ... 
138   -O                                                                        (1 = 0.6%) {3.9%}
139   ... 
240   -O                                                                        (1 = 0.6%) {4.4%}
241   ... 
250   -O                                                                        (1 = 0.6%) {5.0%}
251   ... 
429   -O                                                                        (1 = 0.6%) {5.5%}
430   -O                                                                        (1 = 0.6%) {6.1%}
431   -O                                                                        (1 = 0.6%) {6.6%}
432   -O                                                                        (1 = 0.6%) {7.2%}
433   ... 
469   -O                                                                        (1 = 0.6%) {7.7%}
470   ... 
494   -O                                                                        (1 = 0.6%) {8.3%}
495   ... 
522   -O                                                                        (1 = 0.6%) {8.8%}
523   -O                                                                        (1 = 0.6%) {9.4%}
524   -O                                                                        (1 = 0.6%) {9.9%}
525   ... 
540   -O                                                                        (1 = 0.6%) {10.5%}
541   ... 
587   -O                                                                        (1 = 0.6%) {11.0%}
588   -O                                                                        (1 = 0.6%) {11.6%}
589   ... 
675   -O                                                                        (1 = 0.6%) {12.2%}
676   ... 
710   -O                                                                        (1 = 0.6%) {12.7%}
711   -O                                                                        (1 = 0.6%) {13.3%}
712   ... 
717   -O                                                                        (1 = 0.6%) {13.8%}
718   ... 
730   -O                                                                        (1 = 0.6%) {14.4%}
731   ... 
744   -O                                                                        (1 = 0.6%) {14.9%}
745   ... 
780   -O                                                                        (1 = 0.6%) {15.5%}
781   -O                                                                        (1 = 0.6%) {16.0%}
782   ... 
786   -O                                                                        (1 = 0.6%) {16.6%}
787   -O                                                                        (1 = 0.6%) {17.1%}
788   ... 
804   -O                                                                        (1 = 0.6%) {17.7%}
805   ... 
900   -O                                                                        (1 = 0.6%) {18.2%}
901   -O                                                                        (1 = 0.6%) {18.8%}
902   ... 
907   -O                                                                        (1 = 0.6%) {19.3%}
908   ... 
954   -O                                                                        (1 = 0.6%) {19.9%}
955   ... 
970   -O                                                                        (1 = 0.6%) {20.4%}
971   O                                                                         (0 = 0.0%) {21.0%}
972   -O                                                                        (1 = 0.6%) {21.0%}
973   -O                                                                        (1 = 0.6%) {21.5%}
974   ... 
976   -O                                                                        (1 = 0.6%) {22.1%}
977   ... 
1023  -O                                                                        (1 = 0.6%) {22.7%}
1024  ... 
1069  -O                                                                        (1 = 0.6%) {23.2%}
1070  -O                                                                        (1 = 0.6%) {23.8%}
1071  ... 
1075  -O                                                                        (1 = 0.6%) {24.3%}
1076  -O                                                                        (1 = 0.6%) {24.9%}
1077  ... 
1124  -O                                                                        (1 = 0.6%) {25.4%}
1125  ... 
1302  -O                                                                        (1 = 0.6%) {26.0%}
1303  ... 
1347  -O                                                                        (1 = 0.6%) {26.5%}
1348  ... 
1351  -O                                                                        (1 = 0.6%) {27.1%}
1352  ... 
1354  -O                                                                        (1 = 0.6%) {27.6%}
1355  ... 
1368  -O                                                                        (1 = 0.6%) {28.2%}
1369  ... 
1417  -O                                                                        (1 = 0.6%) {28.7%}
1418  ... 
1441  -O                                                                        (1 = 0.6%) {29.3%}
1442  ... 
1458  -O                                                                        (1 = 0.6%) {29.8%}
1459  -O                                                                        (1 = 0.6%) {30.4%}
1460  ... 
1462  -O                                                                        (1 = 0.6%) {30.9%}
1463  -O                                                                        (1 = 0.6%) {31.5%}
1464  ... 
1467  -O                                                                        (1 = 0.6%) {32.0%}
1468  ... 
1502  -O                                                                        (1 = 0.6%) {32.6%}
1503  ... 
1692  -O                                                                        (1 = 0.6%) {33.1%}
1693  -O                                                                        (1 = 0.6%) {33.7%}
1694  ... 
1827  -O                                                                        (1 = 0.6%) {34.3%}
1828  ... 
2013  -O                                                                        (1 = 0.6%) {34.8%}
2014  ... 
2077  -O                                                                        (1 = 0.6%) {35.4%}
2078  ... 
2094  -O                                                                        (1 = 0.6%) {35.9%}
2095  O                                                                         (0 = 0.0%) {36.5%}
2096  -O                                                                        (1 = 0.6%) {36.5%}
2097  ... 
2100  -O                                                                        (1 = 0.6%) {37.0%}
2101  ... 
2112  -O                                                                        (1 = 0.6%) {37.6%}
2113  ... 
2121  -O                                                                        (1 = 0.6%) {38.1%}
2122  ... 
2157  -O                                                                        (1 = 0.6%) {38.7%}
2158  ... 
2188  -O                                                                        (1 = 0.6%) {39.2%}
2189  O                                                                         (0 = 0.0%) {39.8%}
2190  -O                                                                        (1 = 0.6%) {39.8%}
2191  -O                                                                        (1 = 0.6%) {40.3%}
2192  ... 
2195  -O                                                                        (1 = 0.6%) {40.9%}
2196  ... 
2203  -O                                                                        (1 = 0.6%) {41.4%}
2204  -O                                                                        (1 = 0.6%) {42.0%}
2205  ... 
2217  -O                                                                        (1 = 0.6%) {42.5%}
2218  ... 
2226  -O                                                                        (1 = 0.6%) {43.1%}
2227  O                                                                         (0 = 0.0%) {43.6%}
2228  -O                                                                        (1 = 0.6%) {43.6%}
2229  -O                                                                        (1 = 0.6%) {44.2%}
2230  ... 
2236  -O                                                                        (1 = 0.6%) {44.8%}
2237  ... 
2298  -O                                                                        (1 = 0.6%) {45.3%}
2299  ... 
2314  -O                                                                        (1 = 0.6%) {45.9%}
2315  ... 
2319  -O                                                                        (1 = 0.6%) {46.4%}
2320  ... 
2322  -O                                                                        (1 = 0.6%) {47.0%}
2323  ... 
2347  -O                                                                        (1 = 0.6%) {47.5%}
2348  ... 
2355  -O                                                                        (1 = 0.6%) {48.1%}
2356  ... 
2361  -O                                                                        (1 = 0.6%) {48.6%}
2362  ... 
2387  -O                                                                        (1 = 0.6%) {49.2%}
2388  -O                                                                        (1 = 0.6%) {49.7%}
2389  ... 
2399  -O                                                                        (1 = 0.6%) {50.3%}
2400  ... 
2413  -O                                                                        (1 = 0.6%) {50.8%}
2414  ... 
2429  -O                                                                        (1 = 0.6%) {51.4%}
2430  O                                                                         (0 = 0.0%) {51.9%}
2431  -O                                                                        (1 = 0.6%) {51.9%}
2432  ... 
2487  -O                                                                        (1 = 0.6%) {52.5%}
2488  ... 
2518  -O                                                                        (1 = 0.6%) {53.0%}
2519  ... 
2598  -O                                                                        (1 = 0.6%) {53.6%}
2599  ... 
2618  -O                                                                        (1 = 0.6%) {54.1%}
2619  ... 
2654  -O                                                                        (1 = 0.6%) {54.7%}
2655  -O                                                                        (1 = 0.6%) {55.2%}
2656  -O                                                                        (1 = 0.6%) {55.8%}
2657  -O                                                                        (1 = 0.6%) {56.4%}
2658  -O                                                                        (1 = 0.6%) {56.9%}
2659  -O                                                                        (1 = 0.6%) {57.5%}
2660  -O                                                                        (1 = 0.6%) {58.0%}
2661  -O                                                                        (1 = 0.6%) {58.6%}
2662  -O                                                                        (1 = 0.6%) {59.1%}
2663  -O                                                                        (1 = 0.6%) {59.7%}
2664  ... 
2699  -O                                                                        (1 = 0.6%) {60.2%}
2700  -O                                                                        (1 = 0.6%) {60.8%}
2701  -O                                                                        (1 = 0.6%) {61.3%}
2702  -O                                                                        (1 = 0.6%) {61.9%}
2703  -O                                                                        (1 = 0.6%) {62.4%}
2704  -O                                                                        (1 = 0.6%) {63.0%}
2705  -O                                                                        (1 = 0.6%) {63.5%}
2706  -O                                                                        (1 = 0.6%) {64.1%}
2707  -O                                                                        (1 = 0.6%) {64.6%}
2708  ... 
2710  -O                                                                        (1 = 0.6%) {65.2%}
2711  -O                                                                        (1 = 0.6%) {65.7%}
2712  ... 
2714  -O                                                                        (1 = 0.6%) {66.3%}
2715  -O                                                                        (1 = 0.6%) {66.9%}
2716  -O                                                                        (1 = 0.6%) {67.4%}
2717  ... 
2723  -O                                                                        (1 = 0.6%) {68.0%}
2724  ... 
2738  -O                                                                        (1 = 0.6%) {68.5%}
2739  ... 
2769  -O                                                                        (1 = 0.6%) {69.1%}
2770  ... 
2789  -O                                                                        (1 = 0.6%) {69.6%}
2790  -O                                                                        (1 = 0.6%) {70.2%}
2791  -O                                                                        (1 = 0.6%) {70.7%}
2792  -O                                                                        (1 = 0.6%) {71.3%}
2793  ... 
2841  -O                                                                        (1 = 0.6%) {71.8%}
2842  ... 
2903  -O                                                                        (1 = 0.6%) {72.4%}
2904  -O                                                                        (1 = 0.6%) {72.9%}
2905  ... 
2927  -O                                                                        (1 = 0.6%) {73.5%}
2928  ... 
2935  -O                                                                        (1 = 0.6%) {74.0%}
2936  ... 
3004  -O                                                                        (1 = 0.6%) {74.6%}
3005  ... 
3019  -O                                                                        (1 = 0.6%) {75.1%}
3020  -O                                                                        (1 = 0.6%) {75.7%}
3021  ... 
3028  -O                                                                        (1 = 0.6%) {76.2%}
3029  ... 
3066  -O                                                                        (1 = 0.6%) {76.8%}
3067  ... 
3116  -O                                                                        (1 = 0.6%) {77.3%}
3117  ... 
3157  -O                                                                        (1 = 0.6%) {77.9%}
3158  ... 
3189  -O                                                                        (1 = 0.6%) {78.5%}
3190  ... 
3198  -O                                                                        (1 = 0.6%) {79.0%}
3199  ... 
3254  -O                                                                        (1 = 0.6%) {79.6%}
3255  ... 
3273  -O                                                                        (1 = 0.6%) {80.1%}
3274  O                                                                         (0 = 0.0%) {80.7%}
3275  -O                                                                        (1 = 0.6%) {80.7%}
3276  ... 
3279  -O                                                                        (1 = 0.6%) {81.2%}
3280  ... 
3307  -O                                                                        (1 = 0.6%) {81.8%}
3308  -O                                                                        (1 = 0.6%) {82.3%}
3309  ... 
3349  -O                                                                        (1 = 0.6%) {82.9%}
3350  ... 
3359  -O                                                                        (1 = 0.6%) {83.4%}
3360  ... 
3409  -O                                                                        (1 = 0.6%) {84.0%}
3410  ... 
3444  -O                                                                        (1 = 0.6%) {84.5%}
3445  ... 
3698  -O                                                                        (1 = 0.6%) {85.1%}
3699  ... 
3789  -O                                                                        (1 = 0.6%) {85.6%}
3790  -O                                                                        (1 = 0.6%) {86.2%}
3791  ... 
3803  -O                                                                        (1 = 0.6%) {86.7%}
3804  ... 
3870  -O                                                                        (1 = 0.6%) {87.3%}
3871  ... 
3945  -O                                                                        (1 = 0.6%) {87.8%}
3946  ... 
3973  -O                                                                        (1 = 0.6%) {88.4%}
3974  ... 
4007  -O                                                                        (1 = 0.6%) {89.0%}
4008  ... 
4079  -O                                                                        (1 = 0.6%) {89.5%}
4080  ... 
4113  -O                                                                        (1 = 0.6%) {90.1%}
4114  ... 
4161  -O                                                                        (1 = 0.6%) {90.6%}
4162  ... 
4177  -O                                                                        (1 = 0.6%) {91.2%}
4178  ... 
4194  -O                                                                        (1 = 0.6%) {91.7%}
4195  O                                                                         (0 = 0.0%) {92.3%}
4196  -O                                                                        (1 = 0.6%) {92.3%}
4197  ... 
4240  -O                                                                        (1 = 0.6%) {92.8%}
4241  O                                                                         (0 = 0.0%) {93.4%}
4242  -O                                                                        (1 = 0.6%) {93.4%}
4243  ... 
4307  -O                                                                        (1 = 0.6%) {93.9%}
4308  ... 
4317  -O                                                                        (1 = 0.6%) {94.5%}
4318  ... 
4346  -O                                                                        (1 = 0.6%) {95.0%}
4347  ... 
4372  -O                                                                        (1 = 0.6%) {95.6%}
4373  ... 
4379  -O                                                                        (1 = 0.6%) {96.1%}
4380  ... 
4419  -O                                                                        (1 = 0.6%) {96.7%}
4420  ... 
4561  -O                                                                        (1 = 0.6%) {97.2%}
4562  ... 
4673  -O                                                                        (1 = 0.6%) {97.8%}
4674  ... 
4743  -O                                                                        (1 = 0.6%) {98.3%}
4744  ... 
4961  -O                                                                        (1 = 0.6%) {98.9%}
4962  ... 
4994  -O                                                                        (1 = 0.6%) {99.4%}
4995  ... 

Histogram: Blink.UseCounter.MainFrame.Features recorded 181 samples, mean = 2258.5 (flags = 0x41)
0     ... 
13    -O                                                                        (1 = 0.6%) {0.0%}
14    ... 
16    -O                                                                        (1 = 0.6%) {0.6%}
17    ... 
52    -O                                                                        (1 = 0.6%) {1.1%}
53    ... 
69    -O                                                                        (1 = 0.6%) {1.7%}
70    ... 
123   -O                                                                        (1 = 0.6%) {2.2%}
124   -O                                                                        (1 = 0.6%) {2.8%}
125   -O                                                                        (1 = 0.6%) {3.3%}
126   ... 
138   -O                                                                        (1 = 0.6%) {3.9%}
139   ... 
240   -O                                                                        (1 = 0.6%) {4.4%}
241   ... 
250   -O                                                                        (1 = 0.6%) {5.0%}
251   ... 
429   -O                                                                        (1 = 0.6%) {5.5%}
430   -O                                                                        (1 = 0.6%) {6.1%}
431   -O                                                                        (1 = 0.6%) {6.6%}
432   -O                                                                        (1 = 0.6%) {7.2%}
433   ... 
469   -O                                                                        (1 = 0.6%) {7.7%}
470   ... 
494   -O                                                                        (1 = 0.6%) {8.3%}
495   ... 
522   -O                                                                        (1 = 0.6%) {8.8%}
523   -O                                                                        (1 = 0.6%) {9.4%}
524   -O                                                                        (1 = 0.6%) {9.9%}
525   ... 
540   -O                                                                        (1 = 0.6%) {10.5%}
541   ... 
587   -O                                                                        (1 = 0.6%) {11.0%}
588   -O                                                                        (1 = 0.6%) {11.6%}
589   ... 
675   -O                                                                        (1 = 0.6%) {12.2%}
676   ... 
710   -O                                                                        (1 = 0.6%) {12.7%}
711   -O                                                                        (1 = 0.6%) {13.3%}
712   ... 
717   -O                                                                        (1 = 0.6%) {13.8%}
718   ... 
730   -O                                                                        (1 = 0.6%) {14.4%}
731   ... 
744   -O                                                                        (1 = 0.6%) {14.9%}
745   ... 
780   -O                                                                        (1 = 0.6%) {15.5%}
781   -O                                                                        (1 = 0.6%) {16.0%}
782   ... 
786   -O                                                                        (1 = 0.6%) {16.6%}
787   -O                                                                        (1 = 0.6%) {17.1%}
788   ... 
804   -O                                                                        (1 = 0.6%) {17.7%}
805   ... 
900   -O                                                                        (1 = 0.6%) {18.2%}
901   -O                                                                        (1 = 0.6%) {18.8%}
902   ... 
907   -O                                                                        (1 = 0.6%) {19.3%}
908   ... 
954   -O                                                                        (1 = 0.6%) {19.9%}
955   ... 
970   -O                                                                        (1 = 0.6%) {20.4%}
971   O                                                                         (0 = 0.0%) {21.0%}
972   -O                                                                        (1 = 0.6%) {21.0%}
973   -O                                                                        (1 = 0.6%) {21.5%}
974   ... 
976   -O                                                                        (1 = 0.6%) {22.1%}
977   ... 
1023  -O                                                                        (1 = 0.6%) {22.7%}
1024  ... 
1069  -O                                                                        (1 = 0.6%) {23.2%}
1070  -O                                                                        (1 = 0.6%) {23.8%}
1071  ... 
1075  -O                                                                        (1 = 0.6%) {24.3%}
1076  -O                                                                        (1 = 0.6%) {24.9%}
1077  ... 
1124  -O                                                                        (1 = 0.6%) {25.4%}
1125  ... 
1302  -O                                                                        (1 = 0.6%) {26.0%}
1303  ... 
1347  -O                                                                        (1 = 0.6%) {26.5%}
1348  ... 
1351  -O                                                                        (1 = 0.6%) {27.1%}
1352  ... 
1354  -O                                                                        (1 = 0.6%) {27.6%}
1355  ... 
1368  -O                                                                        (1 = 0.6%) {28.2%}
1369  ... 
1417  -O                                                                        (1 = 0.6%) {28.7%}
1418  ... 
1441  -O                                                                        (1 = 0.6%) {29.3%}
1442  ... 
1458  -O                                                                        (1 = 0.6%) {29.8%}
1459  -O                                                                        (1 = 0.6%) {30.4%}
1460  ... 
1462  -O                                                                        (1 = 0.6%) {30.9%}
1463  -O                                                                        (1 = 0.6%) {31.5%}
1464  ... 
1467  -O                                                                        (1 = 0.6%) {32.0%}
1468  ... 
1502  -O                                                                        (1 = 0.6%) {32.6%}
1503  ... 
1692  -O                                                                        (1 = 0.6%) {33.1%}
1693  -O                                                                        (1 = 0.6%) {33.7%}
1694  ... 
1827  -O                                                                        (1 = 0.6%) {34.3%}
1828  ... 
2013  -O                                                                        (1 = 0.6%) {34.8%}
2014  ... 
2077  -O                                                                        (1 = 0.6%) {35.4%}
2078  ... 
2094  -O                                                                        (1 = 0.6%) {35.9%}
2095  O                                                                         (0 = 0.0%) {36.5%}
2096  -O                                                                        (1 = 0.6%) {36.5%}
2097  ... 
2100  -O                                                                        (1 = 0.6%) {37.0%}
2101  ... 
2112  -O                                                                        (1 = 0.6%) {37.6%}
2113  ... 
2121  -O                                                                        (1 = 0.6%) {38.1%}
2122  ... 
2157  -O                                                                        (1 = 0.6%) {38.7%}
2158  ... 
2188  -O                                                                        (1 = 0.6%) {39.2%}
2189  O                                                                         (0 = 0.0%) {39.8%}
2190  -O                                                                        (1 = 0.6%) {39.8%}
2191  -O                                                                        (1 = 0.6%) {40.3%}
2192  ... 
2195  -O                                                                        (1 = 0.6%) {40.9%}
2196  ... 
2203  -O                                                                        (1 = 0.6%) {41.4%}
2204  -O                                                                        (1 = 0.6%) {42.0%}
2205  ... 
2217  -O                                                                        (1 = 0.6%) {42.5%}
2218  ... 
2226  -O                                                                        (1 = 0.6%) {43.1%}
2227  O                                                                         (0 = 0.0%) {43.6%}
2228  -O                                                                        (1 = 0.6%) {43.6%}
2229  -O                                                                        (1 = 0.6%) {44.2%}
2230  ... 
2236  -O                                                                        (1 = 0.6%) {44.8%}
2237  ... 
2298  -O                                                                        (1 = 0.6%) {45.3%}
2299  ... 
2314  -O                                                                        (1 = 0.6%) {45.9%}
2315  ... 
2319  -O                                                                        (1 = 0.6%) {46.4%}
2320  ... 
2322  -O                                                                        (1 = 0.6%) {47.0%}
2323  ... 
2347  -O                                                                        (1 = 0.6%) {47.5%}
2348  ... 
2355  -O                                                                        (1 = 0.6%) {48.1%}
2356  ... 
2361  -O                                                                        (1 = 0.6%) {48.6%}
2362  ... 
2387  -O                                                                        (1 = 0.6%) {49.2%}
2388  -O                                                                        (1 = 0.6%) {49.7%}
2389  ... 
2399  -O                                                                        (1 = 0.6%) {50.3%}
2400  ... 
2413  -O                                                                        (1 = 0.6%) {50.8%}
2414  ... 
2429  -O                                                                        (1 = 0.6%) {51.4%}
2430  O                                                                         (0 = 0.0%) {51.9%}
2431  -O                                                                        (1 = 0.6%) {51.9%}
2432  ... 
2487  -O                                                                        (1 = 0.6%) {52.5%}
2488  ... 
2518  -O                                                                        (1 = 0.6%) {53.0%}
2519  ... 
2598  -O                                                                        (1 = 0.6%) {53.6%}
2599  ... 
2618  -O                                                                        (1 = 0.6%) {54.1%}
2619  ... 
2654  -O                                                                        (1 = 0.6%) {54.7%}
2655  -O                                                                        (1 = 0.6%) {55.2%}
2656  -O                                                                        (1 = 0.6%) {55.8%}
2657  -O                                                                        (1 = 0.6%) {56.4%}
2658  -O                                                                        (1 = 0.6%) {56.9%}
2659  -O                                                                        (1 = 0.6%) {57.5%}
2660  -O                                                                        (1 = 0.6%) {58.0%}
2661  -O                                                                        (1 = 0.6%) {58.6%}
2662  -O                                                                        (1 = 0.6%) {59.1%}
2663  -O                                                                        (1 = 0.6%) {59.7%}
2664  ... 
2699  -O                                                                        (1 = 0.6%) {60.2%}
2700  -O                                                                        (1 = 0.6%) {60.8%}
2701  -O                                                                        (1 = 0.6%) {61.3%}
2702  -O                                                                        (1 = 0.6%) {61.9%}
2703  -O                                                                        (1 = 0.6%) {62.4%}
2704  -O                                                                        (1 = 0.6%) {63.0%}
2705  -O                                                                        (1 = 0.6%) {63.5%}
2706  -O                                                                        (1 = 0.6%) {64.1%}
2707  -O                                                                        (1 = 0.6%) {64.6%}
2708  ... 
2710  -O                                                                        (1 = 0.6%) {65.2%}
2711  -O                                                                        (1 = 0.6%) {65.7%}
2712  ... 
2714  -O                                                                        (1 = 0.6%) {66.3%}
2715  -O                                                                        (1 = 0.6%) {66.9%}
2716  -O                                                                        (1 = 0.6%) {67.4%}
2717  ... 
2723  -O                                                                        (1 = 0.6%) {68.0%}
2724  ... 
2738  -O                                                                        (1 = 0.6%) {68.5%}
2739  ... 
2769  -O                                                                        (1 = 0.6%) {69.1%}
2770  ... 
2789  -O                                                                        (1 = 0.6%) {69.6%}
2790  -O                                                                        (1 = 0.6%) {70.2%}
2791  -O                                                                        (1 = 0.6%) {70.7%}
2792  -O                                                                        (1 = 0.6%) {71.3%}
2793  ... 
2841  -O                                                                        (1 = 0.6%) {71.8%}
2842  ... 
2903  -O                                                                        (1 = 0.6%) {72.4%}
2904  -O                                                                        (1 = 0.6%) {72.9%}
2905  ... 
2927  -O                                                                        (1 = 0.6%) {73.5%}
2928  ... 
2935  -O                                                                        (1 = 0.6%) {74.0%}
2936  ... 
3004  -O                                                                        (1 = 0.6%) {74.6%}
3005  ... 
3019  -O                                                                        (1 = 0.6%) {75.1%}
3020  -O                                                                        (1 = 0.6%) {75.7%}
3021  ... 
3028  -O                                                                        (1 = 0.6%) {76.2%}
3029  ... 
3066  -O                                                                        (1 = 0.6%) {76.8%}
3067  ... 
3116  -O                                                                        (1 = 0.6%) {77.3%}
3117  ... 
3157  -O                                                                        (1 = 0.6%) {77.9%}
3158  ... 
3189  -O                                                                        (1 = 0.6%) {78.5%}
3190  ... 
3198  -O                                                                        (1 = 0.6%) {79.0%}
3199  ... 
3254  -O                                                                        (1 = 0.6%) {79.6%}
3255  ... 
3273  -O                                                                        (1 = 0.6%) {80.1%}
3274  O                                                                         (0 = 0.0%) {80.7%}
3275  -O                                                                        (1 = 0.6%) {80.7%}
3276  ... 
3279  -O                                                                        (1 = 0.6%) {81.2%}
3280  ... 
3307  -O                                                                        (1 = 0.6%) {81.8%}
3308  -O                                                                        (1 = 0.6%) {82.3%}
3309  ... 
3349  -O                                                                        (1 = 0.6%) {82.9%}
3350  ... 
3359  -O                                                                        (1 = 0.6%) {83.4%}
3360  ... 
3409  -O                                                                        (1 = 0.6%) {84.0%}
3410  ... 
3444  -O                                                                        (1 = 0.6%) {84.5%}
3445  ... 
3698  -O                                                                        (1 = 0.6%) {85.1%}
3699  ... 
3789  -O                                                                        (1 = 0.6%) {85.6%}
3790  -O                                                                        (1 = 0.6%) {86.2%}
3791  ... 
3803  -O                                                                        (1 = 0.6%) {86.7%}
3804  ... 
3870  -O                                                                        (1 = 0.6%) {87.3%}
3871  ... 
3945  -O                                                                        (1 = 0.6%) {87.8%}
3946  ... 
3973  -O                                                                        (1 = 0.6%) {88.4%}
3974  ... 
4007  -O                                                                        (1 = 0.6%) {89.0%}
4008  ... 
4079  -O                                                                        (1 = 0.6%) {89.5%}
4080  ... 
4113  -O                                                                        (1 = 0.6%) {90.1%}
4114  ... 
4161  -O                                                                        (1 = 0.6%) {90.6%}
4162  ... 
4177  -O                                                                        (1 = 0.6%) {91.2%}
4178  ... 
4194  -O                                                                        (1 = 0.6%) {91.7%}
4195  O                                                                         (0 = 0.0%) {92.3%}
4196  -O                                                                        (1 = 0.6%) {92.3%}
4197  ... 
4240  -O                                                                        (1 = 0.6%) {92.8%}
4241  O                                                                         (0 = 0.0%) {93.4%}
4242  -O                                                                        (1 = 0.6%) {93.4%}
4243  ... 
4307  -O                                                                        (1 = 0.6%) {93.9%}
4308  ... 
4317  -O                                                                        (1 = 0.6%) {94.5%}
4318  ... 
4346  -O                                                                        (1 = 0.6%) {95.0%}
4347  ... 
4372  -O                                                                        (1 = 0.6%) {95.6%}
4373  ... 
4379  -O                                                                        (1 = 0.6%) {96.1%}
4380  ... 
4419  -O                                                                        (1 = 0.6%) {96.7%}
4420  ... 
4561  -O                                                                        (1 = 0.6%) {97.2%}
4562  ... 
4673  -O                                                                        (1 = 0.6%) {97.8%}
4674  ... 
4743  -O                                                                        (1 = 0.6%) {98.3%}
4744  ... 
4961  -O                                                                        (1 = 0.6%) {98.9%}
4962  ... 
4994  -O                                                                        (1 = 0.6%) {99.4%}
4995  ... 

Histogram: Blink.UseCounter.PermissionsPolicy.Allow2 recorded 0 samples (flags = 0x41)
0 ... 

Histogram: Blink.UseCounter.PermissionsPolicy.Header2 recorded 0 samples (flags = 0x41)
0 ... 

Histogram: Blink.UseCounter.PermissionsPolicy.Violation.Enforce recorded 0 samples (flags = 0x41)
0 ... 

Histogram: Blink.UseCounter.WebDXFeatures recorded 15 samples, mean = 37.7 (flags = 0x41)
0   ... 
5   -O                                                                        (1 = 6.7%) {0.0%}
6   ... 
8   -O                                                                        (1 = 6.7%) {6.7%}
9   -O                                                                        (1 = 6.7%) {13.3%}
10  O                                                                         (0 = 0.0%) {20.0%}
11  -O                                                                        (1 = 6.7%) {20.0%}
12  ... 
27  -O                                                                        (1 = 6.7%) {26.7%}
28  -O                                                                        (1 = 6.7%) {33.3%}
29  -O                                                                        (1 = 6.7%) {40.0%}
30  ... 
38  -O                                                                        (1 = 6.7%) {46.7%}
39  -O                                                                        (1 = 6.7%) {53.3%}
40  ... 
45  -O                                                                        (1 = 6.7%) {60.0%}
46  -O                                                                        (1 = 6.7%) {66.7%}
47  ... 
58  -O                                                                        (1 = 6.7%) {73.3%}
59  ... 
68  -O                                                                        (1 = 6.7%) {80.0%}
69  ... 
71  -O                                                                        (1 = 6.7%) {86.7%}
72  ... 
83  -O                                                                        (1 = 6.7%) {93.3%}
84  ... 

Histogram: Blink.UserDrivenDocumentUpdate.UpdateTime.PreFCP recorded 1 samples, mean = 29.0 (flags = 0x41)
0   ... 
29  -O                                                                        (1 = 100.0%) {0.0%}
40  ... 

Histogram: Bookmarks.BookmarkBar.Shown recorded 1 samples, mean = 0.0 (flags = 0x41)
0  -O                                                                        (1 = 100.0%)
1  ... 

Histogram: Bookmarks.Count.OnProfileLoad3 recorded 1 samples, mean = 0.0 (flags = 0x41)
0  -O                                                                        (1 = 100.0%)
1  ... 

Histogram: Bookmarks.Storage.TimeToLoadAtStartup2 recorded 1 samples, mean = 2055.0 (flags = 0x41)
0     ... 
1782  -O                                                                        (1 = 100.0%) {0.0%}
2117  ... 

Histogram: Bookmarks.Times.OnProfileLoad.TimeSinceAdded3 recorded 1 samples, mean = 0.0 (flags = 0x41)
0  -O                                                                        (1 = 100.0%)
1  ... 

Histogram: Bookmarks.Utilization.OnProfileLoad.PercentageUsed recorded 1 samples, mean = 0.0 (flags = 0x41)
0  -O                                                                        (1 = 100.0%)
1  ... 

Histogram: Bookmarks.Utilization.OnProfileLoad.TotalUnused recorded 1 samples, mean = 0.0 (flags = 0x41)
0  -O                                                                        (1 = 100.0%)
1  ... 

Histogram: Bookmarks.Utilization.OnProfileLoad.TotalUsed recorded 1 samples, mean = 0.0 (flags = 0x41)
0  -O                                                                        (1 = 100.0%)
1  ... 

Histogram: BrotliFilter.CompressionPercent recorded 34 samples, mean = 35.6 (flags = 0x41)
0    ... 
10   -O                                                                        (1 = 2.9%) {0.0%}
11   ---O                                                                      (3 = 8.8%) {2.9%}
12   O                                                                         (0 = 0.0%) {11.8%}
13   -O                                                                        (1 = 2.9%) {11.8%}
14   -O                                                                        (1 = 2.9%) {14.7%}
15   ... 
18   -O                                                                        (1 = 2.9%) {17.6%}
19   -O                                                                        (1 = 2.9%) {20.6%}
20   ... 
22   -O                                                                        (1 = 2.9%) {23.5%}
23   -O                                                                        (1 = 2.9%) {26.5%}
24   -O                                                                        (1 = 2.9%) {29.4%}
25   -O                                                                        (1 = 2.9%) {32.4%}
26   -O                                                                        (1 = 2.9%) {35.3%}
27   O                                                                         (0 = 0.0%) {38.2%}
28   --O                                                                       (2 = 5.9%) {38.2%}
29   --O                                                                       (2 = 5.9%) {44.1%}
30   --O                                                                       (2 = 5.9%) {50.0%}
31   -O                                                                        (1 = 2.9%) {55.9%}
32   -O                                                                        (1 = 2.9%) {58.8%}
33   -O                                                                        (1 = 2.9%) {61.8%}
34   -O                                                                        (1 = 2.9%) {64.7%}
35   ... 
38   --O                                                                       (2 = 5.9%) {67.6%}
39   -O                                                                        (1 = 2.9%) {73.5%}
40   ... 
43   -O                                                                        (1 = 2.9%) {76.5%}
44   -O                                                                        (1 = 2.9%) {79.4%}
45   -O                                                                        (1 = 2.9%) {82.4%}
46   O                                                                         (0 = 0.0%) {85.3%}
47   --O                                                                       (2 = 5.9%) {85.3%}
48   ... 
84   -O                                                                        (1 = 2.9%) {91.2%}
85   ... 
101  --O                                                                       (2 = 5.9%) {94.1%}

Histogram: BrotliFilter.Status recorded 34 samples, mean = 1.0 (flags = 0x41)
0  O                                                                         (0 = 0.0%)
1  ----------------------------------O                                       (34 = 100.0%) {0.0%}
2  ... 

Histogram: BrotliFilter.UsedMemoryKB recorded 34 samples, mean = 231.0 (flags = 0x41)
0    ... 
16   --O                                                                       (2 = 5.9%) {0.0%}
20   O                                                                         (0 = 0.0%) {5.9%}
25   ---O                                                                      (3 = 8.8%) {5.9%}
31   ------O                                                                   (6 = 17.6%) {14.7%}
39   O                                                                         (0 = 0.0%) {32.4%}
49   --O                                                                       (2 = 5.9%) {32.4%}
61   -O                                                                        (1 = 2.9%) {38.2%}
76   ---O                                                                      (3 = 8.8%) {41.2%}
95   O                                                                         (0 = 0.0%) {50.0%}
119  ----O                                                                     (4 = 11.8%) {50.0%}
149  O                                                                         (0 = 0.0%) {61.8%}
187  --O                                                                       (2 = 5.9%) {61.8%}
234  O                                                                         (0 = 0.0%) {67.6%}
293  -O                                                                        (1 = 2.9%) {67.6%}
367  -----O                                                                    (5 = 14.7%) {70.6%}
460  O                                                                         (0 = 0.0%) {85.3%}
576  -O                                                                        (1 = 2.9%) {85.3%}
722  ----O                                                                     (4 = 11.8%) {88.2%}
905  ... 

Histogram: Browser.ERP.RequestPayloadSizePerHour recorded 20 samples, mean = 0.0 (flags = 0x41)
0  --------------------O                                                     (20 = 100.0%)
1  ... 

Histogram: Browser.ERP.ResponsePayloadSizePerHour recorded 20 samples, mean = 0.0 (flags = 0x41)
0  --------------------O                                                     (20 = 100.0%)
1  ... 

Histogram: Browser.MainThreadsCongestion.RunningOnly recorded 2469 samples, mean = 0.0 (flags = 0x41)
0  ------------------------------------------------------------------------O (2469 = 100.0%)
1  ... 

Histogram: Browser.MainThreadsCongestion.RunningOnly.Initial recorded 1 samples, mean = 0.0 (flags = 0x41)
0  -O                                                                        (1 = 100.0%)
1  ... 

Histogram: Browser.Responsiveness.IOJanksTotalPerMinute recorded 1249 samples, mean = 0.0 (flags = 0x41)
0  ------------------------------------------------------------------------O (1249 = 100.0%)
1  ... 

Histogram: Browser.Responsiveness.IOJankyIntervalsPerMinute recorded 1249 samples, mean = 0.0 (flags = 0x41)
0  ------------------------------------------------------------------------O (1249 = 100.0%)
1  ... 

Histogram: BrowserRenderProcessHost.Cleanup.DelayReason recorded 12 samples, mean = 6.8 (flags = 0x41)
0  ---O                                                                      (3 = 25.0%)
1  ... 
9  ---------O                                                                (9 = 75.0%) {25.0%}
10 ... 

Histogram: BrowserRenderProcessHost.Cleanup.Total recorded 12 samples, mean = 1.0 (flags = 0x41)
0  O                                                                         (0 = 0.0%)
1  ------------O                                                             (12 = 100.0%) {0.0%}
2  O                                                                         (0 = 0.0%) {100.0%}

Histogram: BrowserRenderProcessHost.ExistingRendererIsInitializedAndNotDead recorded 1 samples, mean = 1.0 (flags = 0x41)
0  O                                                                         (0 = 0.0%)
1  -O                                                                        (1 = 100.0%) {0.0%}
2  O                                                                         (0 = 0.0%) {100.0%}

Histogram: BrowserRenderProcessHost.FastShutdownIfPossible.DelayReason recorded 1 samples, mean = 4.0 (flags = 0x41)
0  ... 
4  -O                                                                        (1 = 100.0%) {0.0%}
5  ... 

Histogram: BrowserRenderProcessHost.FastShutdownIfPossible.Total recorded 1 samples, mean = 1.0 (flags = 0x41)
0  O                                                                         (0 = 0.0%)
1  -O                                                                        (1 = 100.0%) {0.0%}
2  O                                                                         (0 = 0.0%) {100.0%}

Histogram: BrowserRenderProcessHost.SpareProcessEvictedOtherSpare recorded 2 samples, mean = 0.0 (flags = 0x41)
0  --O                                                                       (2 = 100.0%)
1  ... 

Histogram: BrowserRenderProcessHost.SpareProcessMaybeTakeAction recorded 2 samples, mean = 2.0 (flags = 0x41)
0  -O                                                                        (1 = 50.0%)
1  ... 
4  -O                                                                        (1 = 50.0%) {50.0%}
5  ... 

Histogram: BrowserRenderProcessHost.SpareProcessStartupTime recorded 2 samples, mean = 1037.0 (flags = 0x41)
0     ... 
48    -O                                                                        (1 = 50.0%) {0.0%}
57    ... 
1782  -O                                                                        (1 = 50.0%) {50.0%}
2117  ... 

Histogram: BrowserSwitcher.ExternalGreylistSize recorded 1 samples, mean = 0.0 (flags = 0x41)
0  -O                                                                        (1 = 100.0%)
1  ... 

Histogram: BrowserSwitcher.ExternalSitelistSize recorded 1 samples, mean = 0.0 (flags = 0x41)
0  -O                                                                        (1 = 100.0%)
1  ... 

Histogram: BrowserSwitcher.IeemSitelistSize recorded 1 samples, mean = 0.0 (flags = 0x41)
0  -O                                                                        (1 = 100.0%)
1  ... 

Histogram: BrowsingTopics.BrowsingTopicsState.LoadFinishStatus recorded 1 samples, mean = 1.0 (flags = 0x41)
0  O                                                                         (0 = 0.0%)
1  -O                                                                        (1 = 100.0%) {0.0%}
2  O                                                                         (0 = 0.0%) {100.0%}

Histogram: BrowsingTopics.EpochTopicsCalculation.FirstTry.CalculatorResultStatus recorded 1 samples, mean = 1.0 (flags = 0x41)
0  O                                                                         (0 = 0.0%)
1  -O                                                                        (1 = 100.0%) {0.0%}
2  ... 

Histogram: BrowsingTopics.EpochTopicsCalculation.Started.RetryNumber recorded 1 samples, mean = 0.0 (flags = 0x41)
0  -O                                                                        (1 = 100.0%)
1  ... 

Histogram: BrowsingTopics.EpochTopicsCalculation.TimeBetweenCalculations recorded 1 samples, mean = 1032666688.0 (flags = 0x41)
0          ... 
987302052  -O                                                                        (1 = 100.0%) {0.0%}
1145262468 ... 

Histogram: BrowsingTopics.SiteDataStorage.FileSize.KB recorded 1 samples, mean = 28.0 (flags = 0x41)
0   ... 
28  -O                                                                        (1 = 100.0%) {0.0%}
37  ... 

Histogram: BrowsingTopics.SiteDataStorage.InitStatus recorded 1 samples, mean = 1.0 (flags = 0x41)
0  O                                                                         (0 = 0.0%)
1  -O                                                                        (1 = 100.0%) {0.0%}
2  O                                                                         (0 = 0.0%) {100.0%}

Histogram: CPU.Experimental.CpuEstimationTaskMigrated recorded 249 samples, mean = 0.2 (flags = 0x41)
0  ------------------------------------------------------------------------O (208 = 83.5%)
1  --------------O                                                           (41 = 16.5%) {83.5%}
2  O                                                                         (0 = 0.0%) {100.0%}

Histogram: CPU.Experimental.CpuEstimationTaskQueuedTime.Performance recorded 249 samples, mean = 17.8 (flags = 0x41)
0    ... 
5    -----O                                                                    (7 = 2.8%) {0.0%}
7    ----------------------O                                                   (33 = 13.3%) {2.8%}
9    ------------------------------------------------------------------------O (106 = 42.6%) {16.1%}
12   --------------------O                                                     (30 = 12.0%) {58.6%}
16   ----------O                                                               (14 = 5.6%) {70.7%}
21   -----------O                                                              (16 = 6.4%) {76.3%}
28   ------------------O                                                       (26 = 10.4%) {82.7%}
37   -------O                                                                  (11 = 4.4%) {93.2%}
49   -O                                                                        (2 = 0.8%) {97.6%}
65   -O                                                                        (1 = 0.4%) {98.4%}
86   -O                                                                        (1 = 0.4%) {98.8%}
113  -O                                                                        (1 = 0.4%) {99.2%}
149  ... 
340  -O                                                                        (1 = 0.4%) {99.6%}
448  ... 

Histogram: CPU.Experimental.CpuEstimationTaskThreadTime.Performance recorded 249 samples, mean = 190.7 (flags = 0x41)
0    ... 
86   ------------------------------------------------------------------------O (159 = 63.9%) {0.0%}
113  --------O                                                                 (17 = 6.8%) {63.9%}
149  ----O                                                                     (8 = 3.2%) {70.7%}
196  ---O                                                                      (6 = 2.4%) {73.9%}
258  ---O                                                                      (7 = 2.8%) {76.3%}
340  -------O                                                                  (16 = 6.4%) {79.1%}
448  -------------O                                                            (28 = 11.2%) {85.5%}
590  ----O                                                                     (8 = 3.2%) {96.8%}
777  ... 

Histogram: CPU.Experimental.CpuEstimationTaskTotalTime.Performance recorded 249 samples, mean = 217.4 (flags = 0x41)
0    ... 
86   ----------------------------------O                                       (52 = 20.9%) {0.0%}
113  ------------------------------------------------------------------------O (111 = 44.6%) {20.9%}
149  ----------O                                                               (16 = 6.4%) {65.5%}
196  ----O                                                                     (6 = 2.4%) {71.9%}
258  ----O                                                                     (6 = 2.4%) {74.3%}
340  ----------O                                                               (15 = 6.0%) {76.7%}
448  ----------------------O                                                   (34 = 13.7%) {82.7%}
590  -----O                                                                    (8 = 3.2%) {96.4%}
777  -O                                                                        (1 = 0.4%) {99.6%}
1023 ... 

Histogram: CPU.Experimental.CpuEstimationTaskWallTime.Performance recorded 249 samples, mean = 199.6 (flags = 0x41)
0    ... 
86   ------------------------------------------------------------------------O (134 = 53.8%) {0.0%}
113  --------------------O                                                     (37 = 14.9%) {53.8%}
149  -----O                                                                    (9 = 3.6%) {68.7%}
196  ----O                                                                     (7 = 2.8%) {72.3%}
258  ----O                                                                     (8 = 3.2%) {75.1%}
340  ----------O                                                               (18 = 7.2%) {78.3%}
448  ---------------O                                                          (28 = 11.2%) {85.5%}
590  ----O                                                                     (8 = 3.2%) {96.8%}
777  ... 

Histogram: CPU.Experimental.CpuEstimationThreadTimePercent.Performance recorded 249 samples, mean = 95.4 (flags = 0x41)
0   ... 
34  -O                                                                        (1 = 0.4%) {0.0%}
35  O                                                                         (0 = 0.0%) {0.4%}
36  -O                                                                        (1 = 0.4%) {0.4%}
37  ... 
45  -O                                                                        (1 = 0.4%) {0.8%}
46  ... 
60  -O                                                                        (1 = 0.4%) {1.2%}
61  ... 
64  --O                                                                       (2 = 0.8%) {1.6%}
65  ... 
86  -O                                                                        (1 = 0.4%) {2.4%}
87  O                                                                         (0 = 0.0%) {2.8%}
88  -O                                                                        (1 = 0.4%) {2.8%}
89  O                                                                         (0 = 0.0%) {3.2%}
90  --O                                                                       (2 = 0.8%) {3.2%}
91  ---O                                                                      (4 = 1.6%) {4.0%}
92  ------------O                                                             (14 = 5.6%) {5.6%}
93  ------------O                                                             (14 = 5.6%) {11.2%}
94  ---O                                                                      (4 = 1.6%) {16.9%}
95  -------O                                                                  (8 = 3.2%) {18.5%}
96  ----------------------O                                                   (25 = 10.0%) {21.7%}
97  -----------------------------------------------------------O              (68 = 27.3%) {31.7%}
98  ------------------------------------------------------------------------O (83 = 33.3%) {59.0%}
99  ----------------O                                                         (19 = 7.6%) {92.4%}
100 ... 

Histogram: CPU.Experimental.EstimatedFrequencyAsPercentOfLimit.Performance recorded 208 samples, mean = 175.1 (flags = 0x41)
0    ... 
36   -O                                                                        (2 = 1.0%) {0.0%}
37   --O                                                                       (4 = 1.9%) {1.0%}
38   ... 
44   O                                                                         (1 = 0.5%) {2.9%}
45   ... 
47   O                                                                         (1 = 0.5%) {3.4%}
48   -O                                                                        (2 = 1.0%) {3.8%}
49   O                                                                         (1 = 0.5%) {4.8%}
50   ------O                                                                   (13 = 6.2%) {5.3%}
51   ---O                                                                      (7 = 3.4%) {11.5%}
52   ... 
54   -O                                                                        (2 = 1.0%) {14.9%}
55   -O                                                                        (2 = 1.0%) {15.9%}
56   -O                                                                        (2 = 1.0%) {16.8%}
57   ... 
59   O                                                                         (1 = 0.5%) {17.8%}
60   O                                                                         (1 = 0.5%) {18.3%}
61   O                                                                         (0 = 0.0%) {18.8%}
62   O                                                                         (1 = 0.5%) {18.8%}
63   O                                                                         (1 = 0.5%) {19.2%}
64   O                                                                         (1 = 0.5%) {19.7%}
65   O                                                                         (1 = 0.5%) {20.2%}
66   O                                                                         (0 = 0.0%) {20.7%}
67   O                                                                         (1 = 0.5%) {20.7%}
68   O                                                                         (1 = 0.5%) {21.2%}
69   ... 
78   O                                                                         (1 = 0.5%) {21.6%}
79   ... 
82   O                                                                         (1 = 0.5%) {22.1%}
83   O                                                                         (1 = 0.5%) {22.6%}
84   O                                                                         (0 = 0.0%) {23.1%}
85   O                                                                         (1 = 0.5%) {23.1%}
86   ... 
88   O                                                                         (1 = 0.5%) {23.6%}
89   ... 
94   O                                                                         (1 = 0.5%) {24.0%}
95   ... 
97   -O                                                                        (2 = 1.0%) {24.5%}
98   ... 
101  ------------------------------------------------------------------------O (155 = 74.5%) {25.5%}

Histogram: CPU.Experimental.EstimatedFrequencyAsPercentOfMax.Performance recorded 208 samples, mean = 175.1 (flags = 0x41)
0    ... 
36   -O                                                                        (2 = 1.0%) {0.0%}
37   --O                                                                       (4 = 1.9%) {1.0%}
38   ... 
44   O                                                                         (1 = 0.5%) {2.9%}
45   ... 
47   O                                                                         (1 = 0.5%) {3.4%}
48   -O                                                                        (2 = 1.0%) {3.8%}
49   O                                                                         (1 = 0.5%) {4.8%}
50   ------O                                                                   (13 = 6.2%) {5.3%}
51   ---O                                                                      (7 = 3.4%) {11.5%}
52   ... 
54   -O                                                                        (2 = 1.0%) {14.9%}
55   -O                                                                        (2 = 1.0%) {15.9%}
56   -O                                                                        (2 = 1.0%) {16.8%}
57   ... 
59   O                                                                         (1 = 0.5%) {17.8%}
60   O                                                                         (1 = 0.5%) {18.3%}
61   O                                                                         (0 = 0.0%) {18.8%}
62   O                                                                         (1 = 0.5%) {18.8%}
63   O                                                                         (1 = 0.5%) {19.2%}
64   O                                                                         (1 = 0.5%) {19.7%}
65   O                                                                         (1 = 0.5%) {20.2%}
66   O                                                                         (0 = 0.0%) {20.7%}
67   O                                                                         (1 = 0.5%) {20.7%}
68   O                                                                         (1 = 0.5%) {21.2%}
69   ... 
78   O                                                                         (1 = 0.5%) {21.6%}
79   ... 
82   O                                                                         (1 = 0.5%) {22.1%}
83   O                                                                         (1 = 0.5%) {22.6%}
84   O                                                                         (0 = 0.0%) {23.1%}
85   O                                                                         (1 = 0.5%) {23.1%}
86   ... 
88   O                                                                         (1 = 0.5%) {23.6%}
89   ... 
94   O                                                                         (1 = 0.5%) {24.0%}
95   ... 
97   -O                                                                        (2 = 1.0%) {24.5%}
98   ... 
101  ------------------------------------------------------------------------O (155 = 74.5%) {25.5%}

Histogram: CertificateType2.BR.Intermediate.ECDSA recorded 5 samples, mean = 307.2 (flags = 0x41)
0    ... 
256  ---O                                                                      (3 = 60.0%) {0.0%}
257  ... 
384  --O                                                                       (2 = 40.0%) {60.0%}
385  ... 

Histogram: CertificateType2.BR.Intermediate.RSA recorded 5 samples, mean = 2048.0 (flags = 0x41)
0     ... 
2048  -----O                                                                    (5 = 100.0%) {0.0%}
2049  ... 

Histogram: CertificateType2.BR.Leaf.ECDSA recorded 6 samples, mean = 256.0 (flags = 0x41)
0    ... 
256  ------O                                                                   (6 = 100.0%) {0.0%}
257  ... 

Histogram: CertificateType2.BR.Leaf.RSA recorded 3 samples, mean = 2048.0 (flags = 0x41)
0     ... 
2048  ---O                                                                      (3 = 100.0%) {0.0%}
2049  ... 

Histogram: CertificateType2.BR.Root.ECDSA recorded 4 samples, mean = 384.0 (flags = 0x41)
0    ... 
384  ----O                                                                     (4 = 100.0%) {0.0%}
385  ... 

Histogram: CertificateType2.BR.Root.RSA recorded 5 samples, mean = 2867.2 (flags = 0x41)
0     ... 
2048  ---O                                                                      (3 = 60.0%) {0.0%}
2049  ... 
4096  --O                                                                       (2 = 40.0%) {60.0%}
4097  ... 

Histogram: ChildProcess.Launched.UtilityProcessHash recorded 3 samples (flags = 0x41)
-2043041185 -O                                                                        (1 = 33.3%)
-1468742076 -O                                                                        (1 = 33.3%)
1411170475  -O                                                                        (1 = 33.3%)

Histogram: ChildProcess.ProcessLifetime.Utility recorded 3 samples, mean = 49988784.0 (flags = 0x41)
0        ... 
87       -O                                                                        (1 = 33.3%) {0.0%}
118      ... 
3600000  --O                                                                       (2 = 66.7%) {33.3%}

Histogram: Chrome.ProcessSingleton.NotifyResult recorded 1 samples, mean = 0.0 (flags = 0x41)
0  -O                                                                        (1 = 100.0%)
1  ... 

Histogram: Chrome.ProcessSingleton.TimeToCreate recorded 1 samples, mean = 0.0 (flags = 0x41)
0  -O                                                                        (1 = 100.0%)
10 ... 

Histogram: Chrome.SystemNetworkContextManager.NetworkSandboxState recorded 4 samples, mean = 0.0 (flags = 0x41)
0  ----O                                                                     (4 = 100.0%)
1  ... 

Histogram: ChromeElf.Beacon.RetryAttemptsBeforeSuccess recorded 1 samples, mean = 0.0 (flags = 0x41)
0  -O                                                                        (1 = 100.0%)
1  ... 

Histogram: ChromeElf.Beacon.SetupStatus recorded 1 samples, mean = 1.0 (flags = 0x41)
0  O                                                                         (0 = 0.0%)
1  -O                                                                        (1 = 100.0%) {0.0%}
2  ... 

Histogram: ChromeElf.ExtensionPoint.EnableState recorded 1 samples, mean = 1.0 (flags = 0x41)
0  O                                                                         (0 = 0.0%)
1  -O                                                                        (1 = 100.0%) {0.0%}
2  O                                                                         (0 = 0.0%) {100.0%}

Histogram: ClientHints.CriticalCHRestart recorded 1 samples, mean = 0.0 (flags = 0x41)
0  -O                                                                        (1 = 100.0%)
1  ... 

Histogram: ClientHints.FetchLatency_PrefRead recorded 4 samples, mean = 9.5 (flags = 0x41)
0   ... 
3   -O                                                                        (1 = 25.0%) {0.0%}
4   O                                                                         (0 = 0.0%) {25.0%}
6   --O                                                                       (2 = 50.0%) {25.0%}
8   ... 
21  -O                                                                        (1 = 25.0%) {75.0%}
29  ... 

Histogram: ClientHints.FetchLatency_PrerenderHost recorded 4 samples, mean = 0.8 (flags = 0x41)
0  --O                                                                       (2 = 50.0%)
1  -O                                                                        (1 = 25.0%) {50.0%}
2  -O                                                                        (1 = 25.0%) {75.0%}
3  ... 

Histogram: ClientHints.FetchLatency_Total recorded 4 samples, mean = 10.2 (flags = 0x41)
0   ... 
3   -O                                                                        (1 = 25.0%) {0.0%}
4   O                                                                         (0 = 0.0%) {25.0%}
6   --O                                                                       (2 = 50.0%) {25.0%}
8   ... 
21  -O                                                                        (1 = 25.0%) {75.0%}
29  ... 

Histogram: Compositing.Browser.CompositorFrame.Quads recorded 3 samples, mean = 1.0 (flags = 0x41)
0  O                                                                         (0 = 0.0%)
1  ---O                                                                      (3 = 100.0%) {0.0%}
2  ... 

Histogram: Compositing.Browser.LayerTreeImpl.CalculateDrawPropertiesUs recorded 4 samples, mean = 15.5 (flags = 0x41)
0   ... 
7   ---O                                                                      (3 = 75.0%) {0.0%}
9   ... 
37  -O                                                                        (1 = 25.0%) {75.0%}
49  ... 

Histogram: Compositing.Browser.LayersUpdateTime recorded 4 samples, mean = 34.5 (flags = 0x41)
0   ... 
4   -O                                                                        (1 = 25.0%) {0.0%}
6   -O                                                                        (1 = 25.0%) {25.0%}
8   ... 
40  -O                                                                        (1 = 25.0%) {50.0%}
55  O                                                                         (0 = 0.0%) {75.0%}
76  -O                                                                        (1 = 25.0%) {75.0%}
105 ... 

Histogram: Compositing.ColorGamut recorded 4 samples, mean = 0.0 (flags = 0x41)
0  ----O                                                                     (4 = 100.0%)
1  ... 

Histogram: Compositing.DidMainThreadBlockDuringCommit recorded 4 samples, mean = 0.0 (flags = 0x41)
0  ----O                                                                     (4 = 100.0%)
1  ... 

Histogram: Compositing.DirectRenderer.OverlayProcessingUs recorded 4 samples, mean = 0.5 (flags = 0x41)
0  ----O                                                                     (4 = 100.0%)
5  ... 

Histogram: Compositing.DirectRenderer.PartialSwap.ExtraDamage recorded 4 samples, mean = 0.0 (flags = 0x41)
0  ----O                                                                     (4 = 100.0%)
1  ... 

Histogram: Compositing.DirectRenderer.PartialSwap.FrameBufferDamage recorded 4 samples, mean = 0.0 (flags = 0x41)
0  ----O                                                                     (4 = 100.0%)
1  ... 

Histogram: Compositing.DirectRenderer.PartialSwap.RootDamage recorded 4 samples, mean = 100.0 (flags = 0x41)
0    ... 
100  ----O                                                                     (4 = 100.0%) {0.0%}
101  O                                                                         (0 = 0.0%) {100.0%}

Histogram: Compositing.DirectRenderer.PartialSwap.TotalDamage recorded 4 samples, mean = 100.0 (flags = 0x41)
0    ... 
100  ----O                                                                     (4 = 100.0%) {0.0%}
101  O                                                                         (0 = 0.0%) {100.0%}

Histogram: Compositing.DirectRenderer.SkipAllNonRootRenderPassesPerFrame recorded 2 samples, mean = 0.0 (flags = 0x41)
0  --O                                                                       (2 = 100.0%)
1  ... 

Histogram: Compositing.DirectRenderer.SkipNonRootRenderPass recorded 2 samples, mean = 0.0 (flags = 0x41)
0  --O                                                                       (2 = 100.0%)
1  ... 

Histogram: Compositing.DirectRenderer.TotalPixelsRendered recorded 4 samples, mean = 1.5 (flags = 0x41)
0  O                                                                         (0 = 0.0%)
1  --O                                                                       (2 = 50.0%) {0.0%}
2  --O                                                                       (2 = 50.0%) {50.0%}
3  ... 

Histogram: Compositing.Display.Draw.Occlusion.Calculation.Time recorded 4 samples, mean = 5.8 (flags = 0x41)
0   O                                                                         (0 = 0.0%)
1   -O                                                                        (1 = 25.0%) {0.0%}
2   O                                                                         (0 = 0.0%) {25.0%}
3   -O                                                                        (1 = 25.0%) {25.0%}
4   O                                                                         (0 = 0.0%) {50.0%}
5   -O                                                                        (1 = 25.0%) {50.0%}
6   ... 
14  -O                                                                        (1 = 25.0%) {75.0%}
16  ... 

Histogram: Compositing.Display.Draw.Quads recorded 4 samples, mean = 2.0 (flags = 0x41)
0  O                                                                         (0 = 0.0%)
1  --O                                                                       (2 = 50.0%) {0.0%}
2  O                                                                         (0 = 0.0%) {50.0%}
3  --O                                                                       (2 = 50.0%) {50.0%}
4  ... 

Histogram: Compositing.Display.DrawToSwapUs recorded 4 samples, mean = 4594.2 (flags = 0x41)
0      ... 
333    -O                                                                        (1 = 25.0%) {0.0%}
404    O                                                                         (0 = 0.0%) {25.0%}
490    -O                                                                        (1 = 25.0%) {25.0%}
594    ... 
4949   -O                                                                        (1 = 25.0%) {50.0%}
6001   ... 
10700  -O                                                                        (1 = 25.0%) {75.0%}
12974  ... 

Histogram: Compositing.Display.FlattenedRenderPassCount recorded 4 samples, mean = 1.5 (flags = 0x41)
0  O                                                                         (0 = 0.0%)
1  --O                                                                       (2 = 50.0%) {0.0%}
2  --O                                                                       (2 = 50.0%) {50.0%}
3  ... 

Histogram: Compositing.Display.PendingSwaps recorded 4 samples, mean = 1.0 (flags = 0x41)
0  O                                                                         (0 = 0.0%)
1  ----O                                                                     (4 = 100.0%) {0.0%}
2  ... 

Histogram: Compositing.Display.VizDependencyResolvedToGpuStartedDrawUs recorded 4 samples, mean = 26.0 (flags = 0x41)
0   ... 
18  -O                                                                        (1 = 25.0%) {0.0%}
22  -O                                                                        (1 = 25.0%) {25.0%}
27  -O                                                                        (1 = 25.0%) {50.0%}
33  -O                                                                        (1 = 25.0%) {75.0%}
40  ... 

Histogram: Compositing.Display.VizScheduledDrawToDependencyResolvedUs recorded 4 samples, mean = 2.5 (flags = 0x41)
0  ----O                                                                     (4 = 100.0%)
5  ... 

Histogram: Compositing.Display.VizScheduledDrawToGpuStartedDrawUs recorded 4 samples, mean = 28.5 (flags = 0x41)
0   ... 
18  -O                                                                        (1 = 25.0%) {0.0%}
22  -O                                                                        (1 = 25.0%) {25.0%}
27  -O                                                                        (1 = 25.0%) {50.0%}
33  -O                                                                        (1 = 25.0%) {75.0%}
40  ... 

Histogram: Compositing.Renderer.CompositorFrame.Quads recorded 1 samples, mean = 2.0 (flags = 0x41)
0  ... 
2  -O                                                                        (1 = 100.0%) {0.0%}
3  ... 

Histogram: Compositing.Renderer.LayersUpdateTime recorded 3 samples, mean = 32.7 (flags = 0x41)
0   ... 
8   -O                                                                        (1 = 33.3%) {0.0%}
11  ... 
21  -O                                                                        (1 = 33.3%) {33.3%}
29  ... 
55  -O                                                                        (1 = 33.3%) {66.7%}
76  ... 

Histogram: Compositing.Renderer.NumRenderSurfaces recorded 5 samples, mean = 1.0 (flags = 0x41)
0  O                                                                         (0 = 0.0%)
1  -----O                                                                    (5 = 100.0%) {0.0%}
2  ... 

Histogram: Compositing.SurfaceAggregator.AggregateUs recorded 4 samples, mean = 5009.8 (flags = 0x41)
0      ... 
28     --O                                                                       (2 = 50.0%) {0.0%}
37     ... 
149    -O                                                                        (1 = 25.0%) {50.0%}
196    ... 
16063  -O                                                                        (1 = 25.0%) {75.0%}
21156  ... 

Histogram: Compositing.SurfaceAggregator.CopiedSurfaceCount recorded 4 samples, mean = 1.5 (flags = 0x41)
0  O                                                                         (0 = 0.0%)
1  --O                                                                       (2 = 50.0%) {0.0%}
2  --O                                                                       (2 = 50.0%) {50.0%}
3  ... 

Histogram: Compositing.SurfaceAggregator.CopyUs recorded 4 samples, mean = 11.8 (flags = 0x41)
0   ... 
6   -O                                                                        (1 = 25.0%) {0.0%}
7   -O                                                                        (1 = 25.0%) {25.0%}
8   ... 
15  -O                                                                        (1 = 25.0%) {50.0%}
18  -O                                                                        (1 = 25.0%) {75.0%}
21  ... 

Histogram: Compositing.SurfaceAggregator.HasCopyRequestsPerFrame recorded 4 samples, mean = 0.2 (flags = 0x41)
0  ---O                                                                      (3 = 75.0%)
1  -O                                                                        (1 = 25.0%) {75.0%}
2  O                                                                         (0 = 0.0%) {100.0%}

Histogram: Compositing.SurfaceAggregator.HasPixelMovingBackdropFiltersPerFrame recorded 4 samples, mean = 0.0 (flags = 0x41)
0  ----O                                                                     (4 = 100.0%)
1  ... 

Histogram: Compositing.SurfaceAggregator.HasPixelMovingFiltersPerFrame recorded 4 samples, mean = 0.0 (flags = 0x41)
0  ----O                                                                     (4 = 100.0%)
1  ... 

Histogram: Compositing.SurfaceAggregator.HasUnembeddedRenderPassesPerFrame recorded 4 samples, mean = 0.0 (flags = 0x41)
0  ----O                                                                     (4 = 100.0%)
1  ... 

Histogram: Compositing.SurfaceAggregator.PrewalkUs recorded 4 samples, mean = 4973.8 (flags = 0x41)
0      ... 
13     -O                                                                        (1 = 25.0%) {0.0%}
15     O                                                                         (0 = 0.0%) {25.0%}
18     -O                                                                        (1 = 25.0%) {25.0%}
21     ... 
75     -O                                                                        (1 = 25.0%) {50.0%}
88     ... 
10000  -O                                                                        (1 = 25.0%) {75.0%}

Histogram: Compositing.SurfaceAggregator.PrewalkedSurfaceCount recorded 4 samples, mean = 1.5 (flags = 0x41)
0  O                                                                         (0 = 0.0%)
1  --O                                                                       (2 = 50.0%) {0.0%}
2  --O                                                                       (2 = 50.0%) {50.0%}
3  ... 

Histogram: Compositing.SurfaceManager.MarkForDestructionToDestroy recorded 1 samples, mean = 64.0 (flags = 0x41)
0   ... 
57  -O                                                                        (1 = 100.0%) {0.0%}
68  ... 

Histogram: Content.Classification.OpenGraph recorded 1 samples, mean = 4.0 (flags = 0x41)
0  ... 
4  -O                                                                        (1 = 100.0%) {0.0%}
5  ... 

Histogram: ContentSettings.AllowStorageAccessSync recorded 4 samples, mean = 0.0 (flags = 0x41)
0  ----O                                                                     (4 = 100.0%)
1  ... 

Histogram: ContentSettings.GetContentSetting.Network.Duration recorded 334 samples, mean = 0.4 (flags = 0x41)
0  ------------------------------------------------------------------------O (242 = 72.5%)
1  ------------------O                                                       (61 = 18.3%) {72.5%}
2  ------O                                                                   (20 = 6.0%) {90.7%}
3  ---O                                                                      (9 = 2.7%) {96.7%}
4  O                                                                         (1 = 0.3%) {99.4%}
5  O                                                                         (0 = 0.0%) {99.7%}
7  O                                                                         (1 = 0.3%) {99.7%}
9  ... 

Histogram: ContentSettings.GetCookieSettingInternal.Duration recorded 190 samples, mean = 3.8 (flags = 0x41)
0   ------O                                                                   (7 = 3.7%)
1   ------------------------------------------------------------------------O (87 = 45.8%) {3.7%}
2   -----------------------------------O                                      (42 = 22.1%) {49.5%}
3   ----O                                                                     (5 = 2.6%) {71.6%}
4   ---O                                                                      (4 = 2.1%) {74.2%}
5   ---------O                                                                (11 = 5.8%) {76.3%}
7   -------O                                                                  (9 = 4.7%) {82.1%}
9   -----O                                                                    (6 = 3.2%) {86.8%}
12  ------O                                                                   (7 = 3.7%) {90.0%}
16  -------O                                                                  (8 = 4.2%) {93.7%}
21  --O                                                                       (3 = 1.6%) {97.9%}
28  -O                                                                        (1 = 0.5%) {99.5%}
37  ... 

Histogram: ContentSettings.NumberOfExceptions recorded 1 samples, mean = 4.0 (flags = 0x41)
0  ... 
4  -O                                                                        (1 = 100.0%) {0.0%}
5  ... 

Histogram: ContentSettings.Popups.StrongBlockerActions recorded 1 samples, mean = 0.0 (flags = 0x41)
0  -O                                                                        (1 = 100.0%)
1  ... 

Histogram: ContentSettings.RegularProfile.DefaultAutoVerifySetting recorded 1 samples, mean = 1.0 (flags = 0x41)
0  O                                                                         (0 = 0.0%)
1  -O                                                                        (1 = 100.0%) {0.0%}
2  ... 

Histogram: ContentSettings.RegularProfile.DefaultAutoplaySetting recorded 1 samples, mean = 1.0 (flags = 0x41)
0  O                                                                         (0 = 0.0%)
1  -O                                                                        (1 = 100.0%) {0.0%}
2  ... 

Histogram: ContentSettings.RegularProfile.DefaultBackgroundSyncSetting recorded 1 samples, mean = 1.0 (flags = 0x41)
0  O                                                                         (0 = 0.0%)
1  -O                                                                        (1 = 100.0%) {0.0%}
2  ... 

Histogram: ContentSettings.RegularProfile.DefaultCookiesSetting recorded 1 samples, mean = 1.0 (flags = 0x41)
0  O                                                                         (0 = 0.0%)
1  -O                                                                        (1 = 100.0%) {0.0%}
2  ... 

Histogram: ContentSettings.RegularProfile.DefaultIdleDetectionSetting recorded 1 samples, mean = 3.0 (flags = 0x41)
0  ... 
3  -O                                                                        (1 = 100.0%) {0.0%}
4  ... 

Histogram: ContentSettings.RegularProfile.DefaultImagesSetting recorded 1 samples, mean = 1.0 (flags = 0x41)
0  O                                                                         (0 = 0.0%)
1  -O                                                                        (1 = 100.0%) {0.0%}
2  ... 

Histogram: ContentSettings.RegularProfile.DefaultJavaScriptSetting recorded 1 samples, mean = 1.0 (flags = 0x41)
0  O                                                                         (0 = 0.0%)
1  -O                                                                        (1 = 100.0%) {0.0%}
2  ... 

Histogram: ContentSettings.RegularProfile.DefaultLocationSetting recorded 1 samples, mean = 3.0 (flags = 0x41)
0  ... 
3  -O                                                                        (1 = 100.0%) {0.0%}
4  ... 

Histogram: ContentSettings.RegularProfile.DefaultMIDISysExSetting recorded 1 samples, mean = 3.0 (flags = 0x41)
0  ... 
3  -O                                                                        (1 = 100.0%) {0.0%}
4  ... 

Histogram: ContentSettings.RegularProfile.DefaultMediaStreamCameraSetting recorded 1 samples, mean = 3.0 (flags = 0x41)
0  ... 
3  -O                                                                        (1 = 100.0%) {0.0%}
4  ... 

Histogram: ContentSettings.RegularProfile.DefaultMediaStreamMicSetting recorded 1 samples, mean = 3.0 (flags = 0x41)
0  ... 
3  -O                                                                        (1 = 100.0%) {0.0%}
4  ... 

Histogram: ContentSettings.RegularProfile.DefaultNotificationsSetting recorded 1 samples, mean = 3.0 (flags = 0x41)
0  ... 
3  -O                                                                        (1 = 100.0%) {0.0%}
4  ... 

Histogram: ContentSettings.RegularProfile.DefaultPopupsSetting recorded 1 samples, mean = 2.0 (flags = 0x41)
0  ... 
2  -O                                                                        (1 = 100.0%) {0.0%}
3  ... 

Histogram: ContentSettings.RegularProfile.DefaultSoundSetting recorded 1 samples, mean = 1.0 (flags = 0x41)
0  O                                                                         (0 = 0.0%)
1  -O                                                                        (1 = 100.0%) {0.0%}
2  ... 

Histogram: ContentSettings.RegularProfile.DefaultStorageAccessSetting recorded 1 samples, mean = 3.0 (flags = 0x41)
0  ... 
3  -O                                                                        (1 = 100.0%) {0.0%}
4  ... 

Histogram: ContentSettings.RegularProfile.DefaultSubresourceFilterSetting recorded 1 samples, mean = 2.0 (flags = 0x41)
0  ... 
2  -O                                                                        (1 = 100.0%) {0.0%}
3  ... 

Histogram: ContentSettings.RegularProfile.DefaultUsbGuardSetting recorded 1 samples, mean = 3.0 (flags = 0x41)
0  ... 
3  -O                                                                        (1 = 100.0%) {0.0%}
4  ... 

Histogram: ContentSettings.RegularProfile.DefaultWebBluetoothGuardSetting recorded 1 samples, mean = 3.0 (flags = 0x41)
0  ... 
3  -O                                                                        (1 = 100.0%) {0.0%}
4  ... 

Histogram: ContentSettings.RegularProfile.Exceptions.3pcd-heuristics-grants recorded 1 samples, mean = 0.0 (flags = 0x41)
0  -O                                                                        (1 = 100.0%)
1  ... 

Histogram: ContentSettings.RegularProfile.Exceptions.3pcd-support recorded 1 samples, mean = 0.0 (flags = 0x41)
0  -O                                                                        (1 = 100.0%)
1  ... 

Histogram: ContentSettings.RegularProfile.Exceptions.abusive-notification-permissions recorded 1 samples, mean = 0.0 (flags = 0x41)
0  -O                                                                        (1 = 100.0%)
1  ... 

Histogram: ContentSettings.RegularProfile.Exceptions.access-to-get-all-screens-media-in-session recorded 1 samples, mean = 0.0 (flags = 0x41)
0  -O                                                                        (1 = 100.0%)
1  ... 

Histogram: ContentSettings.RegularProfile.Exceptions.accessibility-events recorded 1 samples, mean = 0.0 (flags = 0x41)
0  -O                                                                        (1 = 100.0%)
1  ... 

Histogram: ContentSettings.RegularProfile.Exceptions.anti-abuse recorded 1 samples, mean = 0.0 (flags = 0x41)
0  -O                                                                        (1 = 100.0%)
1  ... 

Histogram: ContentSettings.RegularProfile.Exceptions.app-banner recorded 1 samples, mean = 0.0 (flags = 0x41)
0  -O                                                                        (1 = 100.0%)
1  ... 

Histogram: ContentSettings.RegularProfile.Exceptions.ar recorded 1 samples, mean = 0.0 (flags = 0x41)
0  -O                                                                        (1 = 100.0%)
1  ... 

Histogram: ContentSettings.RegularProfile.Exceptions.auto-picture-in-picture recorded 1 samples, mean = 0.0 (flags = 0x41)
0  -O                                                                        (1 = 100.0%)
1  ... 

Histogram: ContentSettings.RegularProfile.Exceptions.auto-select-certificate recorded 1 samples, mean = 0.0 (flags = 0x41)
0  -O                                                                        (1 = 100.0%)
1  ... 

Histogram: ContentSettings.RegularProfile.Exceptions.automatic-downloads recorded 1 samples, mean = 0.0 (flags = 0x41)
0  -O                                                                        (1 = 100.0%)
1  ... 

Histogram: ContentSettings.RegularProfile.Exceptions.automatic-fullscreen recorded 1 samples, mean = 0.0 (flags = 0x41)
0  -O                                                                        (1 = 100.0%)
1  ... 

Histogram: ContentSettings.RegularProfile.Exceptions.autoplay recorded 1 samples, mean = 0.0 (flags = 0x41)
0  -O                                                                        (1 = 100.0%)
1  ... 

Histogram: ContentSettings.RegularProfile.Exceptions.background-sync recorded 1 samples, mean = 0.0 (flags = 0x41)
0  -O                                                                        (1 = 100.0%)
1  ... 

Histogram: ContentSettings.RegularProfile.Exceptions.bluetooth-chooser-data recorded 1 samples, mean = 0.0 (flags = 0x41)
0  -O                                                                        (1 = 100.0%)
1  ... 

Histogram: ContentSettings.RegularProfile.Exceptions.bluetooth-guard recorded 1 samples, mean = 0.0 (flags = 0x41)
0  -O                                                                        (1 = 100.0%)
1  ... 

Histogram: ContentSettings.RegularProfile.Exceptions.bluetooth-scanning recorded 1 samples, mean = 0.0 (flags = 0x41)
0  -O                                                                        (1 = 100.0%)
1  ... 

Histogram: ContentSettings.RegularProfile.Exceptions.camera-pan-tilt-zoom recorded 1 samples, mean = 0.0 (flags = 0x41)
0  -O                                                                        (1 = 100.0%)
1  ... 

Histogram: ContentSettings.RegularProfile.Exceptions.captured-surface-control recorded 1 samples, mean = 0.0 (flags = 0x41)
0  -O                                                                        (1 = 100.0%)
1  ... 

Histogram: ContentSettings.RegularProfile.Exceptions.client-hints recorded 1 samples, mean = 1.0 (flags = 0x41)
0  O                                                                         (0 = 0.0%)
1  -O                                                                        (1 = 100.0%) {0.0%}
2  ... 

Histogram: ContentSettings.RegularProfile.Exceptions.clipboard recorded 1 samples, mean = 0.0 (flags = 0x41)
0  -O                                                                        (1 = 100.0%)
1  ... 

Histogram: ContentSettings.RegularProfile.Exceptions.cookie-controls-metadata recorded 1 samples, mean = 0.0 (flags = 0x41)
0  -O                                                                        (1 = 100.0%)
1  ... 

Histogram: ContentSettings.RegularProfile.Exceptions.cookies recorded 1 samples, mean = 0.0 (flags = 0x41)
0  -O                                                                        (1 = 100.0%)
1  ... 

Histogram: ContentSettings.RegularProfile.Exceptions.cookies.Allow recorded 1 samples, mean = 0.0 (flags = 0x41)
0  -O                                                                        (1 = 100.0%)
1  ... 

Histogram: ContentSettings.RegularProfile.Exceptions.cookies.AllowThirdParty recorded 1 samples, mean = 0.0 (flags = 0x41)
0  -O                                                                        (1 = 100.0%)
1  ... 

Histogram: ContentSettings.RegularProfile.Exceptions.cookies.Block recorded 1 samples, mean = 0.0 (flags = 0x41)
0  -O                                                                        (1 = 100.0%)
1  ... 

Histogram: ContentSettings.RegularProfile.Exceptions.cookies.DomainWildcardAllowThirdParty recorded 1 samples, mean = 0.0 (flags = 0x41)
0  -O                                                                        (1 = 100.0%)
1  ... 

Histogram: ContentSettings.RegularProfile.Exceptions.cookies.SessionOnly recorded 1 samples, mean = 0.0 (flags = 0x41)
0  -O                                                                        (1 = 100.0%)
1  ... 

Histogram: ContentSettings.RegularProfile.Exceptions.cookies.TemporaryAllowThirdParty recorded 1 samples, mean = 0.0 (flags = 0x41)
0  -O                                                                        (1 = 100.0%)
1  ... 

Histogram: ContentSettings.RegularProfile.Exceptions.direct-sockets recorded 1 samples, mean = 0.0 (flags = 0x41)
0  -O                                                                        (1 = 100.0%)
1  ... 

Histogram: ContentSettings.RegularProfile.Exceptions.display-media-system-audio recorded 1 samples, mean = 0.0 (flags = 0x41)
0  -O                                                                        (1 = 100.0%)
1  ... 

Histogram: ContentSettings.RegularProfile.Exceptions.durable-storage recorded 1 samples, mean = 0.0 (flags = 0x41)
0  -O                                                                        (1 = 100.0%)
1  ... 

Histogram: ContentSettings.RegularProfile.Exceptions.fedcm-idp-registration recorded 1 samples, mean = 0.0 (flags = 0x41)
0  -O                                                                        (1 = 100.0%)
1  ... 

Histogram: ContentSettings.RegularProfile.Exceptions.fedcm-idp-signin recorded 1 samples, mean = 1.0 (flags = 0x41)
0  O                                                                         (0 = 0.0%)
1  -O                                                                        (1 = 100.0%) {0.0%}
2  ... 

Histogram: ContentSettings.RegularProfile.Exceptions.fedcm-share recorded 1 samples, mean = 0.0 (flags = 0x41)
0  -O                                                                        (1 = 100.0%)
1  ... 

Histogram: ContentSettings.RegularProfile.Exceptions.file-system-access-chooser-data recorded 1 samples, mean = 0.0 (flags = 0x41)
0  -O                                                                        (1 = 100.0%)
1  ... 

Histogram: ContentSettings.RegularProfile.Exceptions.file-system-access-extended-permission recorded 1 samples, mean = 0.0 (flags = 0x41)
0  -O                                                                        (1 = 100.0%)
1  ... 

Histogram: ContentSettings.RegularProfile.Exceptions.file-system-access-restore-permission recorded 1 samples, mean = 0.0 (flags = 0x41)
0  -O                                                                        (1 = 100.0%)
1  ... 

Histogram: ContentSettings.RegularProfile.Exceptions.file-system-last-picked-directory recorded 1 samples, mean = 0.0 (flags = 0x41)
0  -O                                                                        (1 = 100.0%)
1  ... 

Histogram: ContentSettings.RegularProfile.Exceptions.file-system-read-guard recorded 1 samples, mean = 0.0 (flags = 0x41)
0  -O                                                                        (1 = 100.0%)
1  ... 

Histogram: ContentSettings.RegularProfile.Exceptions.file-system-write-guard recorded 1 samples, mean = 0.0 (flags = 0x41)
0  -O                                                                        (1 = 100.0%)
1  ... 

Histogram: ContentSettings.RegularProfile.Exceptions.formfill-metadata recorded 1 samples, mean = 0.0 (flags = 0x41)
0  -O                                                                        (1 = 100.0%)
1  ... 

Histogram: ContentSettings.RegularProfile.Exceptions.geolocation recorded 1 samples, mean = 0.0 (flags = 0x41)
0  -O                                                                        (1 = 100.0%)
1  ... 

Histogram: ContentSettings.RegularProfile.Exceptions.hid-chooser-data recorded 1 samples, mean = 0.0 (flags = 0x41)
0  -O                                                                        (1 = 100.0%)
1  ... 

Histogram: ContentSettings.RegularProfile.Exceptions.hid-guard recorded 1 samples, mean = 0.0 (flags = 0x41)
0  -O                                                                        (1 = 100.0%)
1  ... 

Histogram: ContentSettings.RegularProfile.Exceptions.http-allowed recorded 1 samples, mean = 0.0 (flags = 0x41)
0  -O                                                                        (1 = 100.0%)
1  ... 

Histogram: ContentSettings.RegularProfile.Exceptions.https-enforced recorded 1 samples, mean = 0.0 (flags = 0x41)
0  -O                                                                        (1 = 100.0%)
1  ... 

Histogram: ContentSettings.RegularProfile.Exceptions.idle-detection recorded 1 samples, mean = 0.0 (flags = 0x41)
0  -O                                                                        (1 = 100.0%)
1  ... 

Histogram: ContentSettings.RegularProfile.Exceptions.images recorded 1 samples, mean = 0.0 (flags = 0x41)
0  -O                                                                        (1 = 100.0%)
1  ... 

Histogram: ContentSettings.RegularProfile.Exceptions.important-site-info recorded 1 samples, mean = 0.0 (flags = 0x41)
0  -O                                                                        (1 = 100.0%)
1  ... 

Histogram: ContentSettings.RegularProfile.Exceptions.insecure-private-network recorded 1 samples, mean = 0.0 (flags = 0x41)
0  -O                                                                        (1 = 100.0%)
1  ... 

Histogram: ContentSettings.RegularProfile.Exceptions.intent-picker-auto-display recorded 1 samples, mean = 0.0 (flags = 0x41)
0  -O                                                                        (1 = 100.0%)
1  ... 

Histogram: ContentSettings.RegularProfile.Exceptions.javascript recorded 1 samples, mean = 0.0 (flags = 0x41)
0  -O                                                                        (1 = 100.0%)
1  ... 

Histogram: ContentSettings.RegularProfile.Exceptions.javascript-jit recorded 1 samples, mean = 0.0 (flags = 0x41)
0  -O                                                                        (1 = 100.0%)
1  ... 

Histogram: ContentSettings.RegularProfile.Exceptions.javascript-optimizer recorded 1 samples, mean = 0.0 (flags = 0x41)
0  -O                                                                        (1 = 100.0%)
1  ... 

Histogram: ContentSettings.RegularProfile.Exceptions.keyboard-lock recorded 1 samples, mean = 0.0 (flags = 0x41)
0  -O                                                                        (1 = 100.0%)
1  ... 

Histogram: ContentSettings.RegularProfile.Exceptions.legacy-cookie-access recorded 1 samples, mean = 0.0 (flags = 0x41)
0  -O                                                                        (1 = 100.0%)
1  ... 

Histogram: ContentSettings.RegularProfile.Exceptions.local-fonts recorded 1 samples, mean = 0.0 (flags = 0x41)
0  -O                                                                        (1 = 100.0%)
1  ... 

Histogram: ContentSettings.RegularProfile.Exceptions.media-engagement recorded 1 samples, mean = 1.0 (flags = 0x41)
0  O                                                                         (0 = 0.0%)
1  -O                                                                        (1 = 100.0%) {0.0%}
2  ... 

Histogram: ContentSettings.RegularProfile.Exceptions.media-stream-camera recorded 1 samples, mean = 0.0 (flags = 0x41)
0  -O                                                                        (1 = 100.0%)
1  ... 

Histogram: ContentSettings.RegularProfile.Exceptions.media-stream-mic recorded 1 samples, mean = 0.0 (flags = 0x41)
0  -O                                                                        (1 = 100.0%)
1  ... 

Histogram: ContentSettings.RegularProfile.Exceptions.midi-sysex recorded 1 samples, mean = 0.0 (flags = 0x41)
0  -O                                                                        (1 = 100.0%)
1  ... 

Histogram: ContentSettings.RegularProfile.Exceptions.mixed-script recorded 1 samples, mean = 0.0 (flags = 0x41)
0  -O                                                                        (1 = 100.0%)
1  ... 

Histogram: ContentSettings.RegularProfile.Exceptions.nfc-devices recorded 1 samples, mean = 0.0 (flags = 0x41)
0  -O                                                                        (1 = 100.0%)
1  ... 

Histogram: ContentSettings.RegularProfile.Exceptions.notification-interactions recorded 1 samples, mean = 0.0 (flags = 0x41)
0  -O                                                                        (1 = 100.0%)
1  ... 

Histogram: ContentSettings.RegularProfile.Exceptions.notification-permission-review recorded 1 samples, mean = 0.0 (flags = 0x41)
0  -O                                                                        (1 = 100.0%)
1  ... 

Histogram: ContentSettings.RegularProfile.Exceptions.notifications recorded 1 samples, mean = 0.0 (flags = 0x41)
0  -O                                                                        (1 = 100.0%)
1  ... 

Histogram: ContentSettings.RegularProfile.Exceptions.password-protection recorded 1 samples, mean = 0.0 (flags = 0x41)
0  -O                                                                        (1 = 100.0%)
1  ... 

Histogram: ContentSettings.RegularProfile.Exceptions.payment-handler recorded 1 samples, mean = 0.0 (flags = 0x41)
0  -O                                                                        (1 = 100.0%)
1  ... 

Histogram: ContentSettings.RegularProfile.Exceptions.permission-autoblocking-data recorded 1 samples, mean = 0.0 (flags = 0x41)
0  -O                                                                        (1 = 100.0%)
1  ... 

Histogram: ContentSettings.RegularProfile.Exceptions.permission-autorevocation-data recorded 1 samples, mean = 0.0 (flags = 0x41)
0  -O                                                                        (1 = 100.0%)
1  ... 

Histogram: ContentSettings.RegularProfile.Exceptions.pointer-lock recorded 1 samples, mean = 0.0 (flags = 0x41)
0  -O                                                                        (1 = 100.0%)
1  ... 

Histogram: ContentSettings.RegularProfile.Exceptions.popups recorded 1 samples, mean = 0.0 (flags = 0x41)
0  -O                                                                        (1 = 100.0%)
1  ... 

Histogram: ContentSettings.RegularProfile.Exceptions.popups.Allow recorded 1 samples, mean = 0.0 (flags = 0x41)
0  -O                                                                        (1 = 100.0%)
1  ... 

Histogram: ContentSettings.RegularProfile.Exceptions.popups.Block recorded 1 samples, mean = 0.0 (flags = 0x41)
0  -O                                                                        (1 = 100.0%)
1  ... 

Histogram: ContentSettings.RegularProfile.Exceptions.private-network-chooser-data recorded 1 samples, mean = 0.0 (flags = 0x41)
0  -O                                                                        (1 = 100.0%)
1  ... 

Histogram: ContentSettings.RegularProfile.Exceptions.private-network-guard recorded 1 samples, mean = 0.0 (flags = 0x41)
0  -O                                                                        (1 = 100.0%)
1  ... 

Histogram: ContentSettings.RegularProfile.Exceptions.protected-media-identifier recorded 1 samples, mean = 0.0 (flags = 0x41)
0  -O                                                                        (1 = 100.0%)
1  ... 

Histogram: ContentSettings.RegularProfile.Exceptions.protocol-handler recorded 1 samples, mean = 0.0 (flags = 0x41)
0  -O                                                                        (1 = 100.0%)
1  ... 

Histogram: ContentSettings.RegularProfile.Exceptions.reduced-accept-language recorded 1 samples, mean = 0.0 (flags = 0x41)
0  -O                                                                        (1 = 100.0%)
1  ... 

Histogram: ContentSettings.RegularProfile.Exceptions.safe-browsing-url-check-data recorded 1 samples, mean = 0.0 (flags = 0x41)
0  -O                                                                        (1 = 100.0%)
1  ... 

Histogram: ContentSettings.RegularProfile.Exceptions.sensors recorded 1 samples, mean = 0.0 (flags = 0x41)
0  -O                                                                        (1 = 100.0%)
1  ... 

Histogram: ContentSettings.RegularProfile.Exceptions.serial-chooser-data recorded 1 samples, mean = 0.0 (flags = 0x41)
0  -O                                                                        (1 = 100.0%)
1  ... 

Histogram: ContentSettings.RegularProfile.Exceptions.serial-guard recorded 1 samples, mean = 0.0 (flags = 0x41)
0  -O                                                                        (1 = 100.0%)
1  ... 

Histogram: ContentSettings.RegularProfile.Exceptions.site-engagement recorded 1 samples, mean = 1.0 (flags = 0x41)
0  O                                                                         (0 = 0.0%)
1  -O                                                                        (1 = 100.0%) {0.0%}
2  ... 

Histogram: ContentSettings.RegularProfile.Exceptions.sound recorded 1 samples, mean = 0.0 (flags = 0x41)
0  -O                                                                        (1 = 100.0%)
1  ... 

Histogram: ContentSettings.RegularProfile.Exceptions.speaker-selection recorded 1 samples, mean = 0.0 (flags = 0x41)
0  -O                                                                        (1 = 100.0%)
1  ... 

Histogram: ContentSettings.RegularProfile.Exceptions.ssl-cert-decisions recorded 1 samples, mean = 0.0 (flags = 0x41)
0  -O                                                                        (1 = 100.0%)
1  ... 

Histogram: ContentSettings.RegularProfile.Exceptions.storage-access recorded 1 samples, mean = 0.0 (flags = 0x41)
0  -O                                                                        (1 = 100.0%)
1  ... 

Histogram: ContentSettings.RegularProfile.Exceptions.storage-access-header-origin-trial recorded 1 samples, mean = 0.0 (flags = 0x41)
0  -O                                                                        (1 = 100.0%)
1  ... 

Histogram: ContentSettings.RegularProfile.Exceptions.storage-access.Allow recorded 1 samples, mean = 0.0 (flags = 0x41)
0  -O                                                                        (1 = 100.0%)
1  ... 

Histogram: ContentSettings.RegularProfile.Exceptions.storage-access.Ask recorded 1 samples, mean = 0.0 (flags = 0x41)
0  -O                                                                        (1 = 100.0%)
1  ... 

Histogram: ContentSettings.RegularProfile.Exceptions.storage-access.Block recorded 1 samples, mean = 0.0 (flags = 0x41)
0  -O                                                                        (1 = 100.0%)
1  ... 

Histogram: ContentSettings.RegularProfile.Exceptions.storage-access.MaxRequester recorded 1 samples, mean = 0.0 (flags = 0x41)
0  -O                                                                        (1 = 100.0%)
1  ... 

Histogram: ContentSettings.RegularProfile.Exceptions.storage-access.MaxTopLevel recorded 1 samples, mean = 0.0 (flags = 0x41)
0  -O                                                                        (1 = 100.0%)
1  ... 

Histogram: ContentSettings.RegularProfile.Exceptions.subresource-filter recorded 1 samples, mean = 0.0 (flags = 0x41)
0  -O                                                                        (1 = 100.0%)
1  ... 

Histogram: ContentSettings.RegularProfile.Exceptions.subresource-filter-data recorded 1 samples, mean = 0.0 (flags = 0x41)
0  -O                                                                        (1 = 100.0%)
1  ... 

Histogram: ContentSettings.RegularProfile.Exceptions.subresource-filter.Allow recorded 1 samples, mean = 0.0 (flags = 0x41)
0  -O                                                                        (1 = 100.0%)
1  ... 

Histogram: ContentSettings.RegularProfile.Exceptions.subresource-filter.Block recorded 1 samples, mean = 0.0 (flags = 0x41)
0  -O                                                                        (1 = 100.0%)
1  ... 

Histogram: ContentSettings.RegularProfile.Exceptions.third-party-storage-partitioning recorded 1 samples, mean = 0.0 (flags = 0x41)
0  -O                                                                        (1 = 100.0%)
1  ... 

Histogram: ContentSettings.RegularProfile.Exceptions.top-level-3pcd-origin-trial recorded 1 samples, mean = 0.0 (flags = 0x41)
0  -O                                                                        (1 = 100.0%)
1  ... 

Histogram: ContentSettings.RegularProfile.Exceptions.top-level-3pcd-support recorded 1 samples, mean = 0.0 (flags = 0x41)
0  -O                                                                        (1 = 100.0%)
1  ... 

Histogram: ContentSettings.RegularProfile.Exceptions.top-level-storage-access recorded 1 samples, mean = 0.0 (flags = 0x41)
0  -O                                                                        (1 = 100.0%)
1  ... 

Histogram: ContentSettings.RegularProfile.Exceptions.tracking-protection recorded 1 samples, mean = 0.0 (flags = 0x41)
0  -O                                                                        (1 = 100.0%)
1  ... 

Histogram: ContentSettings.RegularProfile.Exceptions.tracking-protection.Allow recorded 1 samples, mean = 0.0 (flags = 0x41)
0  -O                                                                        (1 = 100.0%)
1  ... 

Histogram: ContentSettings.RegularProfile.Exceptions.tracking-protection.Block recorded 1 samples, mean = 0.0 (flags = 0x41)
0  -O                                                                        (1 = 100.0%)
1  ... 

Histogram: ContentSettings.RegularProfile.Exceptions.unused-site-permissions recorded 1 samples, mean = 0.0 (flags = 0x41)
0  -O                                                                        (1 = 100.0%)
1  ... 

Histogram: ContentSettings.RegularProfile.Exceptions.usb-chooser-data recorded 1 samples, mean = 0.0 (flags = 0x41)
0  -O                                                                        (1 = 100.0%)
1  ... 

Histogram: ContentSettings.RegularProfile.Exceptions.usb-guard recorded 1 samples, mean = 0.0 (flags = 0x41)
0  -O                                                                        (1 = 100.0%)
1  ... 

Histogram: ContentSettings.RegularProfile.Exceptions.vr recorded 1 samples, mean = 0.0 (flags = 0x41)
0  -O                                                                        (1 = 100.0%)
1  ... 

Histogram: ContentSettings.RegularProfile.Exceptions.webid-api recorded 1 samples, mean = 0.0 (flags = 0x41)
0  -O                                                                        (1 = 100.0%)
1  ... 

Histogram: ContentSettings.RegularProfile.Exceptions.webid-auto-reauthn recorded 1 samples, mean = 0.0 (flags = 0x41)
0  -O                                                                        (1 = 100.0%)
1  ... 

Histogram: ContentSettings.RegularProfile.Exceptions.window-placement recorded 1 samples, mean = 0.0 (flags = 0x41)
0  -O                                                                        (1 = 100.0%)
1  ... 

Histogram: Conversions.DelayOnAttestationsLoaded recorded 1 samples, mean = 300027.0 (flags = 0x41)
0       ... 
300000  -O                                                                        (1 = 100.0%) {0.0%}

Histogram: Cookie.ClockSkew.AddMinutes recorded 6 samples, mean = 0.0 (flags = 0x41)
0  ------O                                                                   (6 = 100.0%)
1  ... 

Histogram: Cookie.ClockSkew.AddMinutes12To24Hours recorded 6 samples, mean = 0.0 (flags = 0x41)
0  ------O                                                                   (6 = 100.0%)
720... 

Histogram: Cookie.ClockSkew.ExpiredWithoutSkew recorded 6 samples, mean = 0.0 (flags = 0x41)
0  ------O                                                                   (6 = 100.0%)
1  ... 

Histogram: Cookie.CookiePrefix recorded 7 samples, mean = 0.0 (flags = 0x41)
0  -------O                                                                  (7 = 100.0%)
1  ... 

Histogram: Cookie.CookieSchemeRequestScheme recorded 43 samples, mean = 2.0 (flags = 0x41)
0  ... 
2  -------------------------------------------O                              (43 = 100.0%) {0.0%}
3  ... 

Histogram: Cookie.CookieSourceScheme recorded 7 samples, mean = 0.0 (flags = 0x41)
0  -------O                                                                  (7 = 100.0%)
1  ... 

Histogram: Cookie.CookieSourceSchemeName recorded 7 samples, mean = 14.0 (flags = 0x41)
0   ... 
14  -------O                                                                  (7 = 100.0%) {0.0%}
15  ... 

Histogram: Cookie.CrossSiteRedirectType.Read recorded 86 samples, mean = 1.0 (flags = 0x41)
0  O                                                                         (0 = 0.0%)
1  ------------------------------------------------------------------------O (86 = 100.0%) {0.0%}
2  ... 

Histogram: Cookie.CrossSiteRedirectType.Write recorded 7 samples, mean = 1.0 (flags = 0x41)
0  O                                                                         (0 = 0.0%)
1  -------O                                                                  (7 = 100.0%) {0.0%}
2  ... 

Histogram: Cookie.DomainHasNonASCII recorded 7 samples, mean = 0.0 (flags = 0x41)
0  -------O                                                                  (7 = 100.0%)
1  ... 

Histogram: Cookie.DomainSet recorded 7 samples, mean = 1.0 (flags = 0x41)
0  O                                                                         (0 = 0.0%)
1  -------O                                                                  (7 = 100.0%) {0.0%}
2  O                                                                         (0 = 0.0%) {100.0%}

Histogram: Cookie.DoubleUnderscorePrefixedName recorded 7 samples, mean = 0.7 (flags = 0x41)
0  --O                                                                       (2 = 28.6%)
1  -----O                                                                    (5 = 71.4%) {28.6%}
2  O                                                                         (0 = 0.0%) {100.0%}

Histogram: Cookie.ExpirationDuration400DaysLTE recorded 6 samples, mean = 60.8 (flags = 0x41)
0    -----O                                                                    (5 = 83.3%)
1    ... 
364  -O                                                                        (1 = 16.7%) {83.3%}
400  O                                                                         (0 = 0.0%) {100.0%}

Histogram: Cookie.ExpirationDurationMinutesSecure recorded 6 samples, mean = 87625.0 (flags = 0x41)
0       ... 
26      -----O                                                                    (5 = 83.3%) {0.0%}
36      ... 
429766  -O                                                                        (1 = 16.7%) {83.3%}
587706  ... 

Histogram: Cookie.FirstPartyPartitioned.HasCrossSiteAncestor recorded 6 samples, mean = 0.0 (flags = 0x41)
0  ------O                                                                   (6 = 100.0%)
1  ... 

Histogram: Cookie.FirstPartySets.Browser.DelayedQueriesCount recorded 1 samples, mean = 2.0 (flags = 0x41)
0  ... 
2  -O                                                                        (1 = 100.0%) {0.0%}
3  ... 

Histogram: Cookie.FirstPartySets.Browser.MostDelayedQueryDelta recorded 1 samples, mean = 39.0 (flags = 0x41)
0   ... 
34  -O                                                                        (1 = 100.0%) {0.0%}
40  ... 

Histogram: Cookie.FirstPartySets.ComponentSetsNonfatalErrors recorded 1 samples, mean = 0.0 (flags = 0x41)
0  -O                                                                        (1 = 100.0%)
1  ... 

Histogram: Cookie.FirstPartySets.ComponentSetsParsedSuccessfully recorded 1 samples, mean = 0.0 (flags = 0x41)
0  -O                                                                        (1 = 100.0%)
1  ... 

Histogram: Cookie.FirstPartySets.ContextDelayedQueriesCount recorded 1 samples, mean = 0.0 (flags = 0x41)
0  -O                                                                        (1 = 100.0%)
1  ... 

Histogram: Cookie.FirstPartySets.ContextMostDelayedQueryDelta recorded 1 samples, mean = 0.0 (flags = 0x41)
0  -O                                                                        (1 = 100.0%)
1  ... 

Histogram: Cookie.FirstPartySets.EnqueueingDelay.ContextConfig2 recorded 1 samples, mean = 14.0 (flags = 0x41)
0   ... 
14  -O                                                                        (1 = 100.0%) {0.0%}
17  ... 

Histogram: Cookie.FirstPartySets.InitializationDuration.ContextReadyToServeQueries2 recorded 1 samples, mean = 4257.0 (flags = 0x41)
0     ... 
4222  -O                                                                        (1 = 100.0%) {0.0%}
5017  ... 

Histogram: Cookie.FirstPartySets.InitializationDuration.ReadCommandLineSet2 recorded 1 samples, mean = 39.0 (flags = 0x41)
0   ... 
34  -O                                                                        (1 = 100.0%) {0.0%}
40  ... 

Histogram: Cookie.FirstPartySets.InitializationDuration.ReadComponentSets2 recorded 1 samples, mean = 0.0 (flags = 0x41)
0  -O                                                                        (1 = 100.0%)
1  ... 

Histogram: Cookie.FirstPartySets.InitializationDuration.ReadyToServeQueries2 recorded 1 samples, mean = 0.0 (flags = 0x41)
0  -O                                                                        (1 = 100.0%)
1  ... 

Histogram: Cookie.FirstPartySets.Network.DelayedQueriesCount recorded 1 samples, mean = 0.0 (flags = 0x41)
0  -O                                                                        (1 = 100.0%)
1  ... 

Histogram: Cookie.FirstPartySets.Network.MostDelayedQueryDelta recorded 1 samples, mean = 0.0 (flags = 0x41)
0  -O                                                                        (1 = 100.0%)
1  ... 

Histogram: Cookie.FirstPartySets.ProcessedEntireComponent recorded 1 samples, mean = 1.0 (flags = 0x41)
0  O                                                                         (0 = 0.0%)
1  -O                                                                        (1 = 100.0%) {0.0%}
2  O                                                                         (0 = 0.0%) {100.0%}

Histogram: Cookie.FromStorageWithValidLength recorded 101 samples, mean = 1.0 (flags = 0x41)
0  O                                                                         (0 = 0.0%)
1  ------------------------------------------------------------------------O (101 = 100.0%) {0.0%}
2  O                                                                         (0 = 0.0%) {100.0%}

Histogram: Cookie.HasNonASCII.Name recorded 7 samples, mean = 0.0 (flags = 0x41)
0  -------O                                                                  (7 = 100.0%)
1  ... 

Histogram: Cookie.HasNonASCII.Value recorded 7 samples, mean = 0.0 (flags = 0x41)
0  -------O                                                                  (7 = 100.0%)
1  ... 

Histogram: Cookie.IncludedRequestEffectiveSameSite recorded 83 samples, mean = 0.0 (flags = 0x41)
0  ------------------------------------------------------------------------O (83 = 100.0%)
1  ... 

Histogram: Cookie.IncludedResponseEffectiveSameSite recorded 7 samples, mean = 0.0 (flags = 0x41)
0  -------O                                                                  (7 = 100.0%)
1  ... 

Histogram: Cookie.IsPartitionedValid recorded 1 samples, mean = 1.0 (flags = 0x41)
0  O                                                                         (0 = 0.0%)
1  -O                                                                        (1 = 100.0%) {0.0%}
2  O                                                                         (0 = 0.0%) {100.0%}

Histogram: Cookie.LoadProblem recorded 4 samples, mean = 0.0 (flags = 0x41)
0  ----O                                                                     (4 = 100.0%)
1  ... 

Histogram: Cookie.NameOrValueHtab recorded 7 samples, mean = 0.0 (flags = 0x41)
0  -------O                                                                  (7 = 100.0%)
1  ... 

Histogram: Cookie.OnCookiesAccessed.BatchSize recorded 39 samples, mean = 1.1 (flags = 0x41)
0  O                                                                         (0 = 0.0%)
1  ------------------------------------O                                     (36 = 92.3%) {0.0%}
2  ---O                                                                      (3 = 7.7%) {92.3%}
3  ... 

Histogram: Cookie.OnCookiesAccessed.TotalAccesses recorded 39 samples, mean = 1.2 (flags = 0x41)
0  O                                                                         (0 = 0.0%)
1  -------------------------------O                                          (31 = 79.5%) {0.0%}
2  -------O                                                                  (7 = 17.9%) {79.5%}
3  -O                                                                        (1 = 2.6%) {97.4%}
4  ... 

Histogram: Cookie.PartitionedCookiesInRequest recorded 38 samples, mean = 0.1 (flags = 0x41)
0  ---------------------------------O                                        (33 = 86.8%)
1  -----O                                                                    (5 = 13.2%) {86.8%}
2  ... 

Histogram: Cookie.Port.Read.RemoteHost recorded 83 samples, mean = 7.0 (flags = 0x41)
0  ... 
7  ------------------------------------------------------------------------O (83 = 100.0%) {0.0%}
8  ... 

Histogram: Cookie.Port.ReadDiffersFromSet.DomainSet recorded 83 samples, mean = 4.0 (flags = 0x41)
0  ... 
4  ------------------------------------------------------------------------O (83 = 100.0%) {0.0%}
5  O                                                                         (0 = 0.0%) {100.0%}

Histogram: Cookie.Port.ReadDiffersFromSet.RemoteHost recorded 83 samples, mean = 4.0 (flags = 0x41)
0  ... 
4  ------------------------------------------------------------------------O (83 = 100.0%) {0.0%}
5  O                                                                         (0 = 0.0%) {100.0%}

Histogram: Cookie.Port.Set.RemoteHost recorded 7 samples, mean = 7.0 (flags = 0x41)
0  ... 
7  -------O                                                                  (7 = 100.0%) {0.0%}
8  ... 

Histogram: Cookie.RequestSameSiteContext recorded 86 samples, mean = 2.9 (flags = 0x41)
0  --O                                                                       (2 = 2.3%)
1  ... 
3  ------------------------------------------------------------------------O (84 = 97.7%) {2.3%}
4  O                                                                         (0 = 0.0%) {100.0%}

Histogram: Cookie.SameSiteAttributeValue recorded 7 samples, mean = 5.0 (flags = 0x41)
0  ... 
5  -------O                                                                  (7 = 100.0%) {0.0%}
6  ... 

Histogram: Cookie.SameSiteNoneSizeBytes recorded 7 samples, mean = 215.4 (flags = 0x41)
0    ... 
40   -O                                                                        (1 = 14.3%) {0.0%}
48   ... 
190  -----O                                                                    (5 = 71.4%) {14.3%}
226  ... 
378  -O                                                                        (1 = 14.3%) {85.7%}
449  ... 

Histogram: Cookie.SameSiteNoneSizeBytes.Partitioned recorded 1 samples, mean = 438.0 (flags = 0x41)
0    ... 
378  -O                                                                        (1 = 100.0%) {0.0%}
449  ... 

Histogram: Cookie.SameSiteNoneSizeBytes.Unpartitioned recorded 6 samples, mean = 178.3 (flags = 0x41)
0    ... 
40   -O                                                                        (1 = 16.7%) {0.0%}
48   ... 
190  -----O                                                                    (5 = 83.3%) {16.7%}
226  ... 

Histogram: Cookie.SourceType recorded 7 samples, mean = 1.0 (flags = 0x41)
0  O                                                                         (0 = 0.0%)
1  -------O                                                                  (7 = 100.0%) {0.0%}
2  ... 

Histogram: Cookie.TimeBlockedOnLoad recorded 2 samples, mean = 140.0 (flags = 0x41)
0    ... 
4    -O                                                                        (1 = 50.0%) {0.0%}
5    ... 
224  -O                                                                        (1 = 50.0%) {50.0%}
278  ... 

Histogram: Cookie.TimeInitializeDB recorded 2 samples, mean = 2.5 (flags = 0x41)
0  ... 
2  -O                                                                        (1 = 50.0%) {0.0%}
3  -O                                                                        (1 = 50.0%) {50.0%}
4  ... 

Histogram: Cookie.TimeOpsBlockedDueToGlobalOp recorded 2 samples, mean = 2.0 (flags = 0x41)
0  -O                                                                        (1 = 50.0%)
1  ... 
4  -O                                                                        (1 = 50.0%) {50.0%}
5  ... 

Histogram: Cookie.Type2 recorded 7 samples, mean = 12.6 (flags = 0x41)
0   ... 
4   -O                                                                        (1 = 14.3%) {0.0%}
5   ... 
14  ------O                                                                   (6 = 85.7%) {14.3%}
15  ... 

Histogram: Crypto.TPMDuration.MessageSigningECDSA recorded 1 samples, mean = 124.0 (flags = 0x41)
0    ... 
107  -O                                                                        (1 = 100.0%) {0.0%}
136  ... 

Histogram: Crypto.TPMDuration.NewKeyCreationECDSA recorded 1 samples, mean = 423.0 (flags = 0x41)
0    ... 
356  -O                                                                        (1 = 100.0%) {0.0%}
452  ... 

Histogram: Crypto.TPMDuration.Virtual.MessageSigningECDSA recorded 1 samples, mean = 0.0 (flags = 0x41)
0  -O                                                                        (1 = 100.0%)
1  ... 

Histogram: Crypto.TPMDuration.Virtual.NewKeyCreationECDSA recorded 1 samples, mean = 6.0 (flags = 0x41)
0  ... 
6  -O                                                                        (1 = 100.0%) {0.0%}
8  ... 

Histogram: Crypto.TPMDuration.Virtual.WrappedKeyCreationECDSA recorded 1 samples, mean = 2.0 (flags = 0x41)
0  ... 
2  -O                                                                        (1 = 100.0%) {0.0%}
3  ... 

Histogram: Crypto.TPMDuration.WrappedKeyCreationECDSA recorded 1 samples, mean = 46.0 (flags = 0x41)
0   ... 
41  -O                                                                        (1 = 100.0%) {0.0%}
52  ... 

Histogram: Crypto.TPMOperation.MessageSigningECDSA recorded 1 samples, mean = 1.0 (flags = 0x41)
0  O                                                                         (0 = 0.0%)
1  -O                                                                        (1 = 100.0%) {0.0%}
2  O                                                                         (0 = 0.0%) {100.0%}

Histogram: Crypto.TPMOperation.MessageVerifyECDSA recorded 1 samples, mean = 1.0 (flags = 0x41)
0  O                                                                         (0 = 0.0%)
1  -O                                                                        (1 = 100.0%) {0.0%}
2  O                                                                         (0 = 0.0%) {100.0%}

Histogram: Crypto.TPMOperation.NewKeyCreationECDSA recorded 1 samples, mean = 1.0 (flags = 0x41)
0  O                                                                         (0 = 0.0%)
1  -O                                                                        (1 = 100.0%) {0.0%}
2  O                                                                         (0 = 0.0%) {100.0%}

Histogram: Crypto.TPMOperation.Virtual.MessageSigningECDSA recorded 1 samples, mean = 1.0 (flags = 0x41)
0  O                                                                         (0 = 0.0%)
1  -O                                                                        (1 = 100.0%) {0.0%}
2  O                                                                         (0 = 0.0%) {100.0%}

Histogram: Crypto.TPMOperation.Virtual.MessageVerifyECDSA recorded 1 samples, mean = 1.0 (flags = 0x41)
0  O                                                                         (0 = 0.0%)
1  -O                                                                        (1 = 100.0%) {0.0%}
2  O                                                                         (0 = 0.0%) {100.0%}

Histogram: Crypto.TPMOperation.Virtual.NewKeyCreationECDSA recorded 1 samples, mean = 1.0 (flags = 0x41)
0  O                                                                         (0 = 0.0%)
1  -O                                                                        (1 = 100.0%) {0.0%}
2  O                                                                         (0 = 0.0%) {100.0%}

Histogram: Crypto.TPMOperation.Virtual.WrappedKeyCreationECDSA recorded 1 samples, mean = 1.0 (flags = 0x41)
0  O                                                                         (0 = 0.0%)
1  -O                                                                        (1 = 100.0%) {0.0%}
2  O                                                                         (0 = 0.0%) {100.0%}

Histogram: Crypto.TPMOperation.WrappedKeyCreationECDSA recorded 1 samples, mean = 1.0 (flags = 0x41)
0  O                                                                         (0 = 0.0%)
1  -O                                                                        (1 = 100.0%) {0.0%}
2  O                                                                         (0 = 0.0%) {100.0%}

Histogram: Crypto.TPMSupport2 recorded 1 samples, mean = 2.0 (flags = 0x41)
0  ... 
2  -O                                                                        (1 = 100.0%) {0.0%}
3  O                                                                         (0 = 0.0%) {100.0%}

Histogram: Crypto.TPMSupportType recorded 1 samples, mean = 3.0 (flags = 0x41)
0  ... 
3  -O                                                                        (1 = 100.0%) {0.0%}
4  O                                                                         (0 = 0.0%) {100.0%}

Histogram: Crypto.VirtualKeySupport recorded 1 samples, mean = 2.0 (flags = 0x41)
0  ... 
2  -O                                                                        (1 = 100.0%) {0.0%}
3  O                                                                         (0 = 0.0%) {100.0%}

Histogram: DOMStorage.CommitMeasuredDelay recorded 4 samples, mean = 3645.8 (flags = 0x41)
0     ... 
7     -O                                                                        (1 = 25.0%) {0.0%}
8     ... 
4249  -O                                                                        (1 = 25.0%) {25.0%}
4904  --O                                                                       (2 = 50.0%) {50.0%}
5660  ... 

Histogram: DOMStorage.CommitSizeBytes recorded 2 samples, mean = 356.5 (flags = 0x41)
0    ... 
293  -O                                                                        (1 = 50.0%) {0.0%}
330  O                                                                         (0 = 0.0%) {50.0%}
372  -O                                                                        (1 = 50.0%) {50.0%}
419  ... 

Histogram: DataUse.BytesReceived3.Delegate recorded 52 samples, mean = 48159.9 (flags = 0x41)
0        ... 
64       -O                                                                        (1 = 1.9%) {0.0%}
83       ... 
383      -O                                                                        (1 = 1.9%) {1.9%}
494      --O                                                                       (2 = 3.8%) {3.8%}
637      -O                                                                        (1 = 1.9%) {7.7%}
821      -----O                                                                    (5 = 9.6%) {9.6%}
1059     ---O                                                                      (3 = 5.8%) {19.2%}
1366     -O                                                                        (1 = 1.9%) {25.0%}
1761     --O                                                                       (2 = 3.8%) {26.9%}
2271     -O                                                                        (1 = 1.9%) {30.8%}
2928     -----O                                                                    (5 = 9.6%) {32.7%}
3776     --O                                                                       (2 = 3.8%) {42.3%}
4869     --O                                                                       (2 = 3.8%) {46.2%}
6279     --O                                                                       (2 = 3.8%) {50.0%}
8097     -O                                                                        (1 = 1.9%) {53.8%}
10441    --O                                                                       (2 = 3.8%) {55.8%}
13464    -O                                                                        (1 = 1.9%) {59.6%}
17362    --O                                                                       (2 = 3.8%) {61.5%}
22388    ----O                                                                     (4 = 7.7%) {65.4%}
28869    -O                                                                        (1 = 1.9%) {73.1%}
37226    --O                                                                       (2 = 3.8%) {75.0%}
48002    --O                                                                       (2 = 3.8%) {78.8%}
61898    O                                                                         (0 = 0.0%) {82.7%}
79817    ---O                                                                      (3 = 5.8%) {82.7%}
102923   ---O                                                                      (3 = 5.8%) {88.5%}
132718   --O                                                                       (2 = 3.8%) {94.2%}
171138   ... 
1014513  -O                                                                        (1 = 1.9%) {98.1%}
1308198  ... 

Histogram: DataUse.BytesSent3.Delegate recorded 52 samples, mean = 594.0 (flags = 0x41)
0      ... 
21     -O                                                                        (1 = 1.9%) {0.0%}
28     ... 
65     -------------------------O                                                (25 = 48.1%) {1.9%}
86     ------O                                                                   (6 = 11.5%) {50.0%}
113    O                                                                         (0 = 0.0%) {61.5%}
149    -O                                                                        (1 = 1.9%) {61.5%}
196    --O                                                                       (2 = 3.8%) {63.5%}
258    O                                                                         (0 = 0.0%) {67.3%}
340    -O                                                                        (1 = 1.9%) {67.3%}
448    -----O                                                                    (5 = 9.6%) {69.2%}
590    ------O                                                                   (6 = 11.5%) {78.8%}
777    -O                                                                        (1 = 1.9%) {90.4%}
1023   ---O                                                                      (3 = 5.8%) {92.3%}
1347   ... 
16063  -O                                                                        (1 = 1.9%) {98.1%}
21156  ... 

Histogram: DefaultBrowser.State recorded 1 samples, mean = 0.0 (flags = 0x41)
0  -O                                                                        (1 = 100.0%)
1  ... 

Histogram: DiskCache.0.Error recorded 2 samples, mean = 4.0 (flags = 0x41)
0  -O                                                                        (1 = 50.0%)
1  ... 
8  -O                                                                        (1 = 50.0%) {50.0%}
9  ... 

Histogram: DiskCache.0.TotalIOTimeWrite recorded 198 samples, mean = 0.1 (flags = 0x41)
0  ------------------------------------------------------------------------O (186 = 93.9%)
1  ---O                                                                      (7 = 3.5%) {93.9%}
2  --O                                                                       (5 = 2.5%) {97.5%}
3  ... 

Histogram: Download.Database.IsAvailable recorded 1 samples, mean = 1.0 (flags = 0x41)
0  O                                                                         (0 = 0.0%)
1  -O                                                                        (1 = 100.0%) {0.0%}
2  O                                                                         (0 = 0.0%) {100.0%}

Histogram: Download.Service.Db.Operation.Failure recorded 1 samples, mean = 0.0 (flags = 0x41)
0  -O                                                                        (1 = 100.0%)
1  ... 

Histogram: Download.Service.Files.CleanUp.External recorded 1 samples, mean = 0.0 (flags = 0x41)
0  -O                                                                        (1 = 100.0%)
1  ... 

Histogram: Download.Service.Files.CleanUp.External.HardRecovery recorded 1 samples, mean = 0.0 (flags = 0x41)
0  -O                                                                        (1 = 100.0%)
1  ... 

Histogram: Download.Service.Files.CleanUp.Failure recorded 1 samples, mean = 0.0 (flags = 0x41)
0  -O                                                                        (1 = 100.0%)
1  ... 

Histogram: Download.Service.Files.CleanUp.Failure.HardRecovery recorded 1 samples, mean = 0.0 (flags = 0x41)
0  -O                                                                        (1 = 100.0%)
1  ... 

Histogram: Download.Service.Files.CleanUp.Success recorded 1 samples, mean = 0.0 (flags = 0x41)
0  -O                                                                        (1 = 100.0%)
1  ... 

Histogram: Download.Service.Files.CleanUp.Success.HardRecovery recorded 1 samples, mean = 0.0 (flags = 0x41)
0  -O                                                                        (1 = 100.0%)
1  ... 

Histogram: Download.Service.StartUpStatus.Initialization recorded 2 samples, mean = 2.0 (flags = 0x41)
0  O                                                                         (0 = 0.0%)
1  -O                                                                        (1 = 50.0%) {0.0%}
2  O                                                                         (0 = 0.0%) {50.0%}
3  -O                                                                        (1 = 50.0%) {50.0%}
4  ... 

Histogram: Download.Service.StartUpStatus.Recovery recorded 2 samples, mean = 2.0 (flags = 0x41)
0  O                                                                         (0 = 0.0%)
1  -O                                                                        (1 = 50.0%) {0.0%}
2  O                                                                         (0 = 0.0%) {50.0%}
3  -O                                                                        (1 = 50.0%) {50.0%}
4  ... 

Histogram: Enterprise.TimeToFirstPolicyLoad.Profile.Unmanaged recorded 1 samples, mean = 0.0 (flags = 0x41)
0  -O                                                                        (1 = 100.0%)
1  ... 

Histogram: EnterpriseCheck.AzureADJoinStatusCheckTime recorded 1 samples, mean = 3.0 (flags = 0x41)
0  ... 
3  -O                                                                        (1 = 100.0%) {0.0%}
4  ... 

Histogram: Event.GestureCreated recorded 1 samples, mean = 12.0 (flags = 0x41)
0   ... 
12  -O                                                                        (1 = 100.0%) {0.0%}
13  ... 

Histogram: Extension.Toolbar.BrowserActionsCount2 recorded 1 samples, mean = 0.0 (flags = 0x41)
0  -O                                                                        (1 = 100.0%)
1  ... 

Histogram: ExtensionToolbarModel.BrowserActionsCount recorded 1 samples, mean = 0.0 (flags = 0x41)
0  -O                                                                        (1 = 100.0%)
1  ... 

Histogram: Extensions.AppLocation2 recorded 1 samples, mean = 5.0 (flags = 0x41)
0  ... 
5  -O                                                                        (1 = 100.0%) {0.0%}
6  ... 

Histogram: Extensions.CorruptExtensionTotalDisables recorded 1 samples, mean = 0.0 (flags = 0x41)
0  -O                                                                        (1 = 100.0%)
1  ... 

Histogram: Extensions.CorruptExtensionTotalDisables2 recorded 1 samples, mean = 0.0 (flags = 0x41)
0  -O                                                                        (1 = 100.0%)
1  ... 

Histogram: Extensions.Database.Open.Rules recorded 4 samples, mean = 5.0 (flags = 0x41)
0  ... 
5  ----O                                                                     (4 = 100.0%) {0.0%}
6  O                                                                         (0 = 0.0%) {100.0%}

Histogram: Extensions.Database.Open.Scripts recorded 2 samples, mean = 5.0 (flags = 0x41)
0  ... 
5  --O                                                                       (2 = 100.0%) {0.0%}
6  O                                                                         (0 = 0.0%) {100.0%}

Histogram: Extensions.Database.Open.State recorded 8 samples, mean = 5.0 (flags = 0x41)
0  ... 
5  --------O                                                                 (8 = 100.0%) {0.0%}
6  O                                                                         (0 = 0.0%) {100.0%}

Histogram: Extensions.DeveloperModeEnabled recorded 2 samples, mean = 0.0 (flags = 0x41)
0  --O                                                                       (2 = 100.0%)
1  ... 

Histogram: Extensions.DidCreateScriptContext_Unspecified recorded 1 samples, mean = 0.0 (flags = 0x41)
0  -O                                                                        (1 = 100.0%)
1  ... 

Histogram: Extensions.DidCreateScriptContext_WebPage recorded 3 samples, mean = 0.0 (flags = 0x41)
0  ---O                                                                      (3 = 100.0%)
1  ... 

Histogram: Extensions.Disabled recorded 1 samples, mean = 0.0 (flags = 0x41)
0  -O                                                                        (1 = 100.0%)
1  ... 

Histogram: Extensions.Disabled2 recorded 1 samples, mean = 0.0 (flags = 0x41)
0  -O                                                                        (1 = 100.0%)
1  ... 

Histogram: Extensions.DisabledForPermissions recorded 1 samples, mean = 0.0 (flags = 0x41)
0  -O                                                                        (1 = 100.0%)
1  ... 

Histogram: Extensions.DisabledForPermissions2 recorded 1 samples, mean = 0.0 (flags = 0x41)
0  -O                                                                        (1 = 100.0%)
1  ... 

Histogram: Extensions.EventlessEventPages2 recorded 1 samples, mean = 0.0 (flags = 0x41)
0  -O                                                                        (1 = 100.0%)
1  ... 

Histogram: Extensions.ExtensionLocation recorded 1 samples, mean = 5.0 (flags = 0x41)
0  ... 
5  -O                                                                        (1 = 100.0%) {0.0%}
6  ... 

Histogram: Extensions.ExtensionLocation2 recorded 1 samples, mean = 5.0 (flags = 0x41)
0  ... 
5  -O                                                                        (1 = 100.0%) {0.0%}
6  ... 

Histogram: Extensions.ExtensionsWithPageActions recorded 1 samples, mean = 0.0 (flags = 0x41)
0  -O                                                                        (1 = 100.0%)
1  ... 

Histogram: Extensions.HomepageOverrides recorded 1 samples, mean = 0.0 (flags = 0x41)
0  -O                                                                        (1 = 100.0%)
1  ... 

Histogram: Extensions.HomepageOverrides2 recorded 1 samples, mean = 0.0 (flags = 0x41)
0  -O                                                                        (1 = 100.0%)
1  ... 

Histogram: Extensions.InjectEnd_ScriptCount recorded 3 samples, mean = 0.0 (flags = 0x41)
0  ---O                                                                      (3 = 100.0%)
1  ... 

Histogram: Extensions.InjectIdle_ScriptCount recorded 3 samples, mean = 0.0 (flags = 0x41)
0  ---O                                                                      (3 = 100.0%)
1  ... 

Histogram: Extensions.InjectStart_CssCount recorded 5 samples, mean = 0.0 (flags = 0x41)
0  -----O                                                                    (5 = 100.0%)
1  ... 

Histogram: Extensions.InjectStart_ScriptCount recorded 5 samples, mean = 0.0 (flags = 0x41)
0  -----O                                                                    (5 = 100.0%)
1  ... 

Histogram: Extensions.LoadAll recorded 1 samples, mean = 2.0 (flags = 0x41)
0  ... 
2  -O                                                                        (1 = 100.0%) {0.0%}
3  ... 

Histogram: Extensions.LoadAll2 recorded 1 samples, mean = 2.0 (flags = 0x41)
0  ... 
2  -O                                                                        (1 = 100.0%) {0.0%}
3  ... 

Histogram: Extensions.LoadAllComponentTime recorded 1 samples, mean = 0.0 (flags = 0x41)
0  -O                                                                        (1 = 100.0%)
1  ... 

Histogram: Extensions.LoadAllComponentTime.User recorded 1 samples, mean = 0.0 (flags = 0x41)
0  -O                                                                        (1 = 100.0%)
1  ... 

Histogram: Extensions.LoadAllTime2 recorded 1 samples, mean = 0.0 (flags = 0x41)
0  -O                                                                        (1 = 100.0%)
1  ... 

Histogram: Extensions.LoadAllTime2.User recorded 1 samples, mean = 0.0 (flags = 0x41)
0  -O                                                                        (1 = 100.0%)
1  ... 

Histogram: Extensions.LoadApp recorded 1 samples, mean = 0.0 (flags = 0x41)
0  -O                                                                        (1 = 100.0%)
1  ... 

Histogram: Extensions.LoadApp2 recorded 1 samples, mean = 0.0 (flags = 0x41)
0  -O                                                                        (1 = 100.0%)
1  ... 

Histogram: Extensions.LoadAppExternal recorded 1 samples, mean = 0.0 (flags = 0x41)
0  -O                                                                        (1 = 100.0%)
1  ... 

Histogram: Extensions.LoadAppExternal2 recorded 1 samples, mean = 0.0 (flags = 0x41)
0  -O                                                                        (1 = 100.0%)
1  ... 

Histogram: Extensions.LoadAppUser recorded 1 samples, mean = 0.0 (flags = 0x41)
0  -O                                                                        (1 = 100.0%)
1  ... 

Histogram: Extensions.LoadAppUser2 recorded 1 samples, mean = 0.0 (flags = 0x41)
0  -O                                                                        (1 = 100.0%)
1  ... 

Histogram: Extensions.LoadBrowserAction recorded 1 samples, mean = 0.0 (flags = 0x41)
0  -O                                                                        (1 = 100.0%)
1  ... 

Histogram: Extensions.LoadBrowserAction2 recorded 1 samples, mean = 0.0 (flags = 0x41)
0  -O                                                                        (1 = 100.0%)
1  ... 

Histogram: Extensions.LoadExtension recorded 1 samples, mean = 0.0 (flags = 0x41)
0  -O                                                                        (1 = 100.0%)
1  ... 

Histogram: Extensions.LoadExtension2 recorded 1 samples, mean = 0.0 (flags = 0x41)
0  -O                                                                        (1 = 100.0%)
1  ... 

Histogram: Extensions.LoadExtensionExternal recorded 1 samples, mean = 0.0 (flags = 0x41)
0  -O                                                                        (1 = 100.0%)
1  ... 

Histogram: Extensions.LoadExtensionExternal2 recorded 1 samples, mean = 0.0 (flags = 0x41)
0  -O                                                                        (1 = 100.0%)
1  ... 

Histogram: Extensions.LoadExtensionUser2 recorded 1 samples, mean = 0.0 (flags = 0x41)
0  -O                                                                        (1 = 100.0%)
1  ... 

Histogram: Extensions.LoadHostedApp recorded 1 samples, mean = 0.0 (flags = 0x41)
0  -O                                                                        (1 = 100.0%)
1  ... 

Histogram: Extensions.LoadHostedApp2 recorded 1 samples, mean = 0.0 (flags = 0x41)
0  -O                                                                        (1 = 100.0%)
1  ... 

Histogram: Extensions.LoadNoExtensionAction recorded 1 samples, mean = 0.0 (flags = 0x41)
0  -O                                                                        (1 = 100.0%)
1  ... 

Histogram: Extensions.LoadNoExtensionAction2 recorded 1 samples, mean = 0.0 (flags = 0x41)
0  -O                                                                        (1 = 100.0%)
1  ... 

Histogram: Extensions.LoadOffStoreItems recorded 1 samples, mean = 0.0 (flags = 0x41)
0  -O                                                                        (1 = 100.0%)
1  ... 

Histogram: Extensions.LoadOffStoreItems2 recorded 1 samples, mean = 0.0 (flags = 0x41)
0  -O                                                                        (1 = 100.0%)
1  ... 

Histogram: Extensions.LoadPackagedApp recorded 1 samples, mean = 0.0 (flags = 0x41)
0  -O                                                                        (1 = 100.0%)
1  ... 

Histogram: Extensions.LoadPackagedApp2 recorded 1 samples, mean = 0.0 (flags = 0x41)
0  -O                                                                        (1 = 100.0%)
1  ... 

Histogram: Extensions.LoadPlatformApp recorded 1 samples, mean = 0.0 (flags = 0x41)
0  -O                                                                        (1 = 100.0%)
1  ... 

Histogram: Extensions.LoadPlatformApp2 recorded 1 samples, mean = 0.0 (flags = 0x41)
0  -O                                                                        (1 = 100.0%)
1  ... 

Histogram: Extensions.LoadTheme recorded 1 samples, mean = 0.0 (flags = 0x41)
0  -O                                                                        (1 = 100.0%)
1  ... 

Histogram: Extensions.LoadTheme2 recorded 1 samples, mean = 0.0 (flags = 0x41)
0  -O                                                                        (1 = 100.0%)
1  ... 

Histogram: Extensions.LoadUserScript recorded 1 samples, mean = 0.0 (flags = 0x41)
0  -O                                                                        (1 = 100.0%)
1  ... 

Histogram: Extensions.LoadUserScript2 recorded 1 samples, mean = 0.0 (flags = 0x41)
0  -O                                                                        (1 = 100.0%)
1  ... 

Histogram: Extensions.Management_Refresh recorded 1 samples, mean = 0.0 (flags = 0x41)
0  -O                                                                        (1 = 100.0%)
1  ... 

Histogram: Extensions.ManifestVersion2Count.Component recorded 1 samples, mean = 1.0 (flags = 0x41)
0  O                                                                         (0 = 0.0%)
1  -O                                                                        (1 = 100.0%) {0.0%}
2  ... 

Histogram: Extensions.ManifestVersion2Count.External recorded 1 samples, mean = 0.0 (flags = 0x41)
0  -O                                                                        (1 = 100.0%)
1  ... 

Histogram: Extensions.ManifestVersion2Count.Internal recorded 1 samples, mean = 0.0 (flags = 0x41)
0  -O                                                                        (1 = 100.0%)
1  ... 

Histogram: Extensions.ManifestVersion2Count.Policy recorded 1 samples, mean = 0.0 (flags = 0x41)
0  -O                                                                        (1 = 100.0%)
1  ... 

Histogram: Extensions.ManifestVersion2Count.Unpacked recorded 1 samples, mean = 0.0 (flags = 0x41)
0  -O                                                                        (1 = 100.0%)
1  ... 

Histogram: Extensions.ManifestVersion3Count.Component recorded 1 samples, mean = 0.0 (flags = 0x41)
0  -O                                                                        (1 = 100.0%)
1  ... 

Histogram: Extensions.ManifestVersion3Count.External recorded 1 samples, mean = 0.0 (flags = 0x41)
0  -O                                                                        (1 = 100.0%)
1  ... 

Histogram: Extensions.ManifestVersion3Count.Internal recorded 1 samples, mean = 0.0 (flags = 0x41)
0  -O                                                                        (1 = 100.0%)
1  ... 

Histogram: Extensions.ManifestVersion3Count.Policy recorded 1 samples, mean = 0.0 (flags = 0x41)
0  -O                                                                        (1 = 100.0%)
1  ... 

Histogram: Extensions.ManifestVersion3Count.Unpacked recorded 1 samples, mean = 0.0 (flags = 0x41)
0  -O                                                                        (1 = 100.0%)
1  ... 

Histogram: Extensions.ManifestVersionByLocation.Component recorded 1 samples, mean = 2.0 (flags = 0x41)
0  ... 
2  -O                                                                        (1 = 100.0%) {0.0%}
3  ... 

Histogram: Extensions.ManifestVersionPopulationSplit.Component recorded 1 samples, mean = 1.0 (flags = 0x41)
0  O                                                                         (0 = 0.0%)
1  -O                                                                        (1 = 100.0%) {0.0%}
2  ... 

Histogram: Extensions.ManifestVersionPopulationSplit.External recorded 1 samples, mean = 0.0 (flags = 0x41)
0  -O                                                                        (1 = 100.0%)
1  ... 

Histogram: Extensions.ManifestVersionPopulationSplit.Internal recorded 1 samples, mean = 0.0 (flags = 0x41)
0  -O                                                                        (1 = 100.0%)
1  ... 

Histogram: Extensions.ManifestVersionPopulationSplit.InternalAndExternal recorded 1 samples, mean = 0.0 (flags = 0x41)
0  -O                                                                        (1 = 100.0%)
1  ... 

Histogram: Extensions.ManifestVersionPopulationSplit.Unpacked recorded 1 samples, mean = 0.0 (flags = 0x41)
0  -O                                                                        (1 = 100.0%)
1  ... 

Histogram: Extensions.NewTabPageOverrides recorded 1 samples, mean = 0.0 (flags = 0x41)
0  -O                                                                        (1 = 100.0%)
1  ... 

Histogram: Extensions.NewTabPageOverrides2 recorded 1 samples, mean = 0.0 (flags = 0x41)
0  -O                                                                        (1 = 100.0%)
1  ... 

Histogram: Extensions.NonWebStoreNewTabPageOverrides recorded 1 samples, mean = 0.0 (flags = 0x41)
0  -O                                                                        (1 = 100.0%)
1  ... 

Histogram: Extensions.NonWebStoreNewTabPageOverrides2 recorded 1 samples, mean = 0.0 (flags = 0x41)
0  -O                                                                        (1 = 100.0%)
1  ... 

Histogram: Extensions.NonWebstoreLocation recorded 2 samples, mean = 5.0 (flags = 0x41)
0  ... 
5  --O                                                                       (2 = 100.0%) {0.0%}
6  ... 

Histogram: Extensions.NonWebstoreLocation2 recorded 2 samples, mean = 5.0 (flags = 0x41)
0  ... 
5  --O                                                                       (2 = 100.0%) {0.0%}
6  ... 

Histogram: Extensions.NonWebstoreLocationWithDeveloperModeOff.Enabled3 recorded 2 samples, mean = 5.0 (flags = 0x41)
0  ... 
5  --O                                                                       (2 = 100.0%) {0.0%}
6  ... 

Histogram: Extensions.NotAllowlistedDisabled recorded 1 samples, mean = 0.0 (flags = 0x41)
0  -O                                                                        (1 = 100.0%)
1  ... 

Histogram: Extensions.NotAllowlistedDisabled2 recorded 1 samples, mean = 0.0 (flags = 0x41)
0  -O                                                                        (1 = 100.0%)
1  ... 

Histogram: Extensions.NotAllowlistedEnabled recorded 1 samples, mean = 0.0 (flags = 0x41)
0  -O                                                                        (1 = 100.0%)
1  ... 

Histogram: Extensions.NotAllowlistedEnabled2 recorded 1 samples, mean = 0.0 (flags = 0x41)
0  -O                                                                        (1 = 100.0%)
1  ... 

Histogram: Extensions.ProcessManagerStartupHostsTime2 recorded 1 samples, mean = 0.0 (flags = 0x41)
0  -O                                                                        (1 = 100.0%)
1  ... 

Histogram: Extensions.SearchEngineOverrides recorded 1 samples, mean = 0.0 (flags = 0x41)
0  -O                                                                        (1 = 100.0%)
1  ... 

Histogram: Extensions.SearchEngineOverrides2 recorded 1 samples, mean = 0.0 (flags = 0x41)
0  -O                                                                        (1 = 100.0%)
1  ... 

Histogram: Extensions.StartupPagesOverrides recorded 1 samples, mean = 0.0 (flags = 0x41)
0  -O                                                                        (1 = 100.0%)
1  ... 

Histogram: Extensions.StartupPagesOverrides2 recorded 1 samples, mean = 0.0 (flags = 0x41)
0  -O                                                                        (1 = 100.0%)
1  ... 

Histogram: Extensions.WebRequestBlockingCount recorded 1 samples, mean = 0.0 (flags = 0x41)
0  -O                                                                        (1 = 100.0%)
1  ... 

Histogram: Extensions.WebRequestBlockingCount2 recorded 1 samples, mean = 0.0 (flags = 0x41)
0  -O                                                                        (1 = 100.0%)
1  ... 

Histogram: Extensions.WebRequestCount recorded 1 samples, mean = 0.0 (flags = 0x41)
0  -O                                                                        (1 = 100.0%)
1  ... 

Histogram: Extensions.WebRequestCount2 recorded 1 samples, mean = 0.0 (flags = 0x41)
0  -O                                                                        (1 = 100.0%)
1  ... 

Histogram: FetchKeepAlive.Renderer.Total.ReceivedResponse recorded 1 samples, mean = 1.0 (flags = 0x41)
0  O                                                                         (0 = 0.0%)
1  -O                                                                        (1 = 100.0%) {0.0%}
2  O                                                                         (0 = 0.0%) {100.0%}

Histogram: FetchKeepAlive.Renderer.Total.Started recorded 1 samples, mean = 1.0 (flags = 0x41)
0  O                                                                         (0 = 0.0%)
1  -O                                                                        (1 = 100.0%) {0.0%}
2  O                                                                         (0 = 0.0%) {100.0%}

Histogram: FetchKeepAlive.Requests2.Network recorded 2 samples, mean = 0.5 (flags = 0x41)
0  -O                                                                        (1 = 50.0%)
1  -O                                                                        (1 = 50.0%) {50.0%}
2  O                                                                         (0 = 0.0%) {100.0%}

Histogram: FetchKeepAlive.Requests2.SentToService.Renderer recorded 1 samples, mean = 2.0 (flags = 0x41)
0  ... 
2  -O                                                                        (1 = 100.0%) {0.0%}
3  ... 

Histogram: FetchKeepAlive.Requests2.Started.IsContextDetached.Renderer recorded 1 samples, mean = 0.0 (flags = 0x41)
0  -O                                                                        (1 = 100.0%)
1  ... 

Histogram: FetchKeepAlive.Requests2.Started.Renderer recorded 1 samples, mean = 1.0 (flags = 0x41)
0  O                                                                         (0 = 0.0%)
1  -O                                                                        (1 = 100.0%) {0.0%}
2  ... 

Histogram: FetchKeepAlive.Requests2.Succeeded.IsContextDetached.Renderer recorded 1 samples, mean = 0.0 (flags = 0x41)
0  -O                                                                        (1 = 100.0%)
1  ... 

Histogram: FetchKeepAlive.Requests2.Succeeded.Renderer recorded 1 samples, mean = 1.0 (flags = 0x41)
0  O                                                                         (0 = 0.0%)
1  -O                                                                        (1 = 100.0%) {0.0%}
2  ... 

Histogram: FetchKeepAlive.Requests2.Total.Renderer recorded 1 samples, mean = 1.0 (flags = 0x41)
0  O                                                                         (0 = 0.0%)
1  -O                                                                        (1 = 100.0%) {0.0%}
2  ... 

Histogram: FirstPartySets.Database.InitStatus recorded 1 samples, mean = 1.0 (flags = 0x41)
0  O                                                                         (0 = 0.0%)
1  -O                                                                        (1 = 100.0%) {0.0%}
2  ... 

Histogram: FirstPartySets.Database.TransactionFailed recorded 7 samples, mean = 0.0 (flags = 0x41)
0  -------O                                                                  (7 = 100.0%)
1  ... 

Histogram: FirstPartySets.Initialization.ClearSiteDataOutcome recorded 1 samples, mean = 1.0 (flags = 0x41)
0  O                                                                         (0 = 0.0%)
1  -O                                                                        (1 = 100.0%) {0.0%}
2  O                                                                         (0 = 0.0%) {100.0%}

Histogram: FirstPartySets.Initialization.SitesToClear.Count recorded 1 samples, mean = 0.0 (flags = 0x41)
0  -O                                                                        (1 = 100.0%)
1  ... 

Histogram: GPU.ANGLE.D3DShaderBlobSizeKB recorded 4 samples, mean = 0.5 (flags = 0x41)
0  ----O                                                                     (4 = 100.0%)
1000... 

Histogram: GPU.ANGLE.D3DShaderCompilationTimeUs recorded 4 samples, mean = 2947.2 (flags = 0x41)
0     ... 
1347  -O                                                                        (1 = 25.0%) {0.0%}
1774  O                                                                         (0 = 0.0%) {25.0%}
2336  -O                                                                        (1 = 25.0%) {25.0%}
3077  --O                                                                       (2 = 50.0%) {50.0%}
4053  ... 

Histogram: GPU.BlocklistFeatureTestResults.Accelerated2dCanvas recorded 1 samples, mean = 0.0 (flags = 0x41)
0  -O                                                                        (1 = 100.0%)
1  ... 

Histogram: GPU.BlocklistFeatureTestResults.GpuCompositing recorded 1 samples, mean = 0.0 (flags = 0x41)
0  -O                                                                        (1 = 100.0%)
1  ... 

Histogram: GPU.BlocklistFeatureTestResults.GpuRasterization recorded 1 samples, mean = 0.0 (flags = 0x41)
0  -O                                                                        (1 = 100.0%)
1  ... 

Histogram: GPU.BlocklistFeatureTestResults.Webgl recorded 1 samples, mean = 0.0 (flags = 0x41)
0  -O                                                                        (1 = 100.0%)
1  ... 

Histogram: GPU.BlocklistFeatureTestResults.Webgl2 recorded 1 samples, mean = 0.0 (flags = 0x41)
0  -O                                                                        (1 = 100.0%)
1  ... 

Histogram: GPU.BlocklistFeatureTestResults.Webgpu recorded 1 samples, mean = 2.0 (flags = 0x41)
0  ... 
2  -O                                                                        (1 = 100.0%) {0.0%}
3  ... 

Histogram: GPU.BlocklistTestResultsPerEntry recorded 1 samples, mean = 0.0 (flags = 0x41)
0  -O                                                                        (1 = 100.0%)
1  ... 

Histogram: GPU.CanvasOopRaster.OopRasterAndGpuAcceleration recorded 1 samples, mean = 0.0 (flags = 0x41)
0  -O                                                                        (1 = 100.0%)
1  ... 

Histogram: GPU.CompositingMode recorded 248 samples, mean = 1.0 (flags = 0x41)
0  O                                                                         (0 = 0.0%)
1  ------------------------------------------------------------------------O (248 = 100.0%) {0.0%}
2  ... 

Histogram: GPU.D3D12FeatureLevel recorded 1 samples, mean = 5.0 (flags = 0x41)
0  ... 
5  -O                                                                        (1 = 100.0%) {0.0%}
6  O                                                                         (0 = 0.0%) {100.0%}

Histogram: GPU.D3D12HighestShaderModel2 recorded 1 samples, mean = 9.0 (flags = 0x41)
0  ... 
9  -O                                                                        (1 = 100.0%) {0.0%}
10 O                                                                         (0 = 0.0%) {100.0%}

Histogram: GPU.DriverBugTestResultsPerEntry recorded 8 samples (flags = 0x41)
0    -O                                                                        (1 = 12.5%)
17   -O                                                                        (1 = 12.5%)
165  -O                                                                        (1 = 12.5%)
206  -O                                                                        (1 = 12.5%)
256  -O                                                                        (1 = 12.5%)
315  -O                                                                        (1 = 12.5%)
426  -O                                                                        (1 = 12.5%)
430  -O                                                                        (1 = 12.5%)

Histogram: GPU.EstablishGpuChannelSyncTime recorded 2 samples, mean = 127.5 (flags = 0x41)
0    ... 
4    -O                                                                        (1 = 50.0%) {0.0%}
5    ... 
226  -O                                                                        (1 = 50.0%) {50.0%}
268  ... 

Histogram: GPU.EstablishGpuChannelSyncTime.FirstRun recorded 2 samples, mean = 127.0 (flags = 0x41)
0    ... 
4    -O                                                                        (1 = 50.0%) {0.0%}
5    ... 
226  -O                                                                        (1 = 50.0%) {50.0%}
268  ... 

Histogram: GPU.GPUProcessLaunchTime recorded 2 samples, mean = 1206.0 (flags = 0x41)
0     ... 
318   -O                                                                        (1 = 50.0%) {0.0%}
378   ... 
1782  -O                                                                        (1 = 50.0%) {50.0%}
2117  ... 

Histogram: GPU.GPUProcessTerminationStatus2 recorded 1 samples, mean = 4.0 (flags = 0x41)
0  ... 
4  -O                                                                        (1 = 100.0%) {0.0%}
5  ... 

Histogram: GPU.HardwareAccelerationModeEnabled recorded 1 samples, mean = 1.0 (flags = 0x41)
0  O                                                                         (0 = 0.0%)
1  -O                                                                        (1 = 100.0%) {0.0%}
2  O                                                                         (0 = 0.0%) {100.0%}

Histogram: GPU.ProcessLifetimeEvents.HardwareAccelerated recorded 1 samples, mean = 0.0 (flags = 0x41)
0  -O                                                                        (1 = 100.0%)
1  ... 

Histogram: GPU.RasterDecoder.TimeToFlush recorded 1 samples, mean = 356.0 (flags = 0x41)
0    ... 
320  -O                                                                        (1 = 100.0%) {0.0%}
364  ... 

Histogram: GPU.SharedImage.BackingType recorded 3 samples, mean = 8.7 (flags = 0x41)
0   ... 
2   -O                                                                        (1 = 33.3%) {0.0%}
3   ... 
12  --O                                                                       (2 = 66.7%) {33.3%}
13  ... 

Histogram: GPU.SharedImage.ContentConsumed recorded 6 samples, mean = 0.5 (flags = 0x41)
0  ---O                                                                      (3 = 50.0%)
1  ---O                                                                      (3 = 50.0%) {50.0%}
2  O                                                                         (0 = 0.0%) {100.0%}

Histogram: GPU.SkiaBackendType recorded 1 samples, mean = 2.0 (flags = 0x41)
0  ... 
2  -O                                                                        (1 = 100.0%) {0.0%}
3  ... 

Histogram: GPU.SupportsDX12 recorded 1 samples, mean = 1.0 (flags = 0x41)
0  O                                                                         (0 = 0.0%)
1  -O                                                                        (1 = 100.0%) {0.0%}
2  O                                                                         (0 = 0.0%) {100.0%}

Histogram: GPU.WatchdogThread.Event recorded 1 samples, mean = 0.0 (flags = 0x41)
0  -O                                                                        (1 = 100.0%)
1  ... 

Histogram: GPU.WatchdogThread.Event.main recorded 1 samples, mean = 0.0 (flags = 0x41)
0  -O                                                                        (1 = 100.0%)
1  ... 

Histogram: GPU.WatchdogThread.Timeout recorded 3746 samples, mean = 0.0 (flags = 0x41)
0  ------------------------------------------------------------------------O (3746 = 100.0%)
1  ... 

Histogram: GPU.WatchdogThread.Timeout.Normal recorded 3746 samples, mean = 0.0 (flags = 0x41)
0  ------------------------------------------------------------------------O (3746 = 100.0%)
1  ... 

Histogram: GPU.WatchdogThread.Timeout.Normal.main recorded 3746 samples, mean = 0.0 (flags = 0x41)
0  ------------------------------------------------------------------------O (3746 = 100.0%)
1  ... 

Histogram: GPU.WatchdogThread.Timeout.main recorded 3746 samples, mean = 0.0 (flags = 0x41)
0  ------------------------------------------------------------------------O (3746 = 100.0%)
1  ... 

Histogram: Gaia.AuthFetcher.ListAccounts.NetErrorCodes recorded 1 samples (flags = 0x41)
0  -O                                                                        (1 = 100.0%)

Histogram: Gpu.FenceHandle.CloneCountsPerSubmit recorded 4 samples, mean = 0.0 (flags = 0x41)
0  ----O                                                                     (4 = 100.0%)
1  ... 

Histogram: Gpu.GrCompileShaderUs recorded 4 samples, mean = 482.0 (flags = 0x41)
0    ... 
196  -O                                                                        (1 = 25.0%) {0.0%}
258  -O                                                                        (1 = 25.0%) {25.0%}
340  O                                                                         (0 = 0.0%) {50.0%}
448  -O                                                                        (1 = 25.0%) {50.0%}
590  O                                                                         (0 = 0.0%) {75.0%}
777  -O                                                                        (1 = 25.0%) {75.0%}
1023 ... 

Histogram: Gpu.GrLinkProgramUs recorded 2 samples, mean = 4001.0 (flags = 0x41)
0     ... 
3077  -O                                                                        (1 = 50.0%) {0.0%}
4053  -O                                                                        (1 = 50.0%) {50.0%}
5338  ... 

Histogram: Gpu.PassthroughProgramCacheLoadHitInCache recorded 2 samples, mean = 0.0 (flags = 0x41)
0  --O                                                                       (2 = 100.0%)
1  ... 

Histogram: Gpu.Rasterization.Raster.MSAASampleCountLog2 recorded 1 samples, mean = 0.0 (flags = 0x41)
0  -O                                                                        (1 = 100.0%)
1  ... 

Histogram: HangWatcher.IsThreadHung.BrowserProcess.IOThread.Normal recorded 7498 samples, mean = 0.0 (flags = 0x41)
0  ------------------------------------------------------------------------O (7498 = 100.0%)
1  ... 

Histogram: HangWatcher.IsThreadHung.BrowserProcess.UIThread.Normal recorded 7498 samples, mean = 0.0 (flags = 0x41)
0  ------------------------------------------------------------------------O (7498 = 100.0%)
1  ... 

Histogram: HangWatcher.IsThreadHung.RendererProcess.IOThread recorded 7491 samples, mean = 0.0 (flags = 0x41)
0  ------------------------------------------------------------------------O (7491 = 100.0%)
1  ... 

Histogram: HangWatcher.IsThreadHung.RendererProcess.IOThread.BestEffort recorded 7493 samples, mean = 0.0 (flags = 0x41)
0  ------------------------------------------------------------------------O (7493 = 100.0%)
1  ... 

Histogram: HangWatcher.IsThreadHung.RendererProcess.MainThread recorded 7491 samples, mean = 0.0 (flags = 0x41)
0  ------------------------------------------------------------------------O (7491 = 100.0%)
1  ... 

Histogram: HangWatcher.IsThreadHung.RendererProcess.MainThread.BestEffort recorded 7493 samples, mean = 0.0 (flags = 0x41)
0  ------------------------------------------------------------------------O (7493 = 100.0%)
1  ... 

Histogram: HangWatcher.IsThreadHung.UtilityProcess.IOThread recorded 14984 samples, mean = 0.0 (flags = 0x41)
0  ------------------------------------------------------------------------O (14984 = 100.0%)
1  ... 

Histogram: HangWatcher.IsThreadHung.UtilityProcess.MainThread recorded 14984 samples, mean = 0.0 (flags = 0x41)
0  ------------------------------------------------------------------------O (14984 = 100.0%)
1  ... 

Histogram: HangWatcher.SleepDrift.BrowserProcess recorded 37466 samples, mean = 6.0 (flags = 0x41)
0   ------------------------------------------------------------------------O (8815 = 23.5%)
1   ------------------O                                                       (2155 = 5.8%) {23.5%}
2   ----------------O                                                         (1906 = 5.1%) {29.3%}
3   ---------------O                                                          (1817 = 4.8%) {34.4%}
4   ----------------O                                                         (1941 = 5.2%) {39.2%}
5   ---------------O                                                          (1884 = 5.0%) {44.4%}
6   ---------------O                                                          (1835 = 4.9%) {49.4%}
7   ---------------O                                                          (1802 = 4.8%) {54.3%}
8   ---------------------------------O                                        (4006 = 10.7%) {59.1%}
10  --------------------------------O                                         (3907 = 10.4%) {69.8%}
12  --------------------------------O                                         (3862 = 10.3%) {80.3%}
14  -----------------------------O                                            (3536 = 9.4%) {90.6%}
17  ... 

Histogram: Hardware.Display.Count.OnStartup recorded 1 samples, mean = 1.0 (flags = 0x41)
0  O                                                                         (0 = 0.0%)
1  -O                                                                        (1 = 100.0%) {0.0%}
2  ... 

Histogram: Hardware.Display.SupportsHDR recorded 1 samples, mean = 0.0 (flags = 0x41)
0  -O                                                                        (1 = 100.0%)
1  ... 

Histogram: HeapProfiling.InProcess.Enabled recorded 1 samples, mean = 0.0 (flags = 0x41)
0  -O                                                                        (1 = 100.0%)
1  ... 

Histogram: HeapProfiling.InProcess.Enabled.Browser recorded 1 samples, mean = 0.0 (flags = 0x41)
0  -O                                                                        (1 = 100.0%)
1  ... 

Histogram: Histogram.TooManyBuckets.1000 recorded 4 samples (flags = 0x41)
-2140283801 --O                                                                       (2 = 50.0%)
1721222685  --O                                                                       (2 = 50.0%)

Histogram: History.Backend.TransactionCommitSuccess recorded 2 samples, mean = 1.0 (flags = 0x41)
0  O                                                                         (0 = 0.0%)
1  --O                                                                       (2 = 100.0%) {0.0%}
2  O                                                                         (0 = 0.0%) {100.0%}

Histogram: History.ClearBrowsingData.TaskQueueAtShutdown recorded 1 samples, mean = 0.0 (flags = 0x41)
0  -O                                                                        (1 = 100.0%)
1  ... 

Histogram: History.DomainCount1Day_V2 recorded 7 samples, mean = 0.0 (flags = 0x41)
0  -------O                                                                  (7 = 100.0%)
1  ... 

Histogram: History.DomainCount1Day_V3 recorded 7 samples, mean = 0.0 (flags = 0x41)
0  -------O                                                                  (7 = 100.0%)
1  ... 

Histogram: History.DomainCount28Day_V2 recorded 7 samples, mean = 1.0 (flags = 0x41)
0  O                                                                         (0 = 0.0%)
1  -------O                                                                  (7 = 100.0%) {0.0%}
2  ... 

Histogram: History.DomainCount28Day_V3 recorded 7 samples, mean = 1.0 (flags = 0x41)
0  O                                                                         (0 = 0.0%)
1  -------O                                                                  (7 = 100.0%) {0.0%}
2  ... 

Histogram: History.DomainCount7Day_V2 recorded 7 samples, mean = 0.3 (flags = 0x41)
0  -----O                                                                    (5 = 71.4%)
1  --O                                                                       (2 = 28.6%) {71.4%}
2  ... 

Histogram: History.DomainCount7Day_V3 recorded 7 samples, mean = 0.3 (flags = 0x41)
0  -----O                                                                    (5 = 71.4%)
1  --O                                                                       (2 = 28.6%) {71.4%}
2  ... 

Histogram: History.InMemoryDBItemCount recorded 1 samples, mean = 3.0 (flags = 0x41)
0  ... 
3  -O                                                                        (1 = 100.0%) {0.0%}
4  ... 

Histogram: History.TopSites.QueryFromHistoryTime recorded 1 samples, mean = 333.0 (flags = 0x41)
0    ... 
318  -O                                                                        (1 = 100.0%) {0.0%}
378  ... 

Histogram: History.VisitedLinks.HashTableLengthOnReaderInit recorded 3 samples, mean = 16381.0 (flags = 0x41)
0      ... 
14319  ---O                                                                      (3 = 100.0%) {0.0%}
19866  ... 

Histogram: History.VisitedLinks.HashTableSizeOnTableCreate recorded 2 samples, mean = 0.0 (flags = 0x41)
0  --O                                                                       (2 = 100.0%)
1  ... 

Histogram: History.VisitedLinks.HashTableUsageOnLinkAdded recorded 3 samples, mean = 3.3 (flags = 0x41)
0  -O                                                                        (1 = 33.3%)
1  ... 
4  --O                                                                       (2 = 66.7%) {33.3%}
6  ... 

Histogram: History.VisitedLinks.TryToAddFingerprint recorded 4 samples, mean = 0.8 (flags = 0x41)
0  -O                                                                        (1 = 25.0%)
1  ---O                                                                      (3 = 75.0%) {25.0%}
2  ... 

Histogram: History.VisitedLinks.VisitLoggedFromMainFrame recorded 3 samples, mean = 1.0 (flags = 0x41)
0  O                                                                         (0 = 0.0%)
1  ---O                                                                      (3 = 100.0%) {0.0%}
2  O                                                                         (0 = 0.0%) {100.0%}

Histogram: History.VisitedLinks.VisitLoggedFromTransition recorded 3 samples, mean = 1.7 (flags = 0x41)
0  O                                                                         (0 = 0.0%)
1  -O                                                                        (1 = 33.3%) {0.0%}
2  --O                                                                       (2 = 66.7%) {33.3%}
3  ... 

Histogram: HttpCache.AccessToDone2 recorded 49 samples, mean = 151.8 (flags = 0x41)
0    ... 
8    --O                                                                       (2 = 4.1%) {0.0%}
9    ... 
13   --O                                                                       (2 = 4.1%) {4.1%}
14   -O                                                                        (1 = 2.0%) {8.2%}
15   ... 
20   -O                                                                        (1 = 2.0%) {10.2%}
22   -O                                                                        (1 = 2.0%) {12.2%}
24   -O                                                                        (1 = 2.0%) {14.3%}
26   ... 
54   -O                                                                        (1 = 2.0%) {16.3%}
59   O                                                                         (0 = 0.0%) {18.4%}
65   -O                                                                        (1 = 2.0%) {18.4%}
71   ... 
85   -O                                                                        (1 = 2.0%) {20.4%}
93   -O                                                                        (1 = 2.0%) {22.4%}
102  ------O                                                                   (6 = 12.2%) {24.5%}
112  ---O                                                                      (3 = 6.1%) {36.7%}
123  -----O                                                                    (5 = 10.2%) {42.9%}
135  -------------O                                                            (13 = 26.5%) {53.1%}
148  O                                                                         (0 = 0.0%) {79.6%}
162  -O                                                                        (1 = 2.0%) {79.6%}
177  -O                                                                        (1 = 2.0%) {81.6%}
194  --O                                                                       (2 = 4.1%) {83.7%}
212  -O                                                                        (1 = 2.0%) {87.8%}
232  O                                                                         (0 = 0.0%) {89.8%}
254  -O                                                                        (1 = 2.0%) {89.8%}
278  ... 
333  -O                                                                        (1 = 2.0%) {91.8%}
364  ... 
522  --O                                                                       (2 = 4.1%) {93.9%}
571  ... 
818  -O                                                                        (1 = 2.0%) {98.0%}
895  ... 

Histogram: HttpCache.AccessToDone2.SentRequest recorded 49 samples, mean = 151.8 (flags = 0x41)
0    ... 
8    --O                                                                       (2 = 4.1%) {0.0%}
9    ... 
13   --O                                                                       (2 = 4.1%) {4.1%}
14   -O                                                                        (1 = 2.0%) {8.2%}
15   ... 
20   -O                                                                        (1 = 2.0%) {10.2%}
22   -O                                                                        (1 = 2.0%) {12.2%}
24   -O                                                                        (1 = 2.0%) {14.3%}
26   ... 
54   -O                                                                        (1 = 2.0%) {16.3%}
59   O                                                                         (0 = 0.0%) {18.4%}
65   -O                                                                        (1 = 2.0%) {18.4%}
71   ... 
85   -O                                                                        (1 = 2.0%) {20.4%}
93   -O                                                                        (1 = 2.0%) {22.4%}
102  ------O                                                                   (6 = 12.2%) {24.5%}
112  ---O                                                                      (3 = 6.1%) {36.7%}
123  -----O                                                                    (5 = 10.2%) {42.9%}
135  -------------O                                                            (13 = 26.5%) {53.1%}
148  O                                                                         (0 = 0.0%) {79.6%}
162  -O                                                                        (1 = 2.0%) {79.6%}
177  -O                                                                        (1 = 2.0%) {81.6%}
194  --O                                                                       (2 = 4.1%) {83.7%}
212  -O                                                                        (1 = 2.0%) {87.8%}
232  O                                                                         (0 = 0.0%) {89.8%}
254  -O                                                                        (1 = 2.0%) {89.8%}
278  ... 
333  -O                                                                        (1 = 2.0%) {91.8%}
364  ... 
522  --O                                                                       (2 = 4.1%) {93.9%}
571  ... 
818  -O                                                                        (1 = 2.0%) {98.0%}
895  ... 

Histogram: HttpCache.AddTransactionToEntry recorded 49 samples, mean = 0.0 (flags = 0x41)
0  -------------------------------------------------O                        (49 = 100.0%)
1  ... 

Histogram: HttpCache.BeforeSend recorded 49 samples, mean = 5.2 (flags = 0x41)
0   ------------------O                                                       (18 = 36.7%)
1   ... 
4   ---------------------O                                                    (21 = 42.9%) {36.7%}
5   -O                                                                        (1 = 2.0%) {79.6%}
6   O                                                                         (0 = 0.0%) {81.6%}
7   -O                                                                        (1 = 2.0%) {81.6%}
8   ... 
17  ----O                                                                     (4 = 8.2%) {83.7%}
20  ----O                                                                     (4 = 8.2%) {91.8%}
24  ... 

Histogram: HttpCache.BeforeSend.NotCached recorded 49 samples, mean = 5.2 (flags = 0x41)
0   ------------------O                                                       (18 = 36.7%)
1   ... 
4   ---------------------O                                                    (21 = 42.9%) {36.7%}
5   -O                                                                        (1 = 2.0%) {79.6%}
6   O                                                                         (0 = 0.0%) {81.6%}
7   -O                                                                        (1 = 2.0%) {81.6%}
8   ... 
17  ----O                                                                     (4 = 8.2%) {83.7%}
20  ----O                                                                     (4 = 8.2%) {91.8%}
24  ... 

Histogram: HttpCache.CreateDiskEntry recorded 49 samples, mean = 5.2 (flags = 0x41)
0   ------------------O                                                       (18 = 36.7%)
1   ... 
4   ---------------------O                                                    (21 = 42.9%) {36.7%}
5   -O                                                                        (1 = 2.0%) {79.6%}
6   O                                                                         (0 = 0.0%) {81.6%}
7   -O                                                                        (1 = 2.0%) {81.6%}
8   ... 
17  ----O                                                                     (4 = 8.2%) {83.7%}
20  ----O                                                                     (4 = 8.2%) {91.8%}
24  ... 

Histogram: HttpCache.HardReset recorded 1 samples, mean = 0.0 (flags = 0x40)
0  -O                                                                        (1 = 100.0%)
1  ... 

Histogram: HttpCache.IsNoStore recorded 49 samples, mean = 0.1 (flags = 0x41)
0  --------------------------------------------O                             (44 = 89.8%)
1  -----O                                                                    (5 = 10.2%) {89.8%}
2  O                                                                         (0 = 0.0%) {100.0%}

Histogram: HttpCache.IsNoStore.MainFrameHTML recorded 1 samples, mean = 1.0 (flags = 0x41)
0  O                                                                         (0 = 0.0%)
1  -O                                                                        (1 = 100.0%) {0.0%}
2  O                                                                         (0 = 0.0%) {100.0%}

Histogram: HttpCache.MaxFileSizeOnInit recorded 1 samples, mean = 29296.0 (flags = 0x41)
0      ... 
28965  -O                                                                        (1 = 100.0%) {0.0%}
32969  ... 

Histogram: HttpCache.Pattern recorded 49 samples, mean = 2.0 (flags = 0x41)
0  ... 
2  -------------------------------------------------O                        (49 = 100.0%) {0.0%}
3  ... 

Histogram: HttpCache.Pattern.CSS recorded 7 samples, mean = 2.0 (flags = 0x41)
0  ... 
2  -------O                                                                  (7 = 100.0%) {0.0%}
3  ... 

Histogram: HttpCache.Pattern.CSSThirdParty recorded 7 samples, mean = 2.0 (flags = 0x41)
0  ... 
2  -------O                                                                  (7 = 100.0%) {0.0%}
3  ... 

Histogram: HttpCache.Pattern.Font recorded 5 samples, mean = 2.0 (flags = 0x41)
0  ... 
2  -----O                                                                    (5 = 100.0%) {0.0%}
3  ... 

Histogram: HttpCache.Pattern.FontThirdParty recorded 5 samples, mean = 2.0 (flags = 0x41)
0  ... 
2  -----O                                                                    (5 = 100.0%) {0.0%}
3  ... 

Histogram: HttpCache.Pattern.Image recorded 2 samples, mean = 2.0 (flags = 0x41)
0  ... 
2  --O                                                                       (2 = 100.0%) {0.0%}
3  ... 

Histogram: HttpCache.Pattern.JavaScript recorded 27 samples, mean = 2.0 (flags = 0x41)
0  ... 
2  ---------------------------O                                              (27 = 100.0%) {0.0%}
3  ... 

Histogram: HttpCache.Pattern.JavaScriptThirdParty recorded 26 samples, mean = 2.0 (flags = 0x41)
0  ... 
2  --------------------------O                                               (26 = 100.0%) {0.0%}
3  ... 

Histogram: HttpCache.Pattern.MainFrameHTML recorded 1 samples, mean = 2.0 (flags = 0x41)
0  ... 
2  -O                                                                        (1 = 100.0%) {0.0%}
3  ... 

Histogram: HttpCache.Pattern.NonTinyImage recorded 1 samples, mean = 2.0 (flags = 0x41)
0  ... 
2  -O                                                                        (1 = 100.0%) {0.0%}
3  ... 

Histogram: HttpCache.TotalDiskCacheTimePerTransaction.Write recorded 44 samples, mean = 1.0 (flags = 0x41)
0  ---------------------O                                                    (21 = 47.7%)
1  ----------O                                                               (10 = 22.7%) {47.7%}
2  -----O                                                                    (5 = 11.4%) {70.5%}
3  ------O                                                                   (6 = 13.6%) {81.8%}
4  --O                                                                       (2 = 4.5%) {95.5%}
5  ... 

Histogram: ImageDecoder.Png.UiGfxIntoSkBitmap recorded 1 samples, mean = 78.0 (flags = 0x41)
0   ... 
65  -O                                                                        (1 = 100.0%) {0.0%}
86  ... 

Histogram: ImportantFile.FileReplaceRetryCount recorded 15 samples, mean = 0.0 (flags = 0x41)
0  ---------------O                                                          (15 = 100.0%)
1  ... 

Histogram: ImportantFile.SerializationDuration recorded 2 samples, mean = 0.0 (flags = 0x41)
0  --O                                                                       (2 = 100.0%)
1  ... 

Histogram: ImportantFile.SerializationDuration.BrowsingTopicsState recorded 1 samples, mean = 0.0 (flags = 0x41)
0  -O                                                                        (1 = 100.0%)
1  ... 

Histogram: ImportantFile.SerializationDuration.Local_State recorded 4 samples, mean = 0.0 (flags = 0x41)
0  ----O                                                                     (4 = 100.0%)
1  ... 

Histogram: ImportantFile.SerializationDuration.Preferences recorded 3 samples, mean = 0.0 (flags = 0x41)
0  ---O                                                                      (3 = 100.0%)
1  ... 

Histogram: ImportantFile.SerializationDuration.Secure_Preferences recorded 1 samples, mean = 0.0 (flags = 0x41)
0  -O                                                                        (1 = 100.0%)
1  ... 

Histogram: ImportantFile.SerializationDuration.TransportSecurityPersister recorded 1 samples, mean = 0.0 (flags = 0x41)
0  -O                                                                        (1 = 100.0%)
1  ... 

Histogram: ImportantFile.WriteDuration recorded 2 samples, mean = 25.0 (flags = 0x41)
0   ... 
24  --O                                                                       (2 = 100.0%) {0.0%}
29  ... 

Histogram: ImportantFile.WriteDuration.BrowsingTopicsState recorded 1 samples, mean = 7.0 (flags = 0x41)
0  ... 
7  -O                                                                        (1 = 100.0%) {0.0%}
8  ... 

Histogram: ImportantFile.WriteDuration.Local_State recorded 4 samples, mean = 8.0 (flags = 0x41)
0  ... 
7  -O                                                                        (1 = 25.0%) {0.0%}
8  ---O                                                                      (3 = 75.0%) {25.0%}
10 ... 

Histogram: ImportantFile.WriteDuration.Preferences recorded 3 samples, mean = 10.7 (flags = 0x41)
0   ... 
8   -O                                                                        (1 = 33.3%) {0.0%}
10  O                                                                         (0 = 0.0%) {33.3%}
12  --O                                                                       (2 = 66.7%) {33.3%}
14  ... 

Histogram: ImportantFile.WriteDuration.SCTAuditing recorded 2 samples, mean = 16.5 (flags = 0x41)
0   ... 
5   -O                                                                        (1 = 50.0%) {0.0%}
6   ... 
24  -O                                                                        (1 = 50.0%) {50.0%}
29  ... 

Histogram: ImportantFile.WriteDuration.Secure_Preferences recorded 1 samples, mean = 9.0 (flags = 0x41)
0  ... 
8  -O                                                                        (1 = 100.0%) {0.0%}
10 ... 

Histogram: ImportantFile.WriteDuration.TransportSecurityPersister recorded 1 samples, mean = 9.0 (flags = 0x41)
0  ... 
8  -O                                                                        (1 = 100.0%) {0.0%}
10 ... 

Histogram: ImportantFile.WriteDuration.TrustedVault recorded 1 samples, mean = 9.0 (flags = 0x41)
0  ... 
8  -O                                                                        (1 = 100.0%) {0.0%}
10 ... 

Histogram: InProductHelp.Config.ParsingEvent recorded 68 samples, mean = 6.4 (flags = 0x41)
0   -----------------------------O                                            (29 = 42.6%)
1   O                                                                         (0 = 0.0%) {42.6%}
2   ---------O                                                                (9 = 13.2%) {42.6%}
3   ... 
14  ------------------------------O                                           (30 = 44.1%) {55.9%}
15  ... 

Histogram: InProductHelp.Db.Init.AvailabilityStore recorded 1 samples, mean = 0.0 (flags = 0x41)
0  -O                                                                        (1 = 100.0%)
1  ... 

Histogram: InProductHelp.Db.Init.EventStore recorded 1 samples, mean = 0.0 (flags = 0x41)
0  -O                                                                        (1 = 100.0%)
1  ... 

Histogram: IndexedDB.ContextShutdownDuration recorded 1 samples, mean = 0.0 (flags = 0x41)
0  -O                                                                        (1 = 100.0%)
1  ... 

Histogram: Input.Digitizer.MaxTouchPointsSupportedBySystemAtStartup recorded 1 samples, mean = 0.0 (flags = 0x41)
0  -O                                                                        (1 = 100.0%)
1  ... 

Histogram: Input.PointerTypePrimary recorded 1 samples, mean = 2.0 (flags = 0x41)
0  ... 
2  -O                                                                        (1 = 100.0%) {0.0%}
3  O                                                                         (0 = 0.0%) {100.0%}

Histogram: Input.PointerTypesAll recorded 1 samples, mean = 2.0 (flags = 0x41)
0  ... 
2  -O                                                                        (1 = 100.0%) {0.0%}
3  ... 

Histogram: LanguageDetection.TFLiteModel.WasModelRequestDeferred recorded 2 samples, mean = 1.0 (flags = 0x41)
0  O                                                                         (0 = 0.0%)
1  --O                                                                       (2 = 100.0%) {0.0%}
2  O                                                                         (0 = 0.0%) {100.0%}

Histogram: LanguageUsage.AcceptLanguage recorded 2 samples (flags = 0x41)
25966  -O                                                                        (1 = 50.0%)
27233  -O                                                                        (1 = 50.0%)

Histogram: LanguageUsage.AcceptLanguage.Count recorded 1 samples, mean = 2.0 (flags = 0x41)
0  ... 
2  -O                                                                        (1 = 100.0%) {0.0%}
3  ... 

Histogram: LanguageUsage.AcceptLanguageAndContentLanguageUsage recorded 1 samples, mean = 0.0 (flags = 0x41)
0  -O                                                                        (1 = 100.0%)
1  ... 

Histogram: LanguageUsage.AcceptLanguageAndXmlHtmlLangUsage recorded 1 samples, mean = 7.0 (flags = 0x41)
0  ... 
7  -O                                                                        (1 = 100.0%) {0.0%}
8  O                                                                         (0 = 0.0%) {100.0%}

Histogram: LevelDB.ApproximateMemTableMemoryUse.BudgetManager recorded 0 samples (flags = 0x41)
0 ... 

Histogram: LevelDB.ApproximateMemTableMemoryUse.CartDatabase recorded 0 samples (flags = 0x41)
0 ... 

Histogram: LevelDB.ApproximateMemTableMemoryUse.ClientCertificatesDatabase recorded 0 samples (flags = 0x41)
0 ... 

Histogram: LevelDB.ApproximateMemTableMemoryUse.CommerceParcelTrackingDatabase recorded 0 samples (flags = 0x41)
0 ... 

Histogram: LevelDB.ApproximateMemTableMemoryUse.CommerceSubscriptionDatabase recorded 0 samples (flags = 0x41)
0 ... 

Histogram: LevelDB.ApproximateMemTableMemoryUse.CouponDatabase recorded 0 samples (flags = 0x41)
0 ... 

Histogram: LevelDB.ApproximateMemTableMemoryUse.DiscountsDatabase recorded 0 samples (flags = 0x41)
0 ... 

Histogram: LevelDB.ApproximateMemTableMemoryUse.DownloadDB recorded 0 samples (flags = 0x41)
0 ... 

Histogram: LevelDB.ApproximateMemTableMemoryUse.DownloadService recorded 0 samples (flags = 0x41)
0 ... 

Histogram: LevelDB.ApproximateMemTableMemoryUse.FeatureEngagementTrackerAvailabilityStore recorded 0 samples (flags = 0x41)
0 ... 

Histogram: LevelDB.ApproximateMemTableMemoryUse.FeatureEngagementTrackerEventStore recorded 0 samples (flags = 0x41)
0 ... 

Histogram: LevelDB.ApproximateMemTableMemoryUse.Metadata recorded 0 samples (flags = 0x41)
0 ... 

Histogram: LevelDB.ApproximateMemTableMemoryUse.PersistentOriginTrials recorded 0 samples (flags = 0x41)
0 ... 

Histogram: LevelDB.ApproximateMemTableMemoryUse.PreviewsHintCacheStore recorded 0 samples (flags = 0x41)
0 ... 

Histogram: LevelDB.ApproximateMemTableMemoryUse.SegmentInfoDatabase recorded 0 samples (flags = 0x41)
0 ... 

Histogram: LevelDB.ApproximateMemTableMemoryUse.SharedProtoDB recorded 0 samples (flags = 0x41)
0 ... 

Histogram: LevelDB.ApproximateMemTableMemoryUse.SignalDatabase recorded 0 samples (flags = 0x41)
0 ... 

Histogram: LevelDB.ApproximateMemTableMemoryUse.SignalStorageConfigDatabase recorded 0 samples (flags = 0x41)
0 ... 

Histogram: LevelDB.ApproximateMemTableMemoryUse.StrikeService recorded 0 samples (flags = 0x41)
0 ... 

Histogram: LevelDBEnv.DeleteTableBackupFile recorded 0 samples (flags = 0x41)
0 ... 

Histogram: LevelDBEnv.SyncResult recorded 6 samples, mean = 0.0 (flags = 0x41)
0  ------O                                                                   (6 = 100.0%)
1  ... 

Histogram: LevelDBWrapper.CommitDelay recorded 2 samples, mean = 5000.0 (flags = 0x41)
0     ... 
4516  --O                                                                       (2 = 100.0%) {0.0%}
6118  ... 

Histogram: LoadingPredictor.PreconnectCount recorded 1 samples, mean = 1.0 (flags = 0x41)
0  O                                                                         (0 = 0.0%)
1  -O                                                                        (1 = 100.0%) {0.0%}
2  ... 

Histogram: LoadingPredictor.PreconnectHitsPercentage recorded 1 samples, mean = 100.0 (flags = 0x41)
0    ... 
100  -O                                                                        (1 = 100.0%) {0.0%}
101  O                                                                         (0 = 0.0%) {100.0%}

Histogram: LoadingPredictor.PreconnectLearningCount.Navigation recorded 1 samples, mean = 5.0 (flags = 0x41)
0  ... 
5  -O                                                                        (1 = 100.0%) {0.0%}
6  ... 

Histogram: LoadingPredictor.PreconnectLearningPrecision.Navigation recorded 1 samples, mean = 60.0 (flags = 0x41)
0   ... 
60  -O                                                                        (1 = 100.0%) {0.0%}
61  ... 

Histogram: LoadingPredictor.PreconnectLearningRecall.Navigation recorded 1 samples, mean = 75.0 (flags = 0x41)
0   ... 
75  -O                                                                        (1 = 100.0%) {0.0%}
76  ... 

Histogram: LoadingPredictor.PreconnectLearningRedirectStatus.Navigation recorded 1 samples, mean = 0.0 (flags = 0x41)
0  -O                                                                        (1 = 100.0%)
1  ... 

Histogram: LoadingPredictor.PredictorDatabaseFileSize recorded 1 samples, mean = 44.0 (flags = 0x41)
0   ... 
37  -O                                                                        (1 = 100.0%) {0.0%}
49  ... 

Histogram: LoadingPredictor.PreresolveCount recorded 1 samples, mean = 1.0 (flags = 0x41)
0  O                                                                         (0 = 0.0%)
1  -O                                                                        (1 = 100.0%) {0.0%}
2  ... 

Histogram: LoadingPredictor.PreresolveHitsPercentage recorded 1 samples, mean = 100.0 (flags = 0x41)
0    ... 
100  -O                                                                        (1 = 100.0%) {0.0%}
101  O                                                                         (0 = 0.0%) {100.0%}

Histogram: LocalStorage.MojoSizeInKB recorded 1 samples, mean = 0.0 (flags = 0x41)
0  -O                                                                        (1 = 100.0%)
1  ... 

Histogram: LocalStorage.MojoTimeToPrime recorded 1 samples, mean = 0.0 (flags = 0x41)
0  -O                                                                        (1 = 100.0%)
1  ... 

Histogram: LocalStorage.MojoTimeToPrimeForUnder100KB recorded 1 samples, mean = 0.0 (flags = 0x41)
0  -O                                                                        (1 = 100.0%)
1  ... 

Histogram: LocalStorage.RendererAreaCacheHit recorded 2 samples, mean = 1.0 (flags = 0x41)
0  -O                                                                        (1 = 50.0%)
1  O                                                                         (0 = 0.0%) {50.0%}
2  -O                                                                        (1 = 50.0%) {50.0%}
3  O                                                                         (0 = 0.0%) {100.0%}

Histogram: LocalStorageContext.ShutDown.MaybeDroppedChanges recorded 1 samples, mean = 0.0 (flags = 0x40)
0  -O                                                                        (1 = 100.0%)
1  ... 

Histogram: MPArch.ChildProcessLaunchFirst recorded 1 samples, mean = 6.0 (flags = 0x41)
0  ... 
6  -O                                                                        (1 = 100.0%) {0.0%}
7  ... 

Histogram: MPArch.ChildProcessLaunchSubsequent recorded 7 samples, mean = 5.7 (flags = 0x41)
0   ... 
4   ---O                                                                      (3 = 42.9%) {0.0%}
5   -O                                                                        (1 = 14.3%) {42.9%}
6   --O                                                                       (2 = 28.6%) {57.1%}
7   ... 
10  -O                                                                        (1 = 14.3%) {85.7%}
12  ... 

Histogram: ManagedUsers.BlockedIframeCount recorded 1 samples, mean = 0.0 (flags = 0x41)
0  -O                                                                        (1 = 100.0%)
1  ... 

Histogram: Manifest.HasProperty.description recorded 1 samples, mean = 0.0 (flags = 0x41)
0  -O                                                                        (1 = 100.0%)
1  ... 

Histogram: Manifest.HasProperty.display recorded 1 samples, mean = 1.0 (flags = 0x41)
0  O                                                                         (0 = 0.0%)
1  -O                                                                        (1 = 100.0%) {0.0%}
2  O                                                                         (0 = 0.0%) {100.0%}

Histogram: Manifest.HasProperty.gcm_sender_id recorded 1 samples, mean = 0.0 (flags = 0x41)
0  -O                                                                        (1 = 100.0%)
1  ... 

Histogram: Manifest.HasProperty.icons recorded 1 samples, mean = 1.0 (flags = 0x41)
0  O                                                                         (0 = 0.0%)
1  -O                                                                        (1 = 100.0%) {0.0%}
2  O                                                                         (0 = 0.0%) {100.0%}

Histogram: Manifest.HasProperty.name recorded 1 samples, mean = 1.0 (flags = 0x41)
0  O                                                                         (0 = 0.0%)
1  -O                                                                        (1 = 100.0%) {0.0%}
2  O                                                                         (0 = 0.0%) {100.0%}

Histogram: Manifest.HasProperty.orientation recorded 1 samples, mean = 0.0 (flags = 0x41)
0  -O                                                                        (1 = 100.0%)
1  ... 

Histogram: Manifest.HasProperty.protocol_handlers recorded 1 samples, mean = 0.0 (flags = 0x41)
0  -O                                                                        (1 = 100.0%)
1  ... 

Histogram: Manifest.HasProperty.screenshots recorded 1 samples, mean = 0.0 (flags = 0x41)
0  -O                                                                        (1 = 100.0%)
1  ... 

Histogram: Manifest.HasProperty.share_target recorded 1 samples, mean = 0.0 (flags = 0x41)
0  -O                                                                        (1 = 100.0%)
1  ... 

Histogram: Manifest.HasProperty.short_name recorded 1 samples, mean = 1.0 (flags = 0x41)
0  O                                                                         (0 = 0.0%)
1  -O                                                                        (1 = 100.0%) {0.0%}
2  O                                                                         (0 = 0.0%) {100.0%}

Histogram: Manifest.HasProperty.start_url recorded 1 samples, mean = 1.0 (flags = 0x41)
0  O                                                                         (0 = 0.0%)
1  -O                                                                        (1 = 100.0%) {0.0%}
2  O                                                                         (0 = 0.0%) {100.0%}

Histogram: Manifest.ParseIdResult recorded 1 samples, mean = 1.0 (flags = 0x41)
0  O                                                                         (0 = 0.0%)
1  -O                                                                        (1 = 100.0%) {0.0%}
2  ... 

Histogram: Media.GPU.VideoDecoderType recorded 1 samples, mean = 11.0 (flags = 0x41)
0   ... 
11  -O                                                                        (1 = 100.0%) {0.0%}
12  ... 

Histogram: Media.MediaHistory.DatabaseExists recorded 1 samples, mean = 0.0 (flags = 0x41)
0  -O                                                                        (1 = 100.0%)
1  ... 

Histogram: MediaRouter.Cast.Discovery.ConnectedDevicesCount recorded 1 samples, mean = 0.0 (flags = 0x41)
0  -O                                                                        (1 = 100.0%)
1  ... 

Histogram: MediaRouter.Cast.Discovery.KnownDevicesCount recorded 1 samples, mean = 0.0 (flags = 0x41)
0  -O                                                                        (1 = 100.0%)
1  ... 

Histogram: MediaRouter.Dial.AvailableDevicesCount recorded 1 samples, mean = 0.0 (flags = 0x41)
0  -O                                                                        (1 = 100.0%)
1  ... 

Histogram: MediaRouter.Dial.KnownDevicesCount recorded 1 samples, mean = 0.0 (flags = 0x41)
0  -O                                                                        (1 = 100.0%)
1  ... 

Histogram: Memory.Discardable.FreelistSize.Foreground recorded 4 samples, mean = 1023.0 (flags = 0x41)
0     ---O                                                                      (3 = 75.0%)
1     ... 
4053  -O                                                                        (1 = 25.0%) {75.0%}
5338  ... 

Histogram: Memory.Discardable.Size.Foreground recorded 4 samples, mean = 1.0 (flags = 0x41)
0  ---O                                                                      (3 = 75.0%)
1  ... 
4  -O                                                                        (1 = 25.0%) {75.0%}
5  ... 

Histogram: Memory.Discardable.VirtualSize.Foreground recorded 4 samples, mean = 1024.0 (flags = 0x41)
0     ---O                                                                      (3 = 75.0%)
1     ... 
4053  -O                                                                        (1 = 25.0%) {75.0%}
5338  ... 

Histogram: Memory.DiscardableAllocationSize recorded 1 samples, mean = 4.0 (flags = 0x41)
0  ... 
4  -O                                                                        (1 = 100.0%) {0.0%}
5  ... 

Histogram: Memory.Experimental.AvailableMemoryMB recorded 619 samples, mean = 15152.6 (flags = 0x41)
0      ... 
7237   -O                                                                        (3 = 0.5%) {0.0%}
7991   --O                                                                       (7 = 1.1%) {0.5%}
8823   -------O                                                                  (28 = 4.5%) {1.6%}
9742   ----------O                                                               (40 = 6.5%) {6.1%}
10757  --O                                                                       (10 = 1.6%) {12.6%}
11877  O                                                                         (0 = 0.0%) {14.2%}
13114  O                                                                         (1 = 0.2%) {14.2%}
14480  ------------------------------------------------------------------------O (296 = 47.8%) {14.4%}
15988  -----------------------------------------------------O                    (219 = 35.4%) {62.2%}
17653  ----O                                                                     (15 = 2.4%) {97.6%}
19492  ... 

Histogram: Memory.Experimental.AvailableMemoryPercent recorded 619 samples, mean = 46.0 (flags = 0x41)
0   ... 
24  --O                                                                       (4 = 0.6%) {0.0%}
25  O                                                                         (0 = 0.0%) {0.6%}
26  --O                                                                       (5 = 0.8%) {0.6%}
27  --O                                                                       (4 = 0.6%) {1.5%}
28  -O                                                                        (2 = 0.3%) {2.1%}
29  ----------O                                                               (27 = 4.4%) {2.4%}
30  --O                                                                       (6 = 1.0%) {6.8%}
31  ---O                                                                      (8 = 1.3%) {7.8%}
32  --------O                                                                 (22 = 3.6%) {9.0%}
33  ----O                                                                     (10 = 1.6%) {12.6%}
34  ... 
40  O                                                                         (1 = 0.2%) {14.2%}
41  ... 
44  ---O                                                                      (7 = 1.1%) {14.4%}
45  ---------O                                                                (24 = 3.9%) {15.5%}
46  ------------------------------------------------------------------------O (187 = 30.2%) {19.4%}
47  -------------------------O                                                (65 = 10.5%) {49.6%}
48  -----O                                                                    (13 = 2.1%) {60.1%}
49  ---------O                                                                (24 = 3.9%) {62.2%}
50  --------------O                                                           (37 = 6.0%) {66.1%}
51  -------------O                                                            (33 = 5.3%) {72.1%}
52  ------------------O                                                       (48 = 7.8%) {77.4%}
53  ----------------------------O                                             (72 = 11.6%) {85.1%}
54  -----O                                                                    (14 = 2.3%) {96.8%}
55  --O                                                                       (4 = 0.6%) {99.0%}
56  -O                                                                        (2 = 0.3%) {99.7%}
57  ... 

Histogram: Memory.Experimental.Renderer.HighestPrivateMemoryFootprint.0to2min recorded 1 samples, mean = 104.0 (flags = 0x41)
0   ... 
95  -O                                                                        (1 = 100.0%) {0.0%}
107 ... 

Histogram: Memory.Experimental.Renderer.HighestPrivateMemoryFootprint.2to4min recorded 1 samples, mean = 71.0 (flags = 0x41)
0   ... 
67  -O                                                                        (1 = 100.0%) {0.0%}
75  ... 

Histogram: Memory.Experimental.Renderer.HighestPrivateMemoryFootprint.4to8min recorded 1 samples, mean = 71.0 (flags = 0x41)
0   ... 
67  -O                                                                        (1 = 100.0%) {0.0%}
75  ... 

Histogram: Memory.Experimental.Renderer.HighestPrivateMemoryFootprint.8to16min recorded 1 samples, mean = 69.0 (flags = 0x41)
0   ... 
67  -O                                                                        (1 = 100.0%) {0.0%}
75  ... 

Histogram: Memory.GPU.PeakMemoryAllocationSource2.PageLoad.SharedContextState recorded 1 samples, mean = 0.0 (flags = 0x41)
0  -O                                                                        (1 = 100.0%)
1  ... 

Histogram: Memory.GPU.PeakMemoryAllocationSource2.PageLoad.SharedImageStub recorded 1 samples, mean = 0.0 (flags = 0x41)
0  -O                                                                        (1 = 100.0%)
1  ... 

Histogram: Memory.GPU.PeakMemoryAllocationSource2.PageLoad.Skia recorded 1 samples, mean = 0.0 (flags = 0x41)
0  -O                                                                        (1 = 100.0%)
1  ... 

Histogram: Memory.GPU.PeakMemoryUsage2.PageLoad recorded 1 samples, mean = 0.0 (flags = 0x41)
0  -O                                                                        (1 = 100.0%)
1  ... 

Histogram: Memory.ParkableString.Compression.Latency recorded 19 samples, mean = 17155.3 (flags = 0x41)
0       -O                                                                        (1 = 5.3%)
500     ... 
929     -O                                                                        (1 = 5.3%) {5.3%}
1004    O                                                                         (0 = 0.0%) {10.5%}
1085    -O                                                                        (1 = 5.3%) {10.5%}
1173    O                                                                         (0 = 0.0%) {15.8%}
1268    -O                                                                        (1 = 5.3%) {15.8%}
1370    ... 
1728    -O                                                                        (1 = 5.3%) {21.1%}
1867    -O                                                                        (1 = 5.3%) {26.3%}
2018    ... 
2752    ----O                                                                     (4 = 21.1%) {31.6%}
2974    -O                                                                        (1 = 5.3%) {52.6%}
3214    ... 
3753    -O                                                                        (1 = 5.3%) {57.9%}
4056    O                                                                         (0 = 0.0%) {63.2%}
4383    -O                                                                        (1 = 5.3%) {63.2%}
4737    ... 
6460    -O                                                                        (1 = 5.3%) {68.4%}
6981    ... 
14032   -O                                                                        (1 = 5.3%) {73.7%}
15164   ... 
17709   --O                                                                       (2 = 10.5%) {78.9%}
19137   ... 
24152   -O                                                                        (1 = 5.3%) {89.5%}
26100   ... 
211947  -O                                                                        (1 = 5.3%) {94.7%}
229042  ... 

Histogram: Memory.ParkableString.Compression.SizeKb recorded 19 samples, mean = 611.8 (flags = 0x41)
0     ... 
14    -O                                                                        (1 = 5.3%) {0.0%}
16    ... 
20    -O                                                                        (1 = 5.3%) {5.3%}
23    ... 
29    --O                                                                       (2 = 10.5%) {10.5%}
33    ... 
60    -O                                                                        (1 = 5.3%) {21.1%}
67    O                                                                         (0 = 0.0%) {26.3%}
75    -O                                                                        (1 = 5.3%) {26.3%}
84    -O                                                                        (1 = 5.3%) {31.6%}
95    O                                                                         (0 = 0.0%) {36.8%}
107   -O                                                                        (1 = 5.3%) {36.8%}
120   O                                                                         (0 = 0.0%) {42.1%}
135   --O                                                                       (2 = 10.5%) {42.1%}
152   O                                                                         (0 = 0.0%) {52.6%}
171   --O                                                                       (2 = 10.5%) {52.6%}
192   O                                                                         (0 = 0.0%) {63.2%}
216   -O                                                                        (1 = 5.3%) {63.2%}
243   ... 
307   -O                                                                        (1 = 5.3%) {68.4%}
345   ... 
623   -O                                                                        (1 = 5.3%) {73.7%}
701   -O                                                                        (1 = 5.3%) {78.9%}
789   --O                                                                       (2 = 10.5%) {84.2%}
888   O                                                                         (0 = 0.0%) {94.7%}
1000  -O                                                                        (1 = 5.3%) {94.7%}

Histogram: Memory.ParkableString.Decompression.Latency recorded 3 samples, mean = 753.7 (flags = 0x41)
0     -O                                                                        (1 = 33.3%)
500   O                                                                         (0 = 0.0%) {33.3%}
540   -O                                                                        (1 = 33.3%) {33.3%}
584   ... 
1268  -O                                                                        (1 = 33.3%) {66.7%}
1370  ... 

Histogram: Memory.ParkableString.Decompression.ThroughputMBps recorded 3 samples, mean = 138.3 (flags = 0x41)
0    ... 
75   -O                                                                        (1 = 33.3%) {0.0%}
84   ... 
120  -O                                                                        (1 = 33.3%) {33.3%}
135  ... 
192  -O                                                                        (1 = 33.3%) {66.7%}
216  ... 

Histogram: Memory.ParkableString.DiskReadTime.5min recorded 1 samples, mean = 0.0 (flags = 0x41)
0  -O                                                                        (1 = 100.0%)
1  ... 

Histogram: Memory.ParkableString.DiskWriteTime.5min recorded 1 samples, mean = 10.0 (flags = 0x41)
0   ... 
10  -O                                                                        (1 = 100.0%) {0.0%}
12  ... 

Histogram: Memory.ParkableString.OnDiskSizeKb.5min recorded 1 samples, mean = 2123.0 (flags = 0x41)
0     ... 
1757  -O                                                                        (1 = 100.0%) {0.0%}
2199  ... 

Histogram: Memory.ParkableString.Read.Latency recorded 3 samples, mean = 485.7 (flags = 0x41)
0    --O                                                                       (2 = 66.7%)
500  ... 
682  -O                                                                        (1 = 33.3%) {66.7%}
737  ... 

Histogram: Memory.ParkableString.TotalParkingThreadTime.5min recorded 1 samples, mean = 309.0 (flags = 0x41)
0    ... 
268  -O                                                                        (1 = 100.0%) {0.0%}
318  ... 

Histogram: Memory.ParkableString.TotalUnparkingTime.5min recorded 1 samples, mean = 0.0 (flags = 0x41)
0  -O                                                                        (1 = 100.0%)
1  ... 

Histogram: Memory.PartitionAlloc.MemoryReclaim recorded 74500 samples, mean = 243.2 (flags = 0x41)
0     ... 
37    O                                                                         (83 = 0.1%) {0.0%}
49    -------------------------------------O                                    (9124 = 12.2%) {0.1%}
65    -------------------------------------------------------O                  (13490 = 18.1%) {12.4%}
86    -------------------O                                                      (4607 = 6.2%) {30.5%}
113   ------------------------O                                                 (5976 = 8.0%) {36.6%}
149   ------------O                                                             (3018 = 4.1%) {44.7%}
196   --------------------O                                                     (5048 = 6.8%) {48.7%}
258   -------------------------------O                                          (7571 = 10.2%) {55.5%}
340   ------------------------------------------------------------------------O (17806 = 23.9%) {65.7%}
448   ---------------------O                                                    (5276 = 7.1%) {89.6%}
590   --------O                                                                 (1909 = 2.6%) {96.6%}
777   --O                                                                       (448 = 0.6%) {99.2%}
1023  O                                                                         (113 = 0.2%) {99.8%}
1347  O                                                                         (22 = 0.0%) {100.0%}
1774  O                                                                         (6 = 0.0%) {100.0%}
2336  O                                                                         (3 = 0.0%) {100.0%}
3077  ... 

Histogram: Memory.PartitionAlloc.PartitionRoot.ExtrasSize recorded 1 samples, mean = 4.0 (flags = 0x41)
0  ... 
4  -O                                                                        (1 = 100.0%) {0.0%}
5  ... 

Histogram: Memory.PartitionAlloc.PeriodicPurge recorded 7523 samples, mean = 26.1 (flags = 0x41)
0    ... 
3    O                                                                         (3 = 0.0%) {0.0%}
4    -O                                                                        (14 = 0.2%) {0.0%}
5    -------O                                                                  (197 = 2.6%) {0.2%}
7    -------------O                                                            (358 = 4.8%) {2.8%}
9    ---------------O                                                          (393 = 5.2%) {7.6%}
12   -----------------------O                                                  (612 = 8.1%) {12.8%}
16   -------------------------------------------------------------O            (1635 = 21.7%) {21.0%}
21   ------------------------------------------------------------------------O (1942 = 25.8%) {42.7%}
28   -----------------------------------------O                                (1108 = 14.7%) {68.5%}
37   -----------------------------O                                            (788 = 10.5%) {83.2%}
49   -----------O                                                              (291 = 3.9%) {93.7%}
65   ----O                                                                     (101 = 1.3%) {97.6%}
86   -O                                                                        (33 = 0.4%) {98.9%}
113  -O                                                                        (18 = 0.2%) {99.4%}
149  O                                                                         (12 = 0.2%) {99.6%}
196  O                                                                         (8 = 0.1%) {99.8%}
258  O                                                                         (5 = 0.1%) {99.9%}
340  O                                                                         (4 = 0.1%) {99.9%}
448  O                                                                         (0 = 0.0%) {100.0%}
590  O                                                                         (1 = 0.0%) {100.0%}
777  ... 

Histogram: Memory.PressureLevel2 recorded 74985 samples, mean = 0.0 (flags = 0x41)
0  ------------------------------------------------------------------------O (74985 = 100.0%)
1  ... 

Histogram: Mojo.Channel.WriteReceiveMessageProcessType recorded 10 samples, mean = 2.6 (flags = 0x41)
0   -----O                                                                    (5 = 50.0%)
1   O                                                                         (0 = 0.0%) {50.0%}
2   ---O                                                                      (3 = 30.0%) {50.0%}
3   ... 
10  --O                                                                       (2 = 20.0%) {80.0%}
11  ... 

Histogram: Mojo.InvalidUTF8String recorded 620 samples, mean = 0.0 (flags = 0x41)
0  ------------------------------------------------------------------------O (620 = 100.0%)
1  ... 

Histogram: NQE.ContentObserver.NetworkQualityMeaningfullyChanged recorded 8 samples, mean = 0.8 (flags = 0x40)
0  --O                                                                       (2 = 25.0%)
1  ------O                                                                   (6 = 75.0%) {25.0%}
2  O                                                                         (0 = 0.0%) {100.0%}

Histogram: NQE.RTT.Error.Absolute recorded 45 samples, mean = 46.7 (flags = 0x41)
0    ------O                                                                   (6 = 13.3%)
1    -O                                                                        (1 = 2.2%) {13.3%}
2    -O                                                                        (1 = 2.2%) {15.6%}
3    ... 
6    ------O                                                                   (6 = 13.3%) {17.8%}
7    ... 
20   -O                                                                        (1 = 2.2%) {31.1%}
24   ------------O                                                             (12 = 26.7%) {33.3%}
29   ---O                                                                      (3 = 6.7%) {60.0%}
34   -----O                                                                    (5 = 11.1%) {66.7%}
40   ... 
68   -O                                                                        (1 = 2.2%) {77.8%}
81   ... 
114  -O                                                                        (1 = 2.2%) {80.0%}
135  ------O                                                                   (6 = 13.3%) {82.2%}
160  --O                                                                       (2 = 4.4%) {95.6%}
190  ... 

Histogram: NQE.RTT.Error.IsZero recorded 45 samples, mean = 0.0 (flags = 0x41)
0  ---------------------------------------------O                            (45 = 100.0%)
1  ... 

Histogram: NQE.RTT.Error.Negative recorded 14 samples, mean = 68.9 (flags = 0x41)
0    ... 
20   -O                                                                        (1 = 7.1%) {0.0%}
24   -O                                                                        (1 = 7.1%) {7.1%}
29   ---O                                                                      (3 = 21.4%) {14.3%}
34   -----O                                                                    (5 = 35.7%) {35.7%}
40   ... 
135  ---O                                                                      (3 = 21.4%) {71.4%}
160  -O                                                                        (1 = 7.1%) {92.9%}
190  ... 

Histogram: NQE.RTT.Error.Positive recorded 31 samples, mean = 36.7 (flags = 0x41)
0    ------O                                                                   (6 = 19.4%)
1    -O                                                                        (1 = 3.2%) {19.4%}
2    -O                                                                        (1 = 3.2%) {22.6%}
3    ... 
6    ------O                                                                   (6 = 19.4%) {25.8%}
7    ... 
24   -----------O                                                              (11 = 35.5%) {45.2%}
29   ... 
68   -O                                                                        (1 = 3.2%) {80.6%}
81   ... 
114  -O                                                                        (1 = 3.2%) {83.9%}
135  ---O                                                                      (3 = 9.7%) {87.1%}
160  -O                                                                        (1 = 3.2%) {96.8%}
190  ... 

Histogram: NQE.RenderThreadNotified recorded 15 samples, mean = 1.0 (flags = 0x40)
0  O                                                                         (0 = 0.0%)
1  ---------------O                                                          (15 = 100.0%) {0.0%}
2  O                                                                         (0 = 0.0%) {100.0%}

Histogram: Navigation.BeginNavigationImpl.MainFrame recorded 2 samples, mean = 0.0 (flags = 0x41)
0  --O                                                                       (2 = 100.0%)
1  ... 

Histogram: Navigation.BrowserInitiatedSessionHistoryCount recorded 1 samples, mean = 0.0 (flags = 0x41)
0  -O                                                                        (1 = 100.0%)
1  ... 

Histogram: Navigation.CommitRenderFrame recorded 1 samples, mean = 6.0 (flags = 0x41)
0  ... 
6  -O                                                                        (1 = 100.0%) {0.0%}
7  ... 

Histogram: Navigation.CommitToCompositorCreation recorded 1 samples, mean = 22.0 (flags = 0x41)
0   ... 
21  -O                                                                        (1 = 100.0%) {0.0%}
27  ... 

Histogram: Navigation.CompositorRequestedBeforeCommit2 recorded 1 samples, mean = 0.0 (flags = 0x41)
0  -O                                                                        (1 = 100.0%)
1  ... 

Histogram: Navigation.CompositorRequestedBeforeSwapRFH2 recorded 1 samples, mean = 0.0 (flags = 0x41)
0  -O                                                                        (1 = 100.0%)
1  ... 

Histogram: Navigation.CreateSpeculativeRFH recorded 1 samples, mean = 1.0 (flags = 0x41)
0  O                                                                         (0 = 0.0%)
1  -O                                                                        (1 = 100.0%) {0.0%}
2  ... 

Histogram: Navigation.DidCommitSameDocumentNavigation.Duration recorded 1 samples, mean = 0.0 (flags = 0x41)
0  -O                                                                        (1 = 100.0%)
1  ... 

Histogram: Navigation.DidStartLoading.MainFrame recorded 3 samples, mean = 0.0 (flags = 0x41)
0  ---O                                                                      (3 = 100.0%)
1  ... 

Histogram: Navigation.DidStartLoading.Subframe recorded 2 samples, mean = 0.0 (flags = 0x41)
0  --O                                                                       (2 = 100.0%)
1  ... 

Histogram: Navigation.EarlyRenderFrameHostSwapType recorded 6 samples, mean = 0.0 (flags = 0x41)
0  ------O                                                                   (6 = 100.0%)
1  ... 

Histogram: Navigation.EngagementTime.HTTPS recorded 1 samples, mean = 74983096.0 (flags = 0x41)
0        ... 
3600000  -O                                                                        (1 = 100.0%) {0.0%}

Histogram: Navigation.GetFrameHostForNavigation recorded 4 samples, mean = 1.2 (flags = 0x41)
0  --O                                                                       (2 = 50.0%)
1  -O                                                                        (1 = 25.0%) {50.0%}
2  ... 
4  -O                                                                        (1 = 25.0%) {75.0%}
5  ... 

Histogram: Navigation.GetFrameHostForNavigationTime.InDidCreateNavigationRequest.IsHTTPOrHTTPS recorded 3 samples, mean = 1523.3 (flags = 0x41)
0     ... 
76    --O                                                                       (2 = 66.7%) {0.0%}
105   ... 
3865  -O                                                                        (1 = 33.3%) {66.7%}
5362  ... 

Histogram: Navigation.IsGuest recorded 1 samples, mean = 0.0 (flags = 0x41)
0  -O                                                                        (1 = 100.0%)
1  ... 

Histogram: Navigation.IsLockedProcess recorded 1 samples, mean = 1.0 (flags = 0x41)
0  O                                                                         (0 = 0.0%)
1  -O                                                                        (1 = 100.0%) {0.0%}
2  O                                                                         (0 = 0.0%) {100.0%}

Histogram: Navigation.IsLockedProcess.HTTPOrHTTPS recorded 1 samples, mean = 1.0 (flags = 0x41)
0  O                                                                         (0 = 0.0%)
1  -O                                                                        (1 = 100.0%) {0.0%}
2  O                                                                         (0 = 0.0%) {100.0%}

Histogram: Navigation.IsProcessBackgrounded.OnCommit recorded 1 samples, mean = 0.0 (flags = 0x41)
0  -O                                                                        (1 = 100.0%)
1  ... 

Histogram: Navigation.IsProcessBackgrounded.OnDOMContentLoaded recorded 1 samples, mean = 0.0 (flags = 0x41)
0  -O                                                                        (1 = 100.0%)
1  ... 

Histogram: Navigation.IsSameBrowsingInstance recorded 1 samples, mean = 0.0 (flags = 0x41)
0  -O                                                                        (1 = 100.0%)
1  ... 

Histogram: Navigation.IsSameSiteInstance recorded 1 samples, mean = 0.0 (flags = 0x41)
0  -O                                                                        (1 = 100.0%)
1  ... 

Histogram: Navigation.IsSameSiteInstance.MainFrame recorded 1 samples, mean = 0.0 (flags = 0x41)
0  -O                                                                        (1 = 100.0%)
1  ... 

Histogram: Navigation.LoaderCreateToRequestStart.MainFrame recorded 1 samples, mean = 0.0 (flags = 0x41)
0  -O                                                                        (1 = 100.0%)
1  ... 

Histogram: Navigation.MainFrame.FrameCount recorded 1 samples, mean = 2.0 (flags = 0x41)
0  ... 
2  -O                                                                        (1 = 100.0%) {0.0%}
3  ... 

Histogram: Navigation.MainFrame.MaxFrameCount recorded 3 samples, mean = 2.0 (flags = 0x41)
0  O                                                                         (0 = 0.0%)
1  -O                                                                        (1 = 33.3%) {0.0%}
2  -O                                                                        (1 = 33.3%) {33.3%}
3  -O                                                                        (1 = 33.3%) {66.7%}
4  ... 

Histogram: Navigation.MainFrame.NewNavigation.IgnoreRestore.IsHTTPOrHTTPS.BeginNavigationToLoaderStart.Time2 recorded 1 samples, mean = 1.0 (flags = 0x41)
0  O                                                                         (0 = 0.0%)
1  -O                                                                        (1 = 100.0%) {0.0%}
2  ... 

Histogram: Navigation.MainFrame.NewNavigation.IgnoreRestore.IsHTTPOrHTTPS.FetchStart.Time2 recorded 1 samples, mean = 1.0 (flags = 0x41)
0  O                                                                         (0 = 0.0%)
1  -O                                                                        (1 = 100.0%) {0.0%}
2  ... 

Histogram: Navigation.MainFrame.NewNavigation.IgnoreRestore.IsHTTPOrHTTPS.LoaderStartToFetchStart.Time2 recorded 1 samples, mean = 338.0 (flags = 0x41)
0    ... 
318  -O                                                                        (1 = 100.0%) {0.0%}
378  ... 

Histogram: Navigation.MainFrame.NewNavigation.IgnoreRestore.IsHTTPOrHTTPS.LoaderStartToReceiveResponse.Time2 recorded 1 samples, mean = 598.0 (flags = 0x41)
0    ... 
533  -O                                                                        (1 = 100.0%) {0.0%}
633  ... 

Histogram: Navigation.MainFrame.NewNavigation.IgnoreRestore.IsHTTPOrHTTPS.NavigationStartToBeginNavigation.Time2 recorded 1 samples, mean = 1986.0 (flags = 0x41)
0     ... 
1782  -O                                                                        (1 = 100.0%) {0.0%}
2117  ... 

Histogram: Navigation.MainFrame.NewNavigation.IgnoreRestore.IsHTTPOrHTTPS.ReceiveHeaders.Time2 recorded 1 samples, mean = 251.0 (flags = 0x41)
0    ... 
226  -O                                                                        (1 = 100.0%) {0.0%}
268  ... 

Histogram: Navigation.MainFrame.NewNavigation.IgnoreRestore.IsHTTPOrHTTPS.ReceiveHeadersToReceiveResponse.Time2 recorded 1 samples, mean = 5.0 (flags = 0x41)
0  ... 
5  -O                                                                        (1 = 100.0%) {0.0%}
6  ... 

Histogram: Navigation.MainFrame.NewNavigation.IgnoreRestore.IsHTTPOrHTTPS.ReceiveResponseToCommitNavigation.Time2 recorded 1 samples, mean = 3.0 (flags = 0x41)
0  ... 
3  -O                                                                        (1 = 100.0%) {0.0%}
4  ... 

Histogram: Navigation.MainFrame.RendererInitiated.InitiatorFramePresentAtStart recorded 1 samples, mean = 0.0 (flags = 0x41)
0  -O                                                                        (1 = 100.0%)
1  ... 

Histogram: Navigation.MainFrame.SiteEngagementLevel recorded 1 samples, mean = 2.0 (flags = 0x41)
0  ... 
2  -O                                                                        (1 = 100.0%) {0.0%}
3  ... 

Histogram: Navigation.MainFrame.ThirdPartyCookieBlockingEnabled recorded 2 samples, mean = 0.0 (flags = 0x41)
0  --O                                                                       (2 = 100.0%)
1  ... 

Histogram: Navigation.MainFrameHasRTLDomain2 recorded 2 samples, mean = 0.0 (flags = 0x41)
0  --O                                                                       (2 = 100.0%)
1  ... 

Histogram: Navigation.MainFrameHasRTLDomainDifferentPage2 recorded 1 samples, mean = 0.0 (flags = 0x41)
0  -O                                                                        (1 = 100.0%)
1  ... 

Histogram: Navigation.MainFrameProfileType2 recorded 2 samples, mean = 0.0 (flags = 0x41)
0  --O                                                                       (2 = 100.0%)
1  ... 

Histogram: Navigation.MainFrameScheme2 recorded 2 samples, mean = 2.0 (flags = 0x41)
0  ... 
2  --O                                                                       (2 = 100.0%) {0.0%}
3  ... 

Histogram: Navigation.MainFrameSchemeDifferentPage2 recorded 1 samples, mean = 2.0 (flags = 0x41)
0  ... 
2  -O                                                                        (1 = 100.0%) {0.0%}
3  ... 

Histogram: Navigation.OnBeforeUnloadOverheadTime recorded 2 samples, mean = 998.0 (flags = 0x41)
0     ... 
10    -O                                                                        (1 = 50.0%) {0.0%}
12    ... 
1782  -O                                                                        (1 = 50.0%) {50.0%}
2117  ... 

Histogram: Navigation.OnBeforeUnloadTotalTime recorded 2 samples, mean = 0.0 (flags = 0x41)
0  --O                                                                       (2 = 100.0%)
1  ... 

Histogram: Navigation.OriginAgentCluster.Result recorded 1 samples, mean = 9.0 (flags = 0x41)
0  ... 
9  -O                                                                        (1 = 100.0%) {0.0%}
10 O                                                                         (0 = 0.0%) {100.0%}

Histogram: Navigation.PendingCommit.DidBlockGetFrameHostForNavigation.Regular recorded 1 samples, mean = 0.0 (flags = 0x41)
0  -O                                                                        (1 = 100.0%)
1  ... 

Histogram: Navigation.PendingCommit.Duration.Regular recorded 1 samples, mean = 7.0 (flags = 0x41)
0  ... 
7  -O                                                                        (1 = 100.0%) {0.0%}
8  ... 

Histogram: Navigation.Preconnect.PreresolveJobQueueLength recorded 14 samples, mean = 0.5 (flags = 0x41)
0  -------O                                                                  (7 = 50.0%)
1  -------O                                                                  (7 = 50.0%) {50.0%}
2  ... 

Histogram: Navigation.Preconnect.PreresolveJobQueueingTime recorded 7 samples, mean = 0.0 (flags = 0x41)
0  -------O                                                                  (7 = 100.0%)
1  ... 

Histogram: Navigation.Preconnect.ProxyLookupCallbackQueueingTime recorded 7 samples, mean = 121.1 (flags = 0x41)
0    --O                                                                       (2 = 28.6%)
1    -O                                                                        (1 = 14.3%) {28.6%}
2    ... 
8    -O                                                                        (1 = 14.3%) {42.9%}
10   ... 
226  --O                                                                       (2 = 28.6%) {57.1%}
268  O                                                                         (0 = 0.0%) {85.7%}
318  -O                                                                        (1 = 14.3%) {85.7%}
378  ... 

Histogram: Navigation.Preconnect.ProxyLookupLatency recorded 7 samples, mean = 411.6 (flags = 0x41)
0     --O                                                                       (2 = 28.6%)
1     -O                                                                        (1 = 14.3%) {28.6%}
2     ... 
8     -O                                                                        (1 = 14.3%) {42.9%}
10    ... 
226   -O                                                                        (1 = 14.3%) {57.1%}
268   O                                                                         (0 = 0.0%) {71.4%}
318   -O                                                                        (1 = 14.3%) {71.4%}
378   ... 
2117  -O                                                                        (1 = 14.3%) {85.7%}
2516  ... 

Histogram: Navigation.Preconnect.ResolveHostCallbackQueueingTime recorded 7 samples, mean = 47.9 (flags = 0x41)
0    --O                                                                       (2 = 28.6%)
1    --O                                                                       (2 = 28.6%) {28.6%}
2    ... 
4    --O                                                                       (2 = 28.6%) {57.1%}
5    ... 
318  -O                                                                        (1 = 14.3%) {85.7%}
378  ... 

Histogram: Navigation.Preconnect.ResolveHostLatency recorded 7 samples, mean = 86.6 (flags = 0x41)
0    -O                                                                        (1 = 14.3%)
1    --O                                                                       (2 = 28.6%) {14.3%}
2    ... 
7    -O                                                                        (1 = 14.3%) {42.9%}
8    ... 
114  -O                                                                        (1 = 14.3%) {57.1%}
135  -O                                                                        (1 = 14.3%) {71.4%}
160  ... 
318  -O                                                                        (1 = 14.3%) {85.7%}
378  ... 

Histogram: Navigation.ProcessNavigationThrottlesTime.WillStartRequest.MainFrame recorded 2 samples, mean = 0.0 (flags = 0x41)
0  --O                                                                       (2 = 100.0%)
1  ... 

Histogram: Navigation.QueueTime.OnReceiveResponse.MainFrame recorded 1 samples, mean = 3.0 (flags = 0x41)
0  ... 
3  -O                                                                        (1 = 100.0%) {0.0%}
4  ... 

Histogram: Navigation.ReadyToCommitUntilCommit2 recorded 1 samples, mean = 7.0 (flags = 0x41)
0  ... 
6  -O                                                                        (1 = 100.0%) {0.0%}
8  ... 

Histogram: Navigation.ReadyToCommitUntilCommit2.ForegroundProcessPriority recorded 1 samples, mean = 7.0 (flags = 0x41)
0  ... 
6  -O                                                                        (1 = 100.0%) {0.0%}
8  ... 

Histogram: Navigation.ReadyToCommitUntilCommit2.NewNavigation recorded 1 samples, mean = 7.0 (flags = 0x41)
0  ... 
6  -O                                                                        (1 = 100.0%) {0.0%}
8  ... 

Histogram: Navigation.RegisterNavigationThrottlesTime.MainFrame recorded 2 samples, mean = 0.5 (flags = 0x41)
0  -O                                                                        (1 = 50.0%)
1  -O                                                                        (1 = 50.0%) {50.0%}
2  ... 

Histogram: Navigation.RenderFrameDelete recorded 1 samples, mean = 1.0 (flags = 0x41)
0  O                                                                         (0 = 0.0%)
1  -O                                                                        (1 = 100.0%) {0.0%}
2  ... 

Histogram: Navigation.RenderFrameHostConstructor recorded 4 samples, mean = 0.0 (flags = 0x41)
0  ----O                                                                     (4 = 100.0%)
1  ... 

Histogram: Navigation.RenderFrameHostDestructor recorded 4 samples, mean = 0.5 (flags = 0x41)
0  ---O                                                                      (3 = 75.0%)
1  O                                                                         (0 = 0.0%) {75.0%}
2  -O                                                                        (1 = 25.0%) {75.0%}
3  ... 

Histogram: Navigation.RenderViewHostConstructor recorded 2 samples, mean = 0.0 (flags = 0x41)
0  --O                                                                       (2 = 100.0%)
1  ... 

Histogram: Navigation.RenderViewHostDestructor recorded 2 samples, mean = 0.0 (flags = 0x41)
0  --O                                                                       (2 = 100.0%)
1  ... 

Histogram: Navigation.RenderWidgetHostConstructor recorded 2 samples, mean = 0.0 (flags = 0x41)
0  --O                                                                       (2 = 100.0%)
1  ... 

Histogram: Navigation.RenderWidgetHostDestructor recorded 2 samples, mean = 0.0 (flags = 0x41)
0  --O                                                                       (2 = 100.0%)
1  ... 

Histogram: Navigation.RendererCommitDelay.MainFrame recorded 1 samples, mean = 4.0 (flags = 0x41)
0  ... 
4  -O                                                                        (1 = 100.0%) {0.0%}
5  ... 

Histogram: Navigation.RendererCommitQueueTime.MainFrame recorded 1 samples, mean = 3.0 (flags = 0x41)
0  ... 
3  -O                                                                        (1 = 100.0%) {0.0%}
4  ... 

Histogram: Navigation.RendererDidNavigateTime.MainFrame recorded 1 samples, mean = 0.0 (flags = 0x41)
0  -O                                                                        (1 = 100.0%)
1  ... 

Histogram: Navigation.RendererDidNavigateTime.Subframe recorded 2 samples, mean = 0.0 (flags = 0x41)
0  --O                                                                       (2 = 100.0%)
1  ... 

Histogram: Navigation.RequiresDedicatedProcess recorded 1 samples, mean = 1.0 (flags = 0x41)
0  O                                                                         (0 = 0.0%)
1  -O                                                                        (1 = 100.0%) {0.0%}
2  O                                                                         (0 = 0.0%) {100.0%}

Histogram: Navigation.RequiresDedicatedProcess.HTTPOrHTTPS recorded 1 samples, mean = 1.0 (flags = 0x41)
0  O                                                                         (0 = 0.0%)
1  -O                                                                        (1 = 100.0%) {0.0%}
2  O                                                                         (0 = 0.0%) {100.0%}

Histogram: Navigation.SameDocumentNavigationWithScreenshot recorded 1 samples, mean = 0.0 (flags = 0x41)
0  -O                                                                        (1 = 100.0%)
1  ... 

Histogram: Navigation.SendCommitNavigationTime.MainFrame recorded 1 samples, mean = 0.0 (flags = 0x41)
0  -O                                                                        (1 = 100.0%)
1  ... 

Histogram: Navigation.StartToCommit recorded 3 samples, mean = 865.0 (flags = 0x41)
0     --O                                                                       (2 = 66.7%)
1     ... 
2415  -O                                                                        (1 = 33.3%) {66.7%}
3069  ... 

Histogram: Navigation.StartToCommit.CrossProcess recorded 1 samples, mean = 2595.0 (flags = 0x41)
0     ... 
2415  -O                                                                        (1 = 100.0%) {0.0%}
3069  ... 

Histogram: Navigation.StartToCommit.CrossProcess.ForegroundProcessPriority recorded 1 samples, mean = 2595.0 (flags = 0x41)
0     ... 
2415  -O                                                                        (1 = 100.0%) {0.0%}
3069  ... 

Histogram: Navigation.StartToCommit.CrossProcess.MainFrame recorded 1 samples, mean = 2595.0 (flags = 0x41)
0     ... 
2415  -O                                                                        (1 = 100.0%) {0.0%}
3069  ... 

Histogram: Navigation.StartToCommit.CrossProcess.MainFrame.ForegroundProcessPriority recorded 1 samples, mean = 2595.0 (flags = 0x41)
0     ... 
2415  -O                                                                        (1 = 100.0%) {0.0%}
3069  ... 

Histogram: Navigation.StartToCommit.CrossProcess.MainFrame.NewNavigation recorded 1 samples, mean = 2595.0 (flags = 0x41)
0     ... 
2415  -O                                                                        (1 = 100.0%) {0.0%}
3069  ... 

Histogram: Navigation.StartToCommit.CrossProcess.NewNavigation recorded 1 samples, mean = 2595.0 (flags = 0x41)
0     ... 
2415  -O                                                                        (1 = 100.0%) {0.0%}
3069  ... 

Histogram: Navigation.StartToCommit.ForegroundProcessPriority recorded 3 samples, mean = 865.0 (flags = 0x41)
0     --O                                                                       (2 = 66.7%)
1     ... 
2415  -O                                                                        (1 = 33.3%) {66.7%}
3069  ... 

Histogram: Navigation.StartToCommit.MainFrame recorded 1 samples, mean = 2595.0 (flags = 0x41)
0     ... 
2415  -O                                                                        (1 = 100.0%) {0.0%}
3069  ... 

Histogram: Navigation.StartToCommit.MainFrame.ForegroundProcessPriority recorded 1 samples, mean = 2595.0 (flags = 0x41)
0     ... 
2415  -O                                                                        (1 = 100.0%) {0.0%}
3069  ... 

Histogram: Navigation.StartToCommit.MainFrame.NewNavigation recorded 1 samples, mean = 2595.0 (flags = 0x41)
0     ... 
2415  -O                                                                        (1 = 100.0%) {0.0%}
3069  ... 

Histogram: Navigation.StartToCommit.NewNavigation recorded 3 samples, mean = 865.0 (flags = 0x41)
0     --O                                                                       (2 = 66.7%)
1     ... 
2415  -O                                                                        (1 = 33.3%) {66.7%}
3069  ... 

Histogram: Navigation.StartToCommit.SameProcess recorded 2 samples, mean = 0.0 (flags = 0x41)
0  --O                                                                       (2 = 100.0%)
1  ... 

Histogram: Navigation.StartToCommit.SameProcess.ForegroundProcessPriority recorded 2 samples, mean = 0.0 (flags = 0x41)
0  --O                                                                       (2 = 100.0%)
1  ... 

Histogram: Navigation.StartToCommit.SameProcess.NewNavigation recorded 2 samples, mean = 0.0 (flags = 0x41)
0  --O                                                                       (2 = 100.0%)
1  ... 

Histogram: Navigation.StartToCommit.SameProcess.Subframe recorded 2 samples, mean = 0.0 (flags = 0x41)
0  --O                                                                       (2 = 100.0%)
1  ... 

Histogram: Navigation.StartToCommit.SameProcess.Subframe.ForegroundProcessPriority recorded 2 samples, mean = 0.0 (flags = 0x41)
0  --O                                                                       (2 = 100.0%)
1  ... 

Histogram: Navigation.StartToCommit.SameProcess.Subframe.NewNavigation recorded 2 samples, mean = 0.0 (flags = 0x41)
0  --O                                                                       (2 = 100.0%)
1  ... 

Histogram: Navigation.StartToCommit.Subframe recorded 2 samples, mean = 0.0 (flags = 0x41)
0  --O                                                                       (2 = 100.0%)
1  ... 

Histogram: Navigation.StartToCommit.Subframe.ForegroundProcessPriority recorded 2 samples, mean = 0.0 (flags = 0x41)
0  --O                                                                       (2 = 100.0%)
1  ... 

Histogram: Navigation.StartToCommit.Subframe.NewNavigation recorded 2 samples, mean = 0.0 (flags = 0x41)
0  --O                                                                       (2 = 100.0%)
1  ... 

Histogram: Navigation.SuddenTerminationDisabler.AllOrigins recorded 1 samples, mean = 13.0 (flags = 0x41)
0   ... 
13  -O                                                                        (1 = 100.0%) {0.0%}
14  ... 

Histogram: Navigation.SuddenTerminationDisabler.SameOrigin recorded 1 samples, mean = 13.0 (flags = 0x41)
0   ... 
13  -O                                                                        (1 = 100.0%) {0.0%}
14  ... 

Histogram: Navigation.SwapRFHToCompositorCreation recorded 1 samples, mean = 17.0 (flags = 0x41)
0   ... 
16  -O                                                                        (1 = 100.0%) {0.0%}
21  ... 

Histogram: Navigation.ThrottleCount recorded 2 samples, mean = 20.0 (flags = 0x41)
0   ... 
20  --O                                                                       (2 = 100.0%) {0.0%}
21  ... 

Histogram: Navigation.ThrottleEventDurationTime.WillProcessResponse recorded 1 samples, mean = 0.0 (flags = 0x41)
0  -O                                                                        (1 = 100.0%)
1  ... 

Histogram: Navigation.ThrottleEventDurationTime.WillStartRequest recorded 2 samples, mean = 0.0 (flags = 0x41)
0  --O                                                                       (2 = 100.0%)
1  ... 

Histogram: Navigation.ThrottleEventExecutionTime.WillProcessResponse recorded 1 samples, mean = 0.0 (flags = 0x41)
0  -O                                                                        (1 = 100.0%)
1  ... 

Histogram: Navigation.ThrottleEventExecutionTime.WillStartRequest recorded 2 samples, mean = 0.0 (flags = 0x41)
0  --O                                                                       (2 = 100.0%)
1  ... 

Histogram: Navigation.ThrottleExecutionTime.WillProcessResponse recorded 20 samples, mean = 0.0 (flags = 0x41)
0  --------------------O                                                     (20 = 100.0%)
1  ... 

Histogram: Navigation.ThrottleExecutionTime.WillStartRequest recorded 40 samples, mean = 0.0 (flags = 0x41)
0  ----------------------------------------O                                 (40 = 100.0%)
1  ... 

Histogram: Navigation.ThrottleTotalDeferCount recorded 5 samples, mean = 0.0 (flags = 0x41)
0  -----O                                                                    (5 = 100.0%)
1  ... 

Histogram: Navigation.ThrottleTotalDeferCount.Request recorded 5 samples, mean = 0.0 (flags = 0x41)
0  -----O                                                                    (5 = 100.0%)
1  ... 

Histogram: Navigation.ThrottleTotalDeferTime recorded 5 samples, mean = 0.0 (flags = 0x41)
0  -----O                                                                    (5 = 100.0%)
1  ... 

Histogram: Navigation.ThrottleTotalDeferTime.Request recorded 5 samples, mean = 0.0 (flags = 0x41)
0  -----O                                                                    (5 = 100.0%)
1  ... 

Histogram: Navigation.Throttles.PolicyBlocklist.DeferDurationTime recorded 2 samples, mean = 0.0 (flags = 0x41)
0  --O                                                                       (2 = 100.0%)
1  ... 

Histogram: Navigation.Throttles.PolicyBlocklist.RequestThrottleAction recorded 2 samples, mean = 2.5 (flags = 0x41)
0  O                                                                         (0 = 0.0%)
1  -O                                                                        (1 = 50.0%) {0.0%}
2  ... 
4  -O                                                                        (1 = 50.0%) {50.0%}
5  ... 

Histogram: Navigation.Throttles.PolicyBlocklist.RequestToResponseTime recorded 1 samples, mean = 0.0 (flags = 0x41)
0  -O                                                                        (1 = 100.0%)
1  ... 

Histogram: Navigation.TimeToReadyToCommit2 recorded 1 samples, mean = 2588.0 (flags = 0x41)
0     ... 
2415  -O                                                                        (1 = 100.0%) {0.0%}
3069  ... 

Histogram: Navigation.TimeToReadyToCommit2.CrossProcess recorded 1 samples, mean = 2588.0 (flags = 0x41)
0     ... 
2415  -O                                                                        (1 = 100.0%) {0.0%}
3069  ... 

Histogram: Navigation.TimeToReadyToCommit2.CrossProcess.NewNavigation recorded 1 samples, mean = 2588.0 (flags = 0x41)
0     ... 
2415  -O                                                                        (1 = 100.0%) {0.0%}
3069  ... 

Histogram: Navigation.TimeToReadyToCommit2.MainFrame recorded 1 samples, mean = 2588.0 (flags = 0x41)
0     ... 
2415  -O                                                                        (1 = 100.0%) {0.0%}
3069  ... 

Histogram: Navigation.TimeToReadyToCommit2.MainFrame.NewNavigation recorded 1 samples, mean = 2588.0 (flags = 0x41)
0     ... 
2415  -O                                                                        (1 = 100.0%) {0.0%}
3069  ... 

Histogram: Navigation.TimeToReadyToCommit2.NewNavigation recorded 1 samples, mean = 2588.0 (flags = 0x41)
0     ... 
2415  -O                                                                        (1 = 100.0%) {0.0%}
3069  ... 

Histogram: Navigation.Unload recorded 1 samples, mean = 0.0 (flags = 0x41)
0  -O                                                                        (1 = 100.0%)
1  ... 

Histogram: Navigation.UserAgentStringType recorded 3 samples, mean = 1.0 (flags = 0x41)
0  O                                                                         (0 = 0.0%)
1  ---O                                                                      (3 = 100.0%) {0.0%}
2  ... 

Histogram: Navigation.WillStartRequestToLoaderStart.MainFrame recorded 2 samples, mean = 1.0 (flags = 0x41)
0  -O                                                                        (1 = 50.0%)
1  O                                                                         (0 = 0.0%) {50.0%}
2  -O                                                                        (1 = 50.0%) {50.0%}
3  ... 

Histogram: NavigationPredictor.SearchEnginePreconnector.IsBrowserAppLikelyInForeground recorded 1235 samples, mean = 0.0 (flags = 0x41)
0  ------------------------------------------------------------------------O (1233 = 99.8%)
1  O                                                                         (2 = 0.2%) {99.8%}
2  O                                                                         (0 = 0.0%) {100.0%}

Histogram: NavigationSuggestion.GetDomainInfoDelayBeforeAllowingNavigation recorded 1 samples, mean = 0.0 (flags = 0x41)
0  -O                                                                        (1 = 100.0%)
1  ... 

Histogram: NavigationSuggestion.IsLookalikeUrlDelayBeforeAllowingNavigation recorded 1 samples, mean = 0.0 (flags = 0x41)
0  -O                                                                        (1 = 100.0%)
1  ... 

Histogram: NavigationSuggestion.PerformChecksDelayBeforeAllowingNavigation recorded 1 samples, mean = 0.0 (flags = 0x41)
0  -O                                                                        (1 = 100.0%)
1  ... 

Histogram: Net.AlternateProtocolUsage recorded 54 samples, mean = 5.7 (flags = 0x41)
0  -------O                                                                  (7 = 13.0%)
1  --O                                                                       (2 = 3.7%) {13.0%}
2  O                                                                         (0 = 0.0%) {16.7%}
3  --O                                                                       (2 = 3.7%) {16.7%}
4  ... 
7  -------------------------------------------O                              (43 = 79.6%) {20.4%}
8  O                                                                         (0 = 0.0%) {100.0%}

Histogram: Net.AlternateProtocolUsageGoogle recorded 1 samples, mean = 1.0 (flags = 0x41)
0  O                                                                         (0 = 0.0%)
1  -O                                                                        (1 = 100.0%) {0.0%}
2  ... 

Histogram: Net.AlternativeServiceTypeForRequest recorded 61 samples, mean = 0.2 (flags = 0x41)
0  ---------------------------------------------------O                      (51 = 83.6%)
1  ----------O                                                               (10 = 16.4%) {83.6%}
2  ... 

Histogram: Net.CertVerifier.PathBuilderIterationCount recorded 9 samples, mean = 2.1 (flags = 0x41)
0  ... 
2  --------O                                                                 (8 = 88.9%) {0.0%}
3  -O                                                                        (1 = 11.1%) {88.9%}
4  ... 

Histogram: Net.CertVerifier_First_Job_Latency recorded 1 samples, mean = 219.0 (flags = 0x41)
0    ... 
211  -O                                                                        (1 = 100.0%) {0.0%}
239  ... 

Histogram: Net.CertVerifier_Job_Latency recorded 9 samples, mean = 40.0 (flags = 0x41)
0    -O                                                                        (1 = 11.1%)
1    ... 
7    -O                                                                        (1 = 11.1%) {11.1%}
8    -O                                                                        (1 = 11.1%) {22.2%}
9    ... 
12   ---O                                                                      (3 = 33.3%) {33.3%}
14   ... 
26   -O                                                                        (1 = 11.1%) {66.7%}
29   ... 
61   -O                                                                        (1 = 11.1%) {77.8%}
69   ... 
211  -O                                                                        (1 = 11.1%) {88.9%}
239  ... 

Histogram: Net.Certificate.TrustAnchor.Request recorded 52 samples (flags = 0x41)
210  ----------------------------------------O                                 (40 = 76.9%)
483  -O                                                                        (1 = 1.9%)
486  ----------O                                                               (10 = 19.2%)
535  -O                                                                        (1 = 1.9%)

Histogram: Net.Certificate.TrustAnchor.Verify recorded 9 samples (flags = 0x41)
210  ---O                                                                      (3 = 33.3%)
483  --O                                                                       (2 = 22.2%)
486  ---O                                                                      (3 = 33.3%)
535  -O                                                                        (1 = 11.1%)

Histogram: Net.ConnectionInfo.MainFrame recorded 1 samples, mean = 4.0 (flags = 0x41)
0  ... 
4  -O                                                                        (1 = 100.0%) {0.0%}
5  ... 

Histogram: Net.ConnectionInfo.SubResource recorded 48 samples, mean = 9.2 (flags = 0x41)
0   O                                                                         (0 = 0.0%)
1   -O                                                                        (1 = 2.1%) {0.0%}
2   ... 
4   ----------------------------------------O                                 (40 = 83.3%) {2.1%}
5   ... 
40  -------O                                                                  (7 = 14.6%) {85.4%}
41  ... 

Histogram: Net.ContentEncodingType recorded 50 samples, mean = 0.8 (flags = 0x41)
0  ------------O                                                             (12 = 24.0%)
1  ----------------------------------O                                       (34 = 68.0%) {24.0%}
2  ----O                                                                     (4 = 8.0%) {92.0%}
3  ... 

Histogram: Net.Cors.AccessCheckResult recorded 9 samples, mean = 0.0 (flags = 0x41)
0  ---------O                                                                (9 = 100.0%)
1  ... 

Histogram: Net.CountOfBrokenAlternativeServices recorded 1 samples, mean = 0.0 (flags = 0x41)
0  -O                                                                        (1 = 100.0%)
1  ... 

Histogram: Net.CountOfQuicServerInfos recorded 1 samples, mean = 0.0 (flags = 0x41)
0  -O                                                                        (1 = 100.0%)
1  ... 

Histogram: Net.CountOfRecentlyBrokenAlternativeServices recorded 1 samples, mean = 1.0 (flags = 0x41)
0  O                                                                         (0 = 0.0%)
1  -O                                                                        (1 = 100.0%) {0.0%}
2  ... 

Histogram: Net.DNS.DnsConfig.DnsClientCapability recorded 44 samples, mean = 1.0 (flags = 0x41)
0  O                                                                         (0 = 0.0%)
1  --------------------------------------------O                             (44 = 100.0%) {0.0%}
2  ... 

Histogram: Net.DNS.DnsConfig.SecureDnsMode recorded 1 samples, mean = 4.0 (flags = 0x41)
0  ... 
4  -O                                                                        (1 = 100.0%) {0.0%}
5  ... 

Histogram: Net.DNS.DnsConfig.Windows.Compatibility recorded 22 samples, mean = 0.0 (flags = 0x41)
0  ----------------------O                                                   (22 = 100.0%)
1  ... 

Histogram: Net.DNS.DnsConfig.Windows.ReadSystemSettings0 recorded 22 samples, mean = 0.0 (flags = 0x41)
0  ----------------------O                                                   (22 = 100.0%)
1  ... 

Histogram: Net.DNS.DnsHosts.Count recorded 1 samples, mean = 0.0 (flags = 0x41)
0  -O                                                                        (1 = 100.0%)
1  ... 

Histogram: Net.DNS.DnsHosts.EstimateMemoryUsage recorded 1 samples, mean = 0.0 (flags = 0x41)
0  -O                                                                        (1 = 100.0%)
1000... 

Histogram: Net.DNS.DnsHosts.FileSize recorded 1 samples, mean = 824.0 (flags = 0x41)
0    ... 
737  -O                                                                        (1 = 100.0%) {0.0%}
1065 ... 

Histogram: Net.DNS.DnsTask.SuccessTime recorded 9 samples, mean = 28.0 (flags = 0x41)
0    ... 
7    ---O                                                                      (3 = 33.3%) {0.0%}
8    O                                                                         (0 = 0.0%) {33.3%}
9    -O                                                                        (1 = 11.1%) {33.3%}
10   -O                                                                        (1 = 11.1%) {44.4%}
12   ... 
16   --O                                                                       (2 = 22.2%) {55.6%}
18   ... 
43   -O                                                                        (1 = 11.1%) {77.8%}
50   ... 
119  -O                                                                        (1 = 11.1%) {88.9%}
137  ... 

Histogram: Net.DNS.DnsTask.SvcbHttpsTransactionError recorded 4 samples, mean = 0.0 (flags = 0x41)
0  ----O                                                                     (4 = 100.0%)
1  ... 

Histogram: Net.DNS.DnsTransaction.AttemptType recorded 18 samples, mean = 0.0 (flags = 0x41)
0  ------------------O                                                       (18 = 100.0%)
1  ... 

Histogram: Net.DNS.DnsTransaction.Insecure.Other.SuccessTime recorded 13 samples, mean = 20.5 (flags = 0x41)
0    O                                                                         (0 = 0.0%)
1    --O                                                                       (2 = 15.4%) {0.0%}
2    O                                                                         (0 = 0.0%) {15.4%}
3    -O                                                                        (1 = 7.7%) {15.4%}
4    -O                                                                        (1 = 7.7%) {23.1%}
5    O                                                                         (0 = 0.0%) {30.8%}
6    --O                                                                       (2 = 15.4%) {30.8%}
8    O                                                                         (0 = 0.0%) {46.2%}
10   --O                                                                       (2 = 15.4%) {46.2%}
13   O                                                                         (0 = 0.0%) {61.5%}
16   --O                                                                       (2 = 15.4%) {61.5%}
20   -O                                                                        (1 = 7.7%) {76.9%}
25   O                                                                         (0 = 0.0%) {84.6%}
32   -O                                                                        (1 = 7.7%) {84.6%}
41   ... 
107  -O                                                                        (1 = 7.7%) {92.3%}
136  ... 

Histogram: Net.DNS.H3SupportedGoogleHost.TaskTypeMetadataAvailability2 recorded 2 samples, mean = 2.0 (flags = 0x41)
0  ... 
2  --O                                                                       (2 = 100.0%) {0.0%}
3  ... 

Histogram: Net.DNS.HTTPSSVC.RecordHttps.Insecure.ExpectNoerror.DnsRcode recorded 9 samples, mean = 1.3 (flags = 0x41)
0  -----O                                                                    (5 = 55.6%)
1  ... 
3  ----O                                                                     (4 = 44.4%) {55.6%}
4  ... 

Histogram: Net.DNS.HTTPSSVC.RecordHttps.Insecure.ExpectNoerror.Parsable recorded 1 samples, mean = 1.0 (flags = 0x41)
0  O                                                                         (0 = 0.0%)
1  -O                                                                        (1 = 100.0%) {0.0%}
2  O                                                                         (0 = 0.0%) {100.0%}

Histogram: Net.DNS.HTTPSSVC.RecordHttps.Insecure.ExpectNoerror.ResolveTimeAddress recorded 9 samples, mean = 23.6 (flags = 0x41)
0    O                                                                         (0 = 0.0%)
1    --O                                                                       (2 = 22.2%) {0.0%}
2    O                                                                         (0 = 0.0%) {22.2%}
3    -O                                                                        (1 = 11.1%) {22.2%}
4    -O                                                                        (1 = 11.1%) {33.3%}
5    O                                                                         (0 = 0.0%) {44.4%}
6    -O                                                                        (1 = 11.1%) {44.4%}
8    O                                                                         (0 = 0.0%) {55.6%}
10   -O                                                                        (1 = 11.1%) {55.6%}
13   O                                                                         (0 = 0.0%) {66.7%}
16   -O                                                                        (1 = 11.1%) {66.7%}
20   ... 
32   -O                                                                        (1 = 11.1%) {77.8%}
41   ... 
107  -O                                                                        (1 = 11.1%) {88.9%}
136  ... 

Histogram: Net.DNS.HTTPSSVC.RecordHttps.Insecure.ExpectNoerror.ResolveTimeExperimental recorded 9 samples, mean = 15.7 (flags = 0x41)
0   ... 
6   ---O                                                                      (3 = 33.3%) {0.0%}
8   -O                                                                        (1 = 11.1%) {33.3%}
10  -O                                                                        (1 = 11.1%) {44.4%}
13  O                                                                         (0 = 0.0%) {55.6%}
16  --O                                                                       (2 = 22.2%) {55.6%}
20  O                                                                         (0 = 0.0%) {77.8%}
25  -O                                                                        (1 = 11.1%) {77.8%}
32  O                                                                         (0 = 0.0%) {88.9%}
41  -O                                                                        (1 = 11.1%) {88.9%}
52  ... 

Histogram: Net.DNS.HTTPSSVC.RecordHttps.Insecure.ExpectNoerror.ResolveTimeRatio recorded 9 samples, mean = 21.3 (flags = 0x41)
0   O                                                                         (0 = 0.0%)
1   -O                                                                        (1 = 11.1%) {0.0%}
2   ... 
9   -O                                                                        (1 = 11.1%) {11.1%}
10  --O                                                                       (2 = 22.2%) {22.2%}
11  O                                                                         (0 = 0.0%) {44.4%}
12  -O                                                                        (1 = 11.1%) {44.4%}
13  ... 
20  ----O                                                                     (4 = 44.4%) {55.6%}

Histogram: Net.DNS.JobQueueTime.PerTransaction recorded 18 samples, mean = 0.0 (flags = 0x41)
0  ------------------O                                                       (18 = 100.0%)
1  ... 

Histogram: Net.DNS.JobQueueTime.Success recorded 9 samples, mean = 0.0 (flags = 0x41)
0  ---------O                                                                (9 = 100.0%)
1  ... 

Histogram: Net.DNS.Request.TotalTime recorded 148 samples, mean = 1.8 (flags = 0x41)
0    ------------------------------------------------------------------------O (142 = 95.9%)
10   -O                                                                        (1 = 0.7%) {95.9%}
12   O                                                                         (0 = 0.0%) {96.6%}
15   -O                                                                        (2 = 1.4%) {96.6%}
18   ... 
41   -O                                                                        (2 = 1.4%) {98.0%}
50   ... 
113  -O                                                                        (1 = 0.7%) {99.3%}
139  ... 

Histogram: Net.DNS.Request.TotalTimeAsync recorded 15 samples, mean = 17.6 (flags = 0x41)
0    ---------O                                                                (9 = 60.0%)
10   -O                                                                        (1 = 6.7%) {60.0%}
12   O                                                                         (0 = 0.0%) {66.7%}
15   --O                                                                       (2 = 13.3%) {66.7%}
18   ... 
41   --O                                                                       (2 = 13.3%) {80.0%}
50   ... 
113  -O                                                                        (1 = 6.7%) {93.3%}
139  ... 

Histogram: Net.DNS.ResolveCategory recorded 16 samples, mean = 0.7 (flags = 0x41)
0  -------O                                                                  (7 = 43.8%)
1  -------O                                                                  (7 = 43.8%) {43.8%}
2  --O                                                                       (2 = 12.5%) {87.5%}
3  ... 

Histogram: Net.DNS.ResolveError.Fast recorded 7 samples (flags = 0x41)
105  -------O                                                                  (7 = 100.0%)

Histogram: Net.DNS.ResolveFailureTime recorded 7 samples, mean = 0.3 (flags = 0x41)
0  -----O                                                                    (5 = 71.4%)
1  --O                                                                       (2 = 28.6%) {71.4%}
2  ... 

Histogram: Net.DNS.ResolveSuccessTime recorded 7 samples, mean = 34.1 (flags = 0x41)
0    ... 
7    -O                                                                        (1 = 14.3%) {0.0%}
8    O                                                                         (0 = 0.0%) {14.3%}
9    -O                                                                        (1 = 14.3%) {14.3%}
10   -O                                                                        (1 = 14.3%) {28.6%}
12   ... 
16   --O                                                                       (2 = 28.6%) {42.9%}
18   ... 
43   -O                                                                        (1 = 14.3%) {71.4%}
50   ... 
119  -O                                                                        (1 = 14.3%) {85.7%}
137  ... 

Histogram: Net.DNS.SystemTask.FailureTime recorded 7 samples, mean = 0.3 (flags = 0x41)
0  -----O                                                                    (5 = 71.4%)
1  --O                                                                       (2 = 28.6%) {71.4%}
2  ... 

Histogram: Net.DNS.UpgradeConfig.HasPublicInsecureNameserver recorded 1 samples, mean = 0.0 (flags = 0x41)
0  -O                                                                        (1 = 100.0%)
1  ... 

Histogram: Net.DNS.UpgradeConfig.Ineligible.DohSpecified recorded 1 samples, mean = 0.0 (flags = 0x41)
0  -O                                                                        (1 = 100.0%)
1  ... 

Histogram: Net.DNS.UpgradeConfig.Ineligible.UnhandledOptions recorded 1 samples, mean = 0.0 (flags = 0x41)
0  -O                                                                        (1 = 100.0%)
1  ... 

Histogram: Net.DNS.UpgradeConfig.InsecureUpgradeSucceeded recorded 1 samples, mean = 0.0 (flags = 0x41)
0  -O                                                                        (1 = 100.0%)
1  ... 

Histogram: Net.DNS_Resolution_And_TCP_Connection_Latency2 recorded 11 samples, mean = 38.1 (flags = 0x41)
0    ... 
5    -O                                                                        (1 = 9.1%) {0.0%}
6    ---O                                                                      (3 = 27.3%) {9.1%}
7    --O                                                                       (2 = 18.2%) {36.4%}
8    O                                                                         (0 = 0.0%) {54.5%}
9    -O                                                                        (1 = 9.1%) {54.5%}
10   -O                                                                        (1 = 9.1%) {63.6%}
11   O                                                                         (0 = 0.0%) {72.7%}
12   -O                                                                        (1 = 9.1%) {72.7%}
14   ... 
164  --O                                                                       (2 = 18.2%) {81.8%}
186  ... 

Histogram: Net.ErrorCodesForMainFrame4 recorded 2 samples (flags = 0x41)
0  -O                                                                        (1 = 50.0%)
3  -O                                                                        (1 = 50.0%)

Histogram: Net.ErrorCodesForSubresources3 recorded 52 samples (flags = 0x41)
0    ------------------------------------------------O                         (48 = 92.3%)
400  ----O                                                                     (4 = 7.7%)

Histogram: Net.HttpJob.BytesReceived2 recorded 56 samples, mean = 44719.9 (flags = 0x41)
0       ----O                                                                     (4 = 7.1%)
1       ... 
56      -O                                                                        (1 = 1.8%) {7.1%}
80      ... 
340     -O                                                                        (1 = 1.8%) {8.9%}
488     ---O                                                                      (3 = 5.4%) {10.7%}
700     ---O                                                                      (3 = 5.4%) {16.1%}
1004    -----O                                                                    (5 = 8.9%) {21.4%}
1440    --O                                                                       (2 = 3.6%) {30.4%}
2065    --O                                                                       (2 = 3.6%) {33.9%}
2961    -------O                                                                  (7 = 12.5%) {37.5%}
4246    --O                                                                       (2 = 3.6%) {50.0%}
6089    --O                                                                       (2 = 3.6%) {53.6%}
8732    ---O                                                                      (3 = 5.4%) {57.1%}
12523   -O                                                                        (1 = 1.8%) {62.5%}
17959   ----O                                                                     (4 = 7.1%) {64.3%}
25755   ---O                                                                      (3 = 5.4%) {71.4%}
36935   ----O                                                                     (4 = 7.1%) {76.8%}
52968   O                                                                         (0 = 0.0%) {83.9%}
75961   -----O                                                                    (5 = 8.9%) {83.9%}
108935  --O                                                                       (2 = 3.6%) {92.9%}
156223  -O                                                                        (1 = 1.8%) {96.4%}
224038  ... 
947607  -O                                                                        (1 = 1.8%) {98.2%}
1358954 ... 

Histogram: Net.HttpJob.BytesSent2 recorded 56 samples, mean = 551.6 (flags = 0x41)
0      ----O                                                                     (4 = 7.1%)
1      ... 
19     -O                                                                        (1 = 1.8%) {7.1%}
27     ... 
56     -------------O                                                            (13 = 23.2%) {8.9%}
80     ------------------O                                                       (18 = 32.1%) {32.1%}
115    -O                                                                        (1 = 1.8%) {64.3%}
165    -O                                                                        (1 = 1.8%) {66.1%}
237    -O                                                                        (1 = 1.8%) {67.9%}
340    ---O                                                                      (3 = 5.4%) {69.6%}
488    --------O                                                                 (8 = 14.3%) {75.0%}
700    --O                                                                       (2 = 3.6%) {89.3%}
1004   ---O                                                                      (3 = 5.4%) {92.9%}
1440   ... 
12523  -O                                                                        (1 = 1.8%) {98.2%}
17959  ... 

Histogram: Net.HttpJob.MainJobWaitTimeWithoutAvailableSpdySession recorded 34 samples, mean = 291.8 (flags = 0x41)
0    ... 
20   -O                                                                        (1 = 2.9%) {0.0%}
24   ... 
268  ---------------------------------O                                        (33 = 97.1%) {2.9%}
318  ... 

Histogram: Net.HttpJob.PrefilterBytesRead recorded 56 samples, mean = 43945.8 (flags = 0x41)
0       --------O                                                                 (8 = 14.3%)
1       ... 
13      -O                                                                        (1 = 1.8%) {14.3%}
19      -O                                                                        (1 = 1.8%) {16.1%}
27      O                                                                         (0 = 0.0%) {17.9%}
39      -O                                                                        (1 = 1.8%) {17.9%}
56      -O                                                                        (1 = 1.8%) {19.6%}
80      -O                                                                        (1 = 1.8%) {21.4%}
115     O                                                                         (0 = 0.0%) {23.2%}
165     -O                                                                        (1 = 1.8%) {23.2%}
237     O                                                                         (0 = 0.0%) {25.0%}
340     -O                                                                        (1 = 1.8%) {25.0%}
488     ----O                                                                     (4 = 7.1%) {26.8%}
700     --O                                                                       (2 = 3.6%) {33.9%}
1004    --O                                                                       (2 = 3.6%) {37.5%}
1440    -O                                                                        (1 = 1.8%) {41.1%}
2065    ----O                                                                     (4 = 7.1%) {42.9%}
2961    -O                                                                        (1 = 1.8%) {50.0%}
4246    -O                                                                        (1 = 1.8%) {51.8%}
6089    --O                                                                       (2 = 3.6%) {53.6%}
8732    ---O                                                                      (3 = 5.4%) {57.1%}
12523   -O                                                                        (1 = 1.8%) {62.5%}
17959   ----O                                                                     (4 = 7.1%) {64.3%}
25755   ---O                                                                      (3 = 5.4%) {71.4%}
36935   ----O                                                                     (4 = 7.1%) {76.8%}
52968   O                                                                         (0 = 0.0%) {83.9%}
75961   -----O                                                                    (5 = 8.9%) {83.9%}
108935  --O                                                                       (2 = 3.6%) {92.9%}
156223  -O                                                                        (1 = 1.8%) {96.4%}
224038  ... 
947607  -O                                                                        (1 = 1.8%) {98.2%}
1358954 ... 

Histogram: Net.HttpJob.PrefilterBytesRead.Net recorded 56 samples, mean = 43945.8 (flags = 0x41)
0       --------O                                                                 (8 = 14.3%)
1       ... 
13      -O                                                                        (1 = 1.8%) {14.3%}
19      -O                                                                        (1 = 1.8%) {16.1%}
27      O                                                                         (0 = 0.0%) {17.9%}
39      -O                                                                        (1 = 1.8%) {17.9%}
56      -O                                                                        (1 = 1.8%) {19.6%}
80      -O                                                                        (1 = 1.8%) {21.4%}
115     O                                                                         (0 = 0.0%) {23.2%}
165     -O                                                                        (1 = 1.8%) {23.2%}
237     O                                                                         (0 = 0.0%) {25.0%}
340     -O                                                                        (1 = 1.8%) {25.0%}
488     ----O                                                                     (4 = 7.1%) {26.8%}
700     --O                                                                       (2 = 3.6%) {33.9%}
1004    --O                                                                       (2 = 3.6%) {37.5%}
1440    -O                                                                        (1 = 1.8%) {41.1%}
2065    ----O                                                                     (4 = 7.1%) {42.9%}
2961    -O                                                                        (1 = 1.8%) {50.0%}
4246    -O                                                                        (1 = 1.8%) {51.8%}
6089    --O                                                                       (2 = 3.6%) {53.6%}
8732    ---O                                                                      (3 = 5.4%) {57.1%}
12523   -O                                                                        (1 = 1.8%) {62.5%}
17959   ----O                                                                     (4 = 7.1%) {64.3%}
25755   ---O                                                                      (3 = 5.4%) {71.4%}
36935   ----O                                                                     (4 = 7.1%) {76.8%}
52968   O                                                                         (0 = 0.0%) {83.9%}
75961   -----O                                                                    (5 = 8.9%) {83.9%}
108935  --O                                                                       (2 = 3.6%) {92.9%}
156223  -O                                                                        (1 = 1.8%) {96.4%}
224038  ... 
947607  -O                                                                        (1 = 1.8%) {98.2%}
1358954 ... 

Histogram: Net.HttpJob.ProxyTypeSuccess recorded 52 samples, mean = 1.0 (flags = 0x41)
0  O                                                                         (0 = 0.0%)
1  ----------------------------------------------------O                     (52 = 100.0%) {0.0%}
2  ... 

Histogram: Net.HttpJob.TotalTime recorded 56 samples, mean = 138.6 (flags = 0x41)
0    ----O                                                                     (4 = 7.1%)
1    ... 
8    --O                                                                       (2 = 3.6%) {7.1%}
10   -O                                                                        (1 = 1.8%) {10.7%}
12   --O                                                                       (2 = 3.6%) {12.5%}
14   -O                                                                        (1 = 1.8%) {16.1%}
17   O                                                                         (0 = 0.0%) {17.9%}
20   ---O                                                                      (3 = 5.4%) {17.9%}
24   -O                                                                        (1 = 1.8%) {23.2%}
29   ... 
48   -O                                                                        (1 = 1.8%) {25.0%}
57   O                                                                         (0 = 0.0%) {26.8%}
68   -O                                                                        (1 = 1.8%) {26.8%}
81   O                                                                         (0 = 0.0%) {28.6%}
96   ---------O                                                                (9 = 16.1%) {28.6%}
114  ------O                                                                   (6 = 10.7%) {44.6%}
135  -------------O                                                            (13 = 23.2%) {55.4%}
160  ---O                                                                      (3 = 5.4%) {78.6%}
190  ----O                                                                     (4 = 7.1%) {83.9%}
226  -O                                                                        (1 = 1.8%) {91.1%}
268  O                                                                         (0 = 0.0%) {92.9%}
318  -O                                                                        (1 = 1.8%) {92.9%}
378  ... 
533  --O                                                                       (2 = 3.6%) {94.6%}
633  O                                                                         (0 = 0.0%) {98.2%}
752  -O                                                                        (1 = 1.8%) {98.2%}
894  ... 

Histogram: Net.HttpJob.TotalTime.Secure.Quic recorded 1 samples, mean = 184.0 (flags = 0x41)
0    ... 
173  -O                                                                        (1 = 100.0%) {0.0%}
220  ... 

Histogram: Net.HttpJob.TotalTimeCancel recorded 4 samples, mean = 0.0 (flags = 0x41)
0  ----O                                                                     (4 = 100.0%)
1  ... 

Histogram: Net.HttpJob.TotalTimeNotCached recorded 56 samples, mean = 138.6 (flags = 0x41)
0    ----O                                                                     (4 = 7.1%)
1    ... 
8    --O                                                                       (2 = 3.6%) {7.1%}
10   -O                                                                        (1 = 1.8%) {10.7%}
12   --O                                                                       (2 = 3.6%) {12.5%}
14   -O                                                                        (1 = 1.8%) {16.1%}
17   O                                                                         (0 = 0.0%) {17.9%}
20   ---O                                                                      (3 = 5.4%) {17.9%}
24   -O                                                                        (1 = 1.8%) {23.2%}
29   ... 
48   -O                                                                        (1 = 1.8%) {25.0%}
57   O                                                                         (0 = 0.0%) {26.8%}
68   -O                                                                        (1 = 1.8%) {26.8%}
81   O                                                                         (0 = 0.0%) {28.6%}
96   ---------O                                                                (9 = 16.1%) {28.6%}
114  ------O                                                                   (6 = 10.7%) {44.6%}
135  -------------O                                                            (13 = 23.2%) {55.4%}
160  ---O                                                                      (3 = 5.4%) {78.6%}
190  ----O                                                                     (4 = 7.1%) {83.9%}
226  -O                                                                        (1 = 1.8%) {91.1%}
268  O                                                                         (0 = 0.0%) {92.9%}
318  -O                                                                        (1 = 1.8%) {92.9%}
378  ... 
533  --O                                                                       (2 = 3.6%) {94.6%}
633  O                                                                         (0 = 0.0%) {98.2%}
752  -O                                                                        (1 = 1.8%) {98.2%}
894  ... 

Histogram: Net.HttpJob.TotalTimeNotCached.Secure.Quic recorded 1 samples, mean = 184.0 (flags = 0x41)
0    ... 
173  -O                                                                        (1 = 100.0%) {0.0%}
220  ... 

Histogram: Net.HttpJob.TotalTimeSuccess recorded 52 samples, mean = 149.2 (flags = 0x41)
0    ... 
8    --O                                                                       (2 = 3.8%) {0.0%}
10   -O                                                                        (1 = 1.9%) {3.8%}
12   --O                                                                       (2 = 3.8%) {5.8%}
14   -O                                                                        (1 = 1.9%) {9.6%}
17   O                                                                         (0 = 0.0%) {11.5%}
20   ---O                                                                      (3 = 5.8%) {11.5%}
24   -O                                                                        (1 = 1.9%) {17.3%}
29   ... 
48   -O                                                                        (1 = 1.9%) {19.2%}
57   O                                                                         (0 = 0.0%) {21.2%}
68   -O                                                                        (1 = 1.9%) {21.2%}
81   O                                                                         (0 = 0.0%) {23.1%}
96   ---------O                                                                (9 = 17.3%) {23.1%}
114  ------O                                                                   (6 = 11.5%) {40.4%}
135  -------------O                                                            (13 = 25.0%) {51.9%}
160  ---O                                                                      (3 = 5.8%) {76.9%}
190  ----O                                                                     (4 = 7.7%) {82.7%}
226  -O                                                                        (1 = 1.9%) {90.4%}
268  O                                                                         (0 = 0.0%) {92.3%}
318  -O                                                                        (1 = 1.9%) {92.3%}
378  ... 
533  --O                                                                       (2 = 3.8%) {94.2%}
633  O                                                                         (0 = 0.0%) {98.1%}
752  -O                                                                        (1 = 1.9%) {98.1%}
894  ... 

Histogram: Net.HttpJob.TotalTimeSuccess.Priority1 recorded 2 samples, mean = 192.0 (flags = 0x41)
0    ... 
160  -O                                                                        (1 = 50.0%) {0.0%}
190  -O                                                                        (1 = 50.0%) {50.0%}
226  ... 

Histogram: Net.HttpJob.TotalTimeSuccess.Priority2 recorded 30 samples, mean = 132.9 (flags = 0x41)
0    ... 
8    --O                                                                       (2 = 6.7%) {0.0%}
10   -O                                                                        (1 = 3.3%) {6.7%}
12   --O                                                                       (2 = 6.7%) {10.0%}
14   ... 
68   -O                                                                        (1 = 3.3%) {16.7%}
81   O                                                                         (0 = 0.0%) {20.0%}
96   ---O                                                                      (3 = 10.0%) {20.0%}
114  -----O                                                                    (5 = 16.7%) {30.0%}
135  -------------O                                                            (13 = 43.3%) {46.7%}
160  -O                                                                        (1 = 3.3%) {90.0%}
190  ... 
318  -O                                                                        (1 = 3.3%) {93.3%}
378  ... 
533  -O                                                                        (1 = 3.3%) {96.7%}
633  ... 

Histogram: Net.HttpJob.TotalTimeSuccess.Priority3 recorded 1 samples, mean = 218.0 (flags = 0x41)
0    ... 
190  -O                                                                        (1 = 100.0%) {0.0%}
226  ... 

Histogram: Net.HttpJob.TotalTimeSuccess.Priority4 recorded 7 samples, mean = 286.1 (flags = 0x41)
0    ... 
20   -O                                                                        (1 = 14.3%) {0.0%}
24   ... 
48   -O                                                                        (1 = 14.3%) {14.3%}
57   ... 
96   -O                                                                        (1 = 14.3%) {28.6%}
114  ... 
190  --O                                                                       (2 = 28.6%) {42.9%}
226  ... 
533  -O                                                                        (1 = 14.3%) {71.4%}
633  O                                                                         (0 = 0.0%) {85.7%}
752  -O                                                                        (1 = 14.3%) {85.7%}
894  ... 

Histogram: Net.HttpJob.TotalTimeSuccess.Priority5 recorded 12 samples, mean = 97.5 (flags = 0x41)
0    ... 
14   -O                                                                        (1 = 8.3%) {0.0%}
17   O                                                                         (0 = 0.0%) {8.3%}
20   --O                                                                       (2 = 16.7%) {8.3%}
24   -O                                                                        (1 = 8.3%) {25.0%}
29   ... 
96   -----O                                                                    (5 = 41.7%) {33.3%}
114  -O                                                                        (1 = 8.3%) {75.0%}
135  O                                                                         (0 = 0.0%) {83.3%}
160  -O                                                                        (1 = 8.3%) {83.3%}
190  O                                                                         (0 = 0.0%) {91.7%}
226  -O                                                                        (1 = 8.3%) {91.7%}
268  ... 

Histogram: Net.HttpRequestSSLUpgradeDecision recorded 1 samples, mean = 5.0 (flags = 0x41)
0  ... 
5  -O                                                                        (1 = 100.0%) {0.0%}
6  O                                                                         (0 = 0.0%) {100.0%}

Histogram: Net.HttpRequestStsState recorded 1 samples, mean = 2.0 (flags = 0x41)
0  ... 
2  -O                                                                        (1 = 100.0%) {0.0%}
3  ... 

Histogram: Net.HttpResponseCode recorded 103 samples, mean = 204.0 (flags = 0x41)
0    ... 
200  ------------------------------------------------------------------------O (97 = 94.2%) {0.0%}
201  ... 
204  -O                                                                        (2 = 1.9%) {94.2%}
205  ... 
302  ---O                                                                      (4 = 3.9%) {96.1%}
303  ... 

Histogram: Net.HttpTimeToFirstByte recorded 56 samples, mean = 134.7 (flags = 0x41)
0    -------O                                                                  (7 = 12.5%)
10   --O                                                                       (2 = 3.6%) {12.5%}
12   -O                                                                        (1 = 1.8%) {16.1%}
15   -O                                                                        (1 = 1.8%) {17.9%}
18   --O                                                                       (2 = 3.6%) {19.6%}
22   -O                                                                        (1 = 1.8%) {23.2%}
27   ... 
50   --O                                                                       (2 = 3.6%) {25.0%}
61   ... 
92   ----------O                                                               (10 = 17.9%) {28.6%}
113  ------------------O                                                       (18 = 32.1%) {46.4%}
139  -O                                                                        (1 = 1.8%) {78.6%}
171  -----O                                                                    (5 = 8.9%) {80.4%}
210  --O                                                                       (2 = 3.6%) {89.3%}
258  ... 
389  -O                                                                        (1 = 1.8%) {92.9%}
477  --O                                                                       (2 = 3.6%) {94.6%}
585  O                                                                         (0 = 0.0%) {98.2%}
718  -O                                                                        (1 = 1.8%) {98.2%}
881  ... 

Histogram: Net.NetworkChangeNotifier.NewConnectionCost recorded 2 samples, mean = 1.0 (flags = 0x41)
0  O                                                                         (0 = 0.0%)
1  --O                                                                       (2 = 100.0%) {0.0%}
2  ... 

Histogram: Net.NumQuicSessionsAtShutdown recorded 3 samples, mean = 0.0 (flags = 0x41)
0  ---O                                                                      (3 = 100.0%)
1  ... 

Histogram: Net.OnTransferSizeUpdated.Experimental.OverridenBy recorded 199 samples, mean = 13.3 (flags = 0x41)
0   O                                                                         (0 = 0.0%)
1   -------------------------------------------------------------------O      (67 = 33.7%) {0.0%}
2   ... 
11  -----------------------------------------------------------------O        (65 = 32.7%) {33.7%}
12  -O                                                                        (1 = 0.5%) {66.3%}
13  ... 
26  -O                                                                        (1 = 0.5%) {66.8%}
27  O                                                                         (0 = 0.0%) {67.3%}
28  -----------------------------------------------------------------O        (65 = 32.7%) {67.3%}
29  ... 

Histogram: Net.QuicActiveSessions recorded 3 samples, mean = 1.0 (flags = 0x41)
0  -O                                                                        (1 = 33.3%)
1  -O                                                                        (1 = 33.3%) {33.3%}
2  -O                                                                        (1 = 33.3%) {66.7%}
3  ... 

Histogram: Net.QuicChromiumClientStream.HandleOnCloseConnectionError recorded 9 samples (flags = 0x41)
0  ---------O                                                                (9 = 100.0%)

Histogram: Net.QuicChromiumClientStream.HandleOnCloseNetError recorded 9 samples (flags = 0x41)
100  ---------O                                                                (9 = 100.0%)

Histogram: Net.QuicChromiumClientStream.HandleOnCloseStreamError recorded 9 samples (flags = 0x41)
0  ---------O                                                                (9 = 100.0%)

Histogram: Net.QuicChromiumClientStream.HeaderDecodingDelay recorded 9 samples, mean = 0.0 (flags = 0x41)
0  ---------O                                                                (9 = 100.0%)
1  ... 

Histogram: Net.QuicChromiumClientStream.HeaderDecodingDelayGoogle recorded 1 samples, mean = 0.0 (flags = 0x41)
0  -O                                                                        (1 = 100.0%)
1  ... 

Histogram: Net.QuicConnection.WritePacketStatus recorded 75 samples, mean = 0.0 (flags = 0x41)
0  ------------------------------------------------------------------------O (75 = 100.0%)
1  ... 

Histogram: Net.QuicCryptoClientConfig.PopulatedFromCanonicalConfig recorded 3 samples, mean = 0.0 (flags = 0x41)
0  ---O                                                                      (3 = 100.0%)
1  ... 

Histogram: Net.QuicDroppedPacketReason recorded 3 samples, mean = 6.0 (flags = 0x41)
0  ... 
6  ---O                                                                      (3 = 100.0%) {0.0%}
7  O                                                                         (0 = 0.0%) {100.0%}

Histogram: Net.QuicHandshakeState recorded 9 samples, mean = 1.0 (flags = 0x41)
0  ---O                                                                      (3 = 33.3%)
1  ---O                                                                      (3 = 33.3%) {33.3%}
2  ---O                                                                      (3 = 33.3%) {66.7%}
3  ... 

Histogram: Net.QuicHttpStream.ProcessResponseHeaderSuccess recorded 9 samples, mean = 1.0 (flags = 0x41)
0  O                                                                         (0 = 0.0%)
1  ---------O                                                                (9 = 100.0%) {0.0%}
2  O                                                                         (0 = 0.0%) {100.0%}

Histogram: Net.QuicSession.AbortedPendingStreamRequests recorded 3 samples, mean = 0.0 (flags = 0x41)
0  ---O                                                                      (3 = 100.0%)
1  ... 

Histogram: Net.QuicSession.AcceptChForOrigin recorded 9 samples, mean = 0.1 (flags = 0x41)
0  --------O                                                                 (8 = 88.9%)
1  -O                                                                        (1 = 11.1%) {88.9%}
2  O                                                                         (0 = 0.0%) {100.0%}

Histogram: Net.QuicSession.AcceptChFrameReceivedViaAlps recorded 1 samples, mean = 1.0 (flags = 0x41)
0  O                                                                         (0 = 0.0%)
1  -O                                                                        (1 = 100.0%) {0.0%}
2  ... 

Histogram: Net.QuicSession.AsyncRead recorded 83 samples, mean = 0.5 (flags = 0x41)
0  ---------------------------------------------O                            (45 = 54.2%)
1  --------------------------------------O                                   (38 = 45.8%) {54.2%}
2  O                                                                         (0 = 0.0%) {100.0%}

Histogram: Net.QuicSession.BlockedFrames.Received recorded 3 samples, mean = 0.0 (flags = 0x41)
0  ---O                                                                      (3 = 100.0%)
1  ... 

Histogram: Net.QuicSession.BlockedFrames.Sent recorded 3 samples, mean = 0.0 (flags = 0x41)
0  ---O                                                                      (3 = 100.0%)
1  ... 

Histogram: Net.QuicSession.CertVerificationResult recorded 3 samples (flags = 0x41)
0  ---O                                                                      (3 = 100.0%)

Histogram: Net.QuicSession.ClientSideMtu recorded 3 samples (flags = 0x41)
1250  ---O                                                                      (3 = 100.0%)

Histogram: Net.QuicSession.CloseAllSessionsError recorded 3 samples (flags = 0x41)
3  ---O                                                                      (3 = 100.0%)

Histogram: Net.QuicSession.ClosedDuringInitializeSession recorded 3 samples, mean = 0.0 (flags = 0x41)
0  ---O                                                                      (3 = 100.0%)
1  ... 

Histogram: Net.QuicSession.CoalesceStreamFrameStatus recorded 30 samples, mean = 0.2 (flags = 0x41)
0  -----------------------O                                                  (23 = 76.7%)
1  -------O                                                                  (7 = 23.3%) {76.7%}
2  O                                                                         (0 = 0.0%) {100.0%}

Histogram: Net.QuicSession.ConnectRandomPortForHTTPS recorded 3 samples, mean = 0.0 (flags = 0x41)
0  ---O                                                                      (3 = 100.0%)
1  ... 

Histogram: Net.QuicSession.ConnectRandomPortRequiringConfirmationForHTTPS recorded 1 samples, mean = 0.0 (flags = 0x41)
0  -O                                                                        (1 = 100.0%)
1  ... 

Histogram: Net.QuicSession.ConnectionClose.NumOpenStreams.TimedOut recorded 3 samples, mean = 0.0 (flags = 0x41)
0  ---O                                                                      (3 = 100.0%)
1  ... 

Histogram: Net.QuicSession.ConnectionCloseErrorCodeClient recorded 3 samples (flags = 0x41)
25  ---O                                                                      (3 = 100.0%)

Histogram: Net.QuicSession.ConnectionCloseErrorCodeClient.HandshakeConfirmed recorded 3 samples (flags = 0x41)
25  ---O                                                                      (3 = 100.0%)

Histogram: Net.QuicSession.ConnectionCloseErrorCodeClientGoogle recorded 1 samples (flags = 0x41)
25  -O                                                                        (1 = 100.0%)

Histogram: Net.QuicSession.ConnectionCloseErrorCodeClientGoogle.HandshakeConfirmed recorded 1 samples (flags = 0x41)
25  -O                                                                        (1 = 100.0%)

Histogram: Net.QuicSession.ConnectionDuration recorded 3 samples, mean = 31160.0 (flags = 0x41)
0      ... 
27425  --O                                                                       (2 = 66.7%) {0.0%}
31655  -O                                                                        (1 = 33.3%) {66.7%}
36538  ... 

Histogram: Net.QuicSession.ConnectionFlowControlBlocked recorded 1 samples, mean = 1.0 (flags = 0x41)
0  O                                                                         (0 = 0.0%)
1  -O                                                                        (1 = 100.0%) {0.0%}
2  O                                                                         (0 = 0.0%) {100.0%}

Histogram: Net.QuicSession.ConnectionIpPooled recorded 3 samples, mean = 0.0 (flags = 0x41)
0  ---O                                                                      (3 = 100.0%)
1  ... 

Histogram: Net.QuicSession.ConnectionTypeFromSelf recorded 3 samples, mean = 1.0 (flags = 0x41)
0  O                                                                         (0 = 0.0%)
1  ---O                                                                      (3 = 100.0%) {0.0%}
2  O                                                                         (0 = 0.0%) {100.0%}

Histogram: Net.QuicSession.CryptoRetransmitCount.HandshakeConfirmed recorded 3 samples, mean = 0.3 (flags = 0x41)
0  --O                                                                       (2 = 66.7%)
1  -O                                                                        (1 = 33.3%) {66.7%}
2  ... 

Histogram: Net.QuicSession.DuplicatePacketsReceived recorded 3 samples, mean = 0.0 (flags = 0x41)
0  ---O                                                                      (3 = 100.0%)
1  ... 

Histogram: Net.QuicSession.EcnMarksObserved recorded 3 samples, mean = 1.0 (flags = 0x41)
0  O                                                                         (0 = 0.0%)
1  ---O                                                                      (3 = 100.0%) {0.0%}
2  ... 

Histogram: Net.QuicSession.EncryptionEstablishedTime recorded 3 samples, mean = 32.3 (flags = 0x41)
0   ... 
8   -O                                                                        (1 = 33.3%) {0.0%}
10  -O                                                                        (1 = 33.3%) {33.3%}
12  ... 
68  -O                                                                        (1 = 33.3%) {66.7%}
81  ... 

Histogram: Net.QuicSession.FinchConfigIsValid recorded 3 samples, mean = 1.0 (flags = 0x41)
0  O                                                                         (0 = 0.0%)
1  ---O                                                                      (3 = 100.0%) {0.0%}
2  O                                                                         (0 = 0.0%) {100.0%}

Histogram: Net.QuicSession.FindMatchingIpSessionResult recorded 6 samples, mean = 2.0 (flags = 0x41)
0  ... 
2  ------O                                                                   (6 = 100.0%) {0.0%}
3  O                                                                         (0 = 0.0%) {100.0%}

Histogram: Net.QuicSession.FindMatchingIpSessionResultGoogle recorded 2 samples, mean = 2.0 (flags = 0x41)
0  ... 
2  --O                                                                       (2 = 100.0%) {0.0%}
3  O                                                                         (0 = 0.0%) {100.0%}

Histogram: Net.QuicSession.HandshakeConfirmedTime recorded 3 samples, mean = 32.7 (flags = 0x41)
0   ... 
8   -O                                                                        (1 = 33.3%) {0.0%}
10  -O                                                                        (1 = 33.3%) {33.3%}
12  ... 
68  -O                                                                        (1 = 33.3%) {66.7%}
81  ... 

Histogram: Net.QuicSession.HeaderCompressionRatioQpackReceived recorded 9 samples, mean = 61.8 (flags = 0x41)
0   O                                                                         (0 = 0.0%)
1   -O                                                                        (1 = 11.1%) {0.0%}
2   ... 
67  -O                                                                        (1 = 11.1%) {11.1%}
68  -O                                                                        (1 = 11.1%) {22.2%}
69  ----O                                                                     (4 = 44.4%) {33.3%}
70  -O                                                                        (1 = 11.1%) {77.8%}
71  ... 
74  -O                                                                        (1 = 11.1%) {88.9%}
75  ... 

Histogram: Net.QuicSession.HeaderCompressionRatioQpackSent recorded 9 samples, mean = 73.2 (flags = 0x41)
0   ... 
64  -O                                                                        (1 = 11.1%) {0.0%}
65  ... 
72  -O                                                                        (1 = 11.1%) {11.1%}
73  --O                                                                       (2 = 22.2%) {22.2%}
74  -O                                                                        (1 = 11.1%) {44.4%}
75  --O                                                                       (2 = 22.2%) {55.6%}
76  -O                                                                        (1 = 11.1%) {77.8%}
77  -O                                                                        (1 = 11.1%) {88.9%}
78  ... 

Histogram: Net.QuicSession.HostResolution.HandshakeConfirmedTime recorded 3 samples, mean = 33.0 (flags = 0x41)
0   ... 
8   -O                                                                        (1 = 33.3%) {0.0%}
10  -O                                                                        (1 = 33.3%) {33.3%}
12  ... 
68  -O                                                                        (1 = 33.3%) {66.7%}
81  ... 

Histogram: Net.QuicSession.IncorrectConnectionIDsReceived recorded 3 samples, mean = 0.0 (flags = 0x41)
0  ---O                                                                      (3 = 100.0%)
1  ... 

Histogram: Net.QuicSession.InitialRttEsitmateSource recorded 3 samples, mean = 0.3 (flags = 0x41)
0  --O                                                                       (2 = 66.7%)
1  -O                                                                        (1 = 33.3%) {66.7%}
2  ... 

Histogram: Net.QuicSession.KeyUpdate.PerConnection2 recorded 3 samples, mean = 0.0 (flags = 0x41)
0  ---O                                                                      (3 = 100.0%)
1  ... 

Histogram: Net.QuicSession.KeyUpdate.PotentialPeerKeyUpdateAttemptCount recorded 3 samples, mean = 0.0 (flags = 0x41)
0  ---O                                                                      (3 = 100.0%)
1  ... 

Histogram: Net.QuicSession.MaxConsecutiveRtoWithForwardProgress recorded 3 samples, mean = 0.3 (flags = 0x41)
0  --O                                                                       (2 = 66.7%)
1  -O                                                                        (1 = 33.3%) {66.7%}
2  ... 

Histogram: Net.QuicSession.MinRTT recorded 3 samples, mean = 8.3 (flags = 0x41)
0   ... 
6   --O                                                                       (2 = 66.7%) {0.0%}
7   ... 
12  -O                                                                        (1 = 33.3%) {66.7%}
14  ... 

Histogram: Net.QuicSession.MtuProbesSent recorded 3 samples, mean = 0.0 (flags = 0x41)
0  ---O                                                                      (3 = 100.0%)
1  ... 

Histogram: Net.QuicSession.NumDefaultPathDegrading recorded 3 samples, mean = 0.0 (flags = 0x41)
0  ---O                                                                      (3 = 100.0%)
1  ... 

Histogram: Net.QuicSession.NumMigrations recorded 3 samples, mean = 0.0 (flags = 0x41)
0  ---O                                                                      (3 = 100.0%)
1  ... 

Histogram: Net.QuicSession.NumOpenStreams recorded 9 samples, mean = 1.2 (flags = 0x41)
0  O                                                                         (0 = 0.0%)
1  -------O                                                                  (7 = 77.8%) {0.0%}
2  --O                                                                       (2 = 22.2%) {77.8%}
3  ... 

Histogram: Net.QuicSession.NumPingsSent recorded 3 samples, mean = 0.3 (flags = 0x41)
0  --O                                                                       (2 = 66.7%)
1  -O                                                                        (1 = 33.3%) {66.7%}
2  ... 

Histogram: Net.QuicSession.NumQueuedPacketsBeforeWrite recorded 81 samples, mean = 0.0 (flags = 0x41)
0  ------------------------------------------------------------------------O (81 = 100.0%)
1  ... 

Histogram: Net.QuicSession.NumTotalStreams recorded 3 samples, mean = 3.0 (flags = 0x41)
0  O                                                                         (0 = 0.0%)
1  --O                                                                       (2 = 66.7%) {0.0%}
2  ... 
7  -O                                                                        (1 = 33.3%) {66.7%}
9  ... 

Histogram: Net.QuicSession.OutOfOrderGapReceived recorded 1 samples, mean = 1.0 (flags = 0x41)
0  O                                                                         (0 = 0.0%)
1  -O                                                                        (1 = 100.0%) {0.0%}
2  ... 

Histogram: Net.QuicSession.OutOfOrderLargePacketsReceived recorded 3 samples, mean = 0.0 (flags = 0x41)
0  ---O                                                                      (3 = 100.0%)
1  ... 

Histogram: Net.QuicSession.OutOfOrderPacketsReceived recorded 3 samples, mean = 0.3 (flags = 0x41)
0  --O                                                                       (2 = 66.7%)
1  -O                                                                        (1 = 33.3%) {66.7%}
2  ... 

Histogram: Net.QuicSession.PacketGapReceived recorded 1 samples, mean = 1.0 (flags = 0x41)
0  O                                                                         (0 = 0.0%)
1  -O                                                                        (1 = 100.0%) {0.0%}
2  ... 

Histogram: Net.QuicSession.PacketGapReceivedNearPing recorded 1 samples, mean = 2.0 (flags = 0x41)
0  ... 
2  -O                                                                        (1 = 100.0%) {0.0%}
3  ... 

Histogram: Net.QuicSession.PacketLossRate_CONNECTION_ETHERNET recorded 1 samples, mean = 0.0 (flags = 0x41)
0  -O                                                                        (1 = 100.0%)
1  ... 

Histogram: Net.QuicSession.PacketWriteTime.Synchronous recorded 73 samples, mean = 0.0 (flags = 0x41)
0  ------------------------------------------------------------------------O (73 = 100.0%)
1  ... 

Histogram: Net.QuicSession.PacketsBeforeEcnTransition recorded 3 samples, mean = 0.0 (flags = 0x41)
0  ---O                                                                      (3 = 100.0%)
1  ... 

Histogram: Net.QuicSession.PreferAesGcm recorded 1 samples, mean = 1.0 (flags = 0x41)
0  O                                                                         (0 = 0.0%)
1  -O                                                                        (1 = 100.0%) {0.0%}
2  O                                                                         (0 = 0.0%) {100.0%}

Histogram: Net.QuicSession.Qpack.HeaderListCountWhenBlockedStreamLimited recorded 8 samples, mean = 3.6 (flags = 0x41)
0  O                                                                         (0 = 0.0%)
1  --O                                                                       (2 = 25.0%) {0.0%}
2  -O                                                                        (1 = 12.5%) {25.0%}
3  -O                                                                        (1 = 12.5%) {37.5%}
4  -O                                                                        (1 = 12.5%) {50.0%}
5  -O                                                                        (1 = 12.5%) {62.5%}
6  -O                                                                        (1 = 12.5%) {75.0%}
7  -O                                                                        (1 = 12.5%) {87.5%}
8  ... 

Histogram: Net.QuicSession.Qpack.HeaderListCountWhenInsertionNotBlocked recorded 9 samples, mean = 3.3 (flags = 0x41)
0  O                                                                         (0 = 0.0%)
1  ---O                                                                      (3 = 33.3%) {0.0%}
2  -O                                                                        (1 = 11.1%) {33.3%}
3  -O                                                                        (1 = 11.1%) {44.4%}
4  -O                                                                        (1 = 11.1%) {55.6%}
5  -O                                                                        (1 = 11.1%) {66.7%}
6  -O                                                                        (1 = 11.1%) {77.8%}
7  -O                                                                        (1 = 11.1%) {88.9%}
8  ... 

Histogram: Net.QuicSession.Qpack.HeaderListCountWhenNotBlockedStreamLimited recorded 1 samples, mean = 1.0 (flags = 0x41)
0  O                                                                         (0 = 0.0%)
1  -O                                                                        (1 = 100.0%) {0.0%}
2  ... 

Histogram: Net.QuicSession.QuicVersion recorded 3 samples (flags = 0x41)
80  ---O                                                                      (3 = 100.0%)

Histogram: Net.QuicSession.ReceivedSettings.BlockedStreams recorded 1 samples, mean = 100.0 (flags = 0x41)
0   ... 
95  -O                                                                        (1 = 100.0%) {0.0%}
107 ... 

Histogram: Net.QuicSession.ReceivedSettings.CountPlusOne recorded 3 samples, mean = 4.3 (flags = 0x41)
0  ... 
3  --O                                                                       (2 = 66.7%) {0.0%}
4  ... 
7  -O                                                                        (1 = 33.3%) {66.7%}
8  ... 

Histogram: Net.QuicSession.ReceivedSettings.MaxHeaderListSize2 recorded 3 samples, mean = 109226.7 (flags = 0x41)
0       ... 
63662   -O                                                                        (1 = 33.3%) {0.0%}
83848   O                                                                         (0 = 0.0%) {33.3%}
110434  --O                                                                       (2 = 66.7%) {33.3%}
145450  ... 

Histogram: Net.QuicSession.ReceivedSettings.MaxTableCapacity2 recorded 1 samples, mean = 65536.0 (flags = 0x41)
0      ... 
63662  -O                                                                        (1 = 100.0%) {0.0%}
83848  ... 

Histogram: Net.QuicSession.ReceivedSettings.ReservedCountPlusOne recorded 3 samples, mean = 2.0 (flags = 0x41)
0  ... 
2  ---O                                                                      (3 = 100.0%) {0.0%}
3  ... 

Histogram: Net.QuicSession.RstStreamErrorCodeServer recorded 2 samples (flags = 0x41)
20  --O                                                                       (2 = 100.0%)

Histogram: Net.QuicSession.SendPacketSize.ForwardSecure recorded 59 samples, mean = 434.2 (flags = 0x41)
0     ... 
28    -O                                                                        (1 = 1.7%) {0.0%}
32    -----O                                                                    (5 = 8.5%) {1.7%}
36    -O                                                                        (1 = 1.7%) {10.2%}
41    -----------------------O                                                  (23 = 39.0%) {11.9%}
47    --O                                                                       (2 = 3.4%) {50.8%}
53    -O                                                                        (1 = 1.7%) {54.2%}
60    -O                                                                        (1 = 1.7%) {55.9%}
68    O                                                                         (0 = 0.0%) {57.6%}
77    --O                                                                       (2 = 3.4%) {57.6%}
87    ... 
128   -O                                                                        (1 = 1.7%) {61.0%}
145   ... 
406   -O                                                                        (1 = 1.7%) {62.7%}
461   ... 
595   --O                                                                       (2 = 3.4%) {64.4%}
676   --O                                                                       (2 = 3.4%) {67.8%}
768   -O                                                                        (1 = 1.7%) {71.2%}
872   ... 
1126  ----------------O                                                         (16 = 27.1%) {72.9%}
1279  ... 

Histogram: Net.QuicSession.SendPacketSize.Handshake recorded 8 samples, mean = 58.8 (flags = 0x41)
0   ... 
36  ---O                                                                      (3 = 37.5%) {0.0%}
41  O                                                                         (0 = 0.0%) {37.5%}
47  --O                                                                       (2 = 25.0%) {37.5%}
53  ... 
77  ---O                                                                      (3 = 37.5%) {62.5%}
87  ... 

Histogram: Net.QuicSession.SendPacketSize.Initial recorded 8 samples, mean = 703.1 (flags = 0x41)
0     ... 
47    --O                                                                       (2 = 25.0%) {0.0%}
53    ... 
524   -O                                                                        (1 = 12.5%) {25.0%}
595   --O                                                                       (2 = 25.0%) {37.5%}
676   ... 
1126  ---O                                                                      (3 = 37.5%) {62.5%}
1279  ... 

Histogram: Net.QuicSession.ServerSideMtu recorded 3 samples (flags = 0x41)
1200  --O                                                                       (2 = 66.7%)
1250  -O                                                                        (1 = 33.3%)

Histogram: Net.QuicSession.SmoothedRTT recorded 3 samples, mean = 8.3 (flags = 0x41)
0   ... 
6   --O                                                                       (2 = 66.7%) {0.0%}
7   ... 
12  -O                                                                        (1 = 33.3%) {66.7%}
14  ... 

Histogram: Net.QuicSession.StopSendingErrorCodeClient recorded 2 samples (flags = 0x41)
20  --O                                                                       (2 = 100.0%)

Histogram: Net.QuicSession.StreamFlowControlBlocked recorded 1 samples, mean = 1.0 (flags = 0x41)
0  O                                                                         (0 = 0.0%)
1  -O                                                                        (1 = 100.0%) {0.0%}
2  O                                                                         (0 = 0.0%) {100.0%}

Histogram: Net.QuicSession.StreamFrameDuplicatedShortConnection recorded 3 samples, mean = 0.0 (flags = 0x41)
0  ---O                                                                      (3 = 100.0%)
1  ... 

Histogram: Net.QuicSession.TimeFromResolveHostToConfirmConnection recorded 3 samples, mean = 35.3 (flags = 0x41)
0   ... 
8   -O                                                                        (1 = 33.3%) {0.0%}
10  -O                                                                        (1 = 33.3%) {33.3%}
12  ... 
81  -O                                                                        (1 = 33.3%) {66.7%}
96  ... 

Histogram: Net.QuicSession.TooManyOpenStreams recorded 9 samples, mean = 0.0 (flags = 0x41)
0  ---------O                                                                (9 = 100.0%)
1  ... 

Histogram: Net.QuicSession.TooSmallInitialSentPacket recorded 5 samples, mean = 825.0 (flags = 0x41)
0     ... 
571   ---O                                                                      (3 = 60.0%) {0.0%}
646   ... 
1060  --O                                                                       (2 = 40.0%) {60.0%}
1200  O                                                                         (0 = 0.0%) {100.0%}

Histogram: Net.QuicSession.UndecryptablePacketsReceived recorded 3 samples, mean = 1.0 (flags = 0x41)
0  --O                                                                       (2 = 66.7%)
1  ... 
3  -O                                                                        (1 = 33.3%) {66.7%}
4  ... 

Histogram: Net.QuicSession.UndecryptablePacketsReceivedWithDecrypter recorded 3 samples, mean = 0.0 (flags = 0x41)
0  ---O                                                                      (3 = 100.0%)
1  ... 

Histogram: Net.QuicSession.VerifyProofTime recorded 3 samples, mean = 21.0 (flags = 0x41)
0   --O                                                                       (2 = 66.7%)
1   ... 
57  -O                                                                        (1 = 33.3%) {66.7%}
68  ... 

Histogram: Net.QuicSession.ZeroRttReason recorded 3 samples, mean = 5.0 (flags = 0x41)
0  ... 
5  ---O                                                                      (3 = 100.0%) {0.0%}
6  ... 

Histogram: Net.QuicSession.ZeroRttReasonGoogle recorded 1 samples, mean = 5.0 (flags = 0x41)
0  ... 
5  -O                                                                        (1 = 100.0%) {0.0%}
6  ... 

Histogram: Net.QuicSession.ZeroRttReasonNonGoogle recorded 2 samples, mean = 5.0 (flags = 0x41)
0  ... 
5  --O                                                                       (2 = 100.0%) {0.0%}
6  ... 

Histogram: Net.QuicSession.ZeroRttState recorded 3 samples, mean = 2.0 (flags = 0x41)
0  ... 
2  ---O                                                                      (3 = 100.0%) {0.0%}
3  O                                                                         (0 = 0.0%) {100.0%}

Histogram: Net.RestrictedCookieManager.SiteForCookiesOK recorded 2 samples, mean = 1.0 (flags = 0x41)
0  O                                                                         (0 = 0.0%)
1  --O                                                                       (2 = 100.0%) {0.0%}
2  O                                                                         (0 = 0.0%) {100.0%}

Histogram: Net.RestrictedCookieManager.TopFrameOriginOK recorded 2 samples, mean = 1.0 (flags = 0x41)
0  O                                                                         (0 = 0.0%)
1  --O                                                                       (2 = 100.0%) {0.0%}
2  O                                                                         (0 = 0.0%) {100.0%}

Histogram: Net.SSLHandshakeDetails recorded 11 samples, mean = 6.0 (flags = 0x41)
0  ... 
6  -----------O                                                              (11 = 100.0%) {0.0%}
7  ... 

Histogram: Net.SSLNegotiatedAlpnProtocol recorded 11 samples, mean = 1.9 (flags = 0x41)
0  O                                                                         (0 = 0.0%)
1  -O                                                                        (1 = 9.1%) {0.0%}
2  ----------O                                                               (10 = 90.9%) {9.1%}
3  ... 

Histogram: Net.SSLRenegotiationInfoSupported recorded 11 samples, mean = 1.0 (flags = 0x41)
0  O                                                                         (0 = 0.0%)
1  -----------O                                                              (11 = 100.0%) {0.0%}
2  O                                                                         (0 = 0.0%) {100.0%}

Histogram: Net.SSLSignatureAlgorithm recorded 11 samples (flags = 0x41)
1027  ------O                                                                   (6 = 54.5%)
2052  -----O                                                                    (5 = 45.5%)

Histogram: Net.SSLVersion recorded 11 samples, mean = 6.0 (flags = 0x41)
0  ... 
6  -----------O                                                              (11 = 100.0%) {0.0%}
7  ... 

Histogram: Net.SSL_CipherSuite recorded 11 samples (flags = 0x41)
4865  -----------O                                                              (11 = 100.0%)

Histogram: Net.SSL_Connection_Error recorded 11 samples (flags = 0x41)
0  -----------O                                                              (11 = 100.0%)

Histogram: Net.SSL_Connection_Latency_2 recorded 11 samples, mean = 69.4 (flags = 0x41)
0    ... 
15   -O                                                                        (1 = 9.1%) {0.0%}
17   -O                                                                        (1 = 9.1%) {9.1%}
19   --O                                                                       (2 = 18.2%) {18.2%}
21   -O                                                                        (1 = 9.1%) {36.4%}
23   -O                                                                        (1 = 9.1%) {45.5%}
25   -O                                                                        (1 = 9.1%) {54.5%}
28   ... 
42   -O                                                                        (1 = 9.1%) {63.6%}
46   ... 
164  --O                                                                       (2 = 18.2%) {72.7%}
181  ... 
221  -O                                                                        (1 = 9.1%) {90.9%}
244  ... 

Histogram: Net.SSL_KeyExchange.ECDHE recorded 11 samples (flags = 0x41)
29     --------O                                                                 (8 = 72.7%)
25497  ---O                                                                      (3 = 27.3%)

Histogram: Net.SharedDictionaryStorageOnDisk.IsMetadataReadyOnFirstUse recorded 1 samples, mean = 1.0 (flags = 0x41)
0  O                                                                         (0 = 0.0%)
1  -O                                                                        (1 = 100.0%) {0.0%}
2  O                                                                         (0 = 0.0%) {100.0%}

Histogram: Net.SharedDictionaryStorageOnDisk.MetadataReadTime.Empty recorded 1 samples, mean = 1.0 (flags = 0x41)
0  O                                                                         (0 = 0.0%)
1  -O                                                                        (1 = 100.0%) {0.0%}
2  ... 

Histogram: Net.SharedDictionaryStore.DeleteExpiredDictionaries.Error recorded 2 samples, mean = 0.0 (flags = 0x41)
0  --O                                                                       (2 = 100.0%)
1  ... 

Histogram: Net.SharedDictionaryStore.GetDictionaries.Error recorded 1 samples, mean = 0.0 (flags = 0x41)
0  -O                                                                        (1 = 100.0%)
1  ... 

Histogram: Net.SharedDictionaryStore.ProcessEviction.Error recorded 1 samples, mean = 0.0 (flags = 0x41)
0  -O                                                                        (1 = 100.0%)
1  ... 

Histogram: Net.SpdyHeadersCompressionPercentage recorded 42 samples, mean = 82.1 (flags = 0x41)
0   ... 
36  -O                                                                        (1 = 2.4%) {0.0%}
37  --O                                                                       (2 = 4.8%) {2.4%}
38  ... 
40  --O                                                                       (2 = 4.8%) {7.1%}
41  --O                                                                       (2 = 4.8%) {11.9%}
42  ... 
59  -O                                                                        (1 = 2.4%) {16.7%}
60  ... 
76  -O                                                                        (1 = 2.4%) {19.0%}
77  ... 
80  -O                                                                        (1 = 2.4%) {21.4%}
81  ... 
84  -O                                                                        (1 = 2.4%) {23.8%}
85  ... 
90  -O                                                                        (1 = 2.4%) {26.2%}
91  O                                                                         (0 = 0.0%) {28.6%}
92  ---------O                                                                (9 = 21.4%) {28.6%}
93  ---------------O                                                          (15 = 35.7%) {50.0%}
94  -----O                                                                    (5 = 11.9%) {85.7%}
95  -O                                                                        (1 = 2.4%) {97.6%}
96  ... 

Histogram: Net.SpdyResponseCode recorded 42 samples (flags = 0x41)
200  ----------------------------------------O                                 (40 = 95.2%)
204  -O                                                                        (1 = 2.4%)
302  -O                                                                        (1 = 2.4%)

Histogram: Net.SpdySession.AcceptChForOrigin recorded 42 samples, mean = 0.0 (flags = 0x41)
0  ------------------------------------------O                               (42 = 100.0%)
1  ... 

Histogram: Net.SpdySession.ClosedOnError recorded 7 samples (flags = 0x41)
0  -------O                                                                  (7 = 100.0%)

Histogram: Net.SpdySession.CreateStreamWithSocketConnected recorded 42 samples, mean = 1.0 (flags = 0x41)
0  O                                                                         (0 = 0.0%)
1  ------------------------------------------O                               (42 = 100.0%) {0.0%}
2  O                                                                         (0 = 0.0%) {100.0%}

Histogram: Net.SpdySession.GoAwayReceived recorded 7 samples (flags = 0x41)
0  -------O                                                                  (7 = 100.0%)

Histogram: Net.SpdySession.OnSettings.ActiveStreamCount2 recorded 7 samples, mean = 4.6 (flags = 0x41)
0   -O                                                                        (1 = 14.3%)
1   -----O                                                                    (5 = 71.4%) {14.3%}
2   ... 
26  -O                                                                        (1 = 14.3%) {85.7%}
29  ... 

Histogram: Net.SpdySession.OnSettings.CreatedAndActiveStreamCount2 recorded 7 samples, mean = 4.6 (flags = 0x41)
0   -O                                                                        (1 = 14.3%)
1   -----O                                                                    (5 = 71.4%) {14.3%}
2   ... 
26  -O                                                                        (1 = 14.3%) {85.7%}
29  ... 

Histogram: Net.SpdySession.OnSettings.CreatedStreamCount2 recorded 7 samples, mean = 0.0 (flags = 0x41)
0  -------O                                                                  (7 = 100.0%)
1  ... 

Histogram: Net.SpdySession.OnSettings.PendingStreamCount2 recorded 7 samples, mean = 0.0 (flags = 0x41)
0  -------O                                                                  (7 = 100.0%)
1  ... 

Histogram: Net.SpdySession.ServerSupportsWebSocket recorded 7 samples, mean = 0.0 (flags = 0x41)
0  -------O                                                                  (7 = 100.0%)
1  ... 

Histogram: Net.SpdySessionGet recorded 16 samples, mean = 1.9 (flags = 0x41)
0  O                                                                         (0 = 0.0%)
1  ---------O                                                                (9 = 56.2%) {0.0%}
2  O                                                                         (0 = 0.0%) {56.2%}
3  -------O                                                                  (7 = 43.8%) {56.2%}
4  O                                                                         (0 = 0.0%) {100.0%}

Histogram: Net.SpdyStreamsAbandonedPerSession recorded 7 samples, mean = 0.0 (flags = 0x41)
0  -------O                                                                  (7 = 100.0%)
1  ... 

Histogram: Net.SpdyStreamsPerSession recorded 7 samples, mean = 6.0 (flags = 0x41)
0   O                                                                         (0 = 0.0%)
1   ---O                                                                      (3 = 42.9%) {0.0%}
2   --O                                                                       (2 = 28.6%) {42.9%}
3   ... 
5   -O                                                                        (1 = 14.3%) {71.4%}
6   ... 
30  -O                                                                        (1 = 14.3%) {85.7%}
33  ... 

Histogram: Net.TCP_Connection_Latency recorded 11 samples, mean = 38.1 (flags = 0x41)
0    ... 
5    -O                                                                        (1 = 9.1%) {0.0%}
6    ---O                                                                      (3 = 27.3%) {9.1%}
7    --O                                                                       (2 = 18.2%) {36.4%}
8    O                                                                         (0 = 0.0%) {54.5%}
9    -O                                                                        (1 = 9.1%) {54.5%}
10   -O                                                                        (1 = 9.1%) {63.6%}
11   O                                                                         (0 = 0.0%) {72.7%}
12   -O                                                                        (1 = 9.1%) {72.7%}
14   ... 
164  --O                                                                       (2 = 18.2%) {81.8%}
186  ... 

Histogram: Net.TcpConnectAttempt.Latency.Success recorded 11 samples, mean = 38.0 (flags = 0x41)
0    -------O                                                                  (7 = 63.6%)
10   -O                                                                        (1 = 9.1%) {63.6%}
12   -O                                                                        (1 = 9.1%) {72.7%}
15   ... 
171  --O                                                                       (2 = 18.2%) {81.8%}
210  ... 

Histogram: Net.UDPSocketWinClose recorded 647 samples, mean = 0.0 (flags = 0x41)
0  ------------------------------------------------------------------------O (647 = 100.0%)
1  ... 

Histogram: Net.URLLoaderThrottle.OnReceiveResponseTime recorded 49 samples, mean = 0.1 (flags = 0x41)
0  ------------------------------------------------O                         (48 = 98.0%)
1  ... 
3  -O                                                                        (1 = 2.0%) {98.0%}
4  ... 

Histogram: Net.URLLoaderThrottleExecutionTime.BeforeWillProcessResponse recorded 247 samples, mean = 0.0 (flags = 0x41)
0  ------------------------------------------------------------------------O (247 = 100.0%)
1  ... 

Histogram: Net.URLLoaderThrottleExecutionTime.WillOnCompleteWithError recorded 20 samples, mean = 0.0 (flags = 0x41)
0  --------------------O                                                     (20 = 100.0%)
1  ... 

Histogram: Net.URLLoaderThrottleExecutionTime.WillProcessResponse recorded 247 samples, mean = 0.0 (flags = 0x41)
0  ------------------------------------------------------------------------O (247 = 100.0%)
1  ... 

Histogram: Net.URLLoaderThrottleExecutionTime.WillRedirectRequest recorded 10 samples, mean = 0.0 (flags = 0x41)
0  ----------O                                                               (10 = 100.0%)
1  ... 

Histogram: Net.URLLoaderThrottleExecutionTime.WillStartRequest recorded 267 samples, mean = 0.0 (flags = 0x41)
0  ------------------------------------------------------------------------O (267 = 100.0%)
1  ... 

Histogram: Net.URLRequest.ReferrerHasInformativePath.CrossOrigin recorded 43 samples, mean = 0.0 (flags = 0x41)
0  -------------------------------------------O                              (43 = 100.0%)
1  ... 

Histogram: Net.URLRequest.ReferrerHasInformativePath.SameOrigin recorded 13 samples, mean = 1.0 (flags = 0x41)
0  O                                                                         (0 = 0.0%)
1  -------------O                                                            (13 = 100.0%) {0.0%}
2  O                                                                         (0 = 0.0%) {100.0%}

Histogram: Net.URLRequest.ReferrerPolicyForRequest.CrossOrigin recorded 43 samples, mean = 1.0 (flags = 0x41)
0  O                                                                         (0 = 0.0%)
1  ------------------------------------------O                               (42 = 97.7%) {0.0%}
2  O                                                                         (0 = 0.0%) {97.7%}
3  -O                                                                        (1 = 2.3%) {97.7%}
4  ... 

Histogram: Net.URLRequest.ReferrerPolicyForRequest.SameOrigin recorded 13 samples, mean = 1.0 (flags = 0x41)
0  O                                                                         (0 = 0.0%)
1  -------------O                                                            (13 = 100.0%) {0.0%}
2  ... 

Histogram: Network.Mdns.Googlecast recorded 3 samples, mean = 0.0 (flags = 0x41)
0  ---O                                                                      (3 = 100.0%)
1  ... 

Histogram: NetworkService.DeletedOldCacheData recorded 1 samples, mean = 0.0 (flags = 0x41)
0  -O                                                                        (1 = 100.0%)
1  ... 

Histogram: NetworkService.GrantSandboxResult recorded 3 samples, mean = 9.0 (flags = 0x41)
0   ... 
7   -O                                                                        (1 = 33.3%) {0.0%}
8   ... 
10  --O                                                                       (2 = 66.7%) {33.3%}
11  ... 

Histogram: NetworkService.NetworkLoaderCompletionTime2.Network recorded 50 samples, mean = 150.0 (flags = 0x41)
0    ... 
8    --O                                                                       (2 = 4.0%) {0.0%}
10   O                                                                         (0 = 0.0%) {4.0%}
12   -O                                                                        (1 = 2.0%) {4.0%}
14   --O                                                                       (2 = 4.0%) {6.0%}
17   O                                                                         (0 = 0.0%) {10.0%}
20   ---O                                                                      (3 = 6.0%) {10.0%}
24   -O                                                                        (1 = 2.0%) {16.0%}
29   ... 
48   -O                                                                        (1 = 2.0%) {18.0%}
57   O                                                                         (0 = 0.0%) {20.0%}
68   -O                                                                        (1 = 2.0%) {20.0%}
81   O                                                                         (0 = 0.0%) {22.0%}
96   -------O                                                                  (7 = 14.0%) {22.0%}
114  ------O                                                                   (6 = 12.0%) {36.0%}
135  ---------------O                                                          (15 = 30.0%) {48.0%}
160  --O                                                                       (2 = 4.0%) {78.0%}
190  ----O                                                                     (4 = 8.0%) {82.0%}
226  -O                                                                        (1 = 2.0%) {90.0%}
268  O                                                                         (0 = 0.0%) {92.0%}
318  -O                                                                        (1 = 2.0%) {92.0%}
378  O                                                                         (0 = 0.0%) {94.0%}
449  -O                                                                        (1 = 2.0%) {94.0%}
533  -O                                                                        (1 = 2.0%) {96.0%}
633  O                                                                         (0 = 0.0%) {98.0%}
752  -O                                                                        (1 = 2.0%) {98.0%}
894  ... 

Histogram: NetworkService.TimeToGrantCacheAccess recorded 1 samples, mean = 5.0 (flags = 0x41)
0  ... 
5  -O                                                                        (1 = 100.0%) {0.0%}
6  ... 

Histogram: NetworkService.TimeToGrantDataAccess recorded 2 samples, mean = 1.5 (flags = 0x41)
0  O                                                                         (0 = 0.0%)
1  -O                                                                        (1 = 50.0%) {0.0%}
2  -O                                                                        (1 = 50.0%) {50.0%}
3  ... 

Histogram: NetworkService.TimeToGrantSharedDictionaryAccess recorded 1 samples, mean = 2.0 (flags = 0x41)
0  ... 
2  -O                                                                        (1 = 100.0%) {0.0%}
3  ... 

Histogram: NetworkedProfile.Check recorded 1 samples, mean = 4.0 (flags = 0x41)
0  ... 
4  -O                                                                        (1 = 100.0%) {0.0%}
5  ... 

Histogram: NewTabPage.MostVisited.DeciScore.0.Local recorded 1 samples, mean = 101.0 (flags = 0x41)
0   ... 
86  -O                                                                        (1 = 100.0%) {0.0%}
113 ... 

Histogram: NewTabPage.MostVisited.DeciScore.1.Local recorded 1 samples, mean = 101.0 (flags = 0x41)
0   ... 
86  -O                                                                        (1 = 100.0%) {0.0%}
113 ... 

Histogram: NewTabPage.MostVisited.DeciScore.2.Local recorded 1 samples, mean = 22.0 (flags = 0x41)
0   ... 
21  -O                                                                        (1 = 100.0%) {0.0%}
28  ... 

Histogram: Notifications.UsingSystemNotificationCenter recorded 1 samples, mean = 0.0 (flags = 0x41)
0  -O                                                                        (1 = 100.0%)
1  ... 

Histogram: Notifications.Windows.GetDisplayedStatus recorded 1 samples, mean = 0.0 (flags = 0x41)
0  -O                                                                        (1 = 100.0%)
1  ... 

Histogram: Notifications.Windows.GetSettingPolicyStartup recorded 1 samples, mean = 2.0 (flags = 0x41)
0  ... 
2  -O                                                                        (1 = 100.0%) {0.0%}
3  ... 

Histogram: Notifications.Windows.GetSettingStatusStartup recorded 1 samples, mean = 0.0 (flags = 0x41)
0  -O                                                                        (1 = 100.0%)
1  ... 

Histogram: Notifications.Windows.HistoryStatus recorded 1 samples, mean = 0.0 (flags = 0x41)
0  -O                                                                        (1 = 100.0%)
1  ... 

Histogram: Notifications.Windows.SetReadyCallbackStatus2 recorded 1 samples, mean = 3.0 (flags = 0x41)
0  ... 
3  -O                                                                        (1 = 100.0%) {0.0%}
4  ... 

Histogram: Notifications.Windows.StartMenuShortcutStatus recorded 1 samples, mean = 2.0 (flags = 0x41)
0  ... 
2  -O                                                                        (1 = 100.0%) {0.0%}
3  ... 

Histogram: OSCrypt.AppBoundEncryption.SupportLevel recorded 1 samples, mean = 4.0 (flags = 0x41)
0  ... 
4  -O                                                                        (1 = 100.0%) {0.0%}
5  ... 

Histogram: OSCrypt.AppBoundProvider.KeyRetrieval.Status recorded 1 samples, mean = 1.0 (flags = 0x41)
0  O                                                                         (0 = 0.0%)
1  -O                                                                        (1 = 100.0%) {0.0%}
2  ... 

Histogram: OSCrypt.AsyncInitialization.Result recorded 1 samples, mean = 1.0 (flags = 0x41)
0  O                                                                         (0 = 0.0%)
1  -O                                                                        (1 = 100.0%) {0.0%}
2  O                                                                         (0 = 0.0%) {100.0%}

Histogram: OSCrypt.AsyncInitialization.Time recorded 1 samples, mean = 0.0 (flags = 0x41)
0  -O                                                                        (1 = 100.0%)
1  ... 

Histogram: OSCrypt.DPAPIProvider.Status recorded 1 samples, mean = 0.0 (flags = 0x41)
0  -O                                                                        (1 = 100.0%)
1  ... 

Histogram: OSCrypt.Win.Decrypt.Result recorded 1 samples, mean = 0.0 (flags = 0x41)
0  -O                                                                        (1 = 100.0%)
1  ... 

Histogram: OSCrypt.Win.Decrypt.Time recorded 1 samples, mean = 0.0 (flags = 0x41)
0  -O                                                                        (1 = 100.0%)
1  ... 

Histogram: OSCrypt.Win.Encrypt.Result recorded 1 samples, mean = 1.0 (flags = 0x41)
0  O                                                                         (0 = 0.0%)
1  -O                                                                        (1 = 100.0%) {0.0%}
2  O                                                                         (0 = 0.0%) {100.0%}

Histogram: OSCrypt.Win.Encrypt.Time recorded 1 samples, mean = 0.0 (flags = 0x41)
0  -O                                                                        (1 = 100.0%)
1  ... 

Histogram: OSCrypt.Win.KeyDecryptionError recorded 1 samples (flags = 0x41)
-2146893813-O                                                                        (1 = 100.0%)

Histogram: Omnibox.TemplateUrl.RlzPresent recorded 1241 samples, mean = 0.0 (flags = 0x41)
0  ------------------------------------------------------------------------O (1241 = 100.0%)
1  ... 

Histogram: Omnibox.TemplateUrl.SearchClientPresent recorded 1241 samples, mean = 0.0 (flags = 0x41)
0  ------------------------------------------------------------------------O (1241 = 100.0%)
1  ... 

Histogram: OptimizationGuide.ApplyDecision.AboutThisSite recorded 1 samples, mean = 8.0 (flags = 0x41)
0  ... 
8  -O                                                                        (1 = 100.0%) {0.0%}
9  ... 

Histogram: OptimizationGuide.ApplyDecision.V8CompileHints recorded 1 samples, mean = 8.0 (flags = 0x41)
0  ... 
8  -O                                                                        (1 = 100.0%) {0.0%}
9  ... 

Histogram: OptimizationGuide.HintCacheLevelDBStore.Status recorded 3 samples, mean = 1.3 (flags = 0x41)
0  -O                                                                        (1 = 33.3%)
1  -O                                                                        (1 = 33.3%) {33.3%}
2  O                                                                         (0 = 0.0%) {66.7%}
3  -O                                                                        (1 = 33.3%) {66.7%}
4  O                                                                         (0 = 0.0%) {100.0%}

Histogram: OptimizationGuide.HintsManager.HintCacheInitialized recorded 1 samples, mean = 1.0 (flags = 0x40)
0  O                                                                         (0 = 0.0%)
1  -O                                                                        (1 = 100.0%) {0.0%}
2  O                                                                         (0 = 0.0%) {100.0%}

Histogram: OptimizationGuide.LoadedHint.Result recorded 3 samples, mean = 0.0 (flags = 0x40)
0  ---O                                                                      (3 = 100.0%)
1  ... 

Histogram: OptimizationGuide.ModelExecution.FeatureCurrentlyEnabledResult.Compose recorded 1 samples, mean = 1.0 (flags = 0x41)
0  O                                                                         (0 = 0.0%)
1  -O                                                                        (1 = 100.0%) {0.0%}
2  ... 

Histogram: OptimizationGuide.ModelExecution.FeatureCurrentlyEnabledResult.HistorySearch recorded 2 samples, mean = 3.0 (flags = 0x41)
0  ... 
3  --O                                                                       (2 = 100.0%) {0.0%}
4  ... 

Histogram: OptimizationGuide.ModelExecution.FeatureCurrentlyEnabledResult.TabOrganization recorded 1 samples, mean = 3.0 (flags = 0x41)
0  ... 
3  -O                                                                        (1 = 100.0%) {0.0%}
4  ... 

Histogram: OptimizationGuide.ModelExecution.FeatureCurrentlyEnabledResult.WallpaperSearch recorded 1 samples, mean = 1.0 (flags = 0x41)
0  O                                                                         (0 = 0.0%)
1  -O                                                                        (1 = 100.0%) {0.0%}
2  ... 

Histogram: OptimizationGuide.ModelExecution.FeatureEnabledAtStartup.Compose recorded 1 samples, mean = 0.0 (flags = 0x41)
0  -O                                                                        (1 = 100.0%)
1  ... 

Histogram: OptimizationGuide.ModelExecution.FeatureEnabledAtStartup.HistorySearch recorded 1 samples, mean = 0.0 (flags = 0x41)
0  -O                                                                        (1 = 100.0%)
1  ... 

Histogram: OptimizationGuide.ModelExecution.FeatureEnabledAtStartup.TabOrganization recorded 1 samples, mean = 0.0 (flags = 0x41)
0  -O                                                                        (1 = 100.0%)
1  ... 

Histogram: OptimizationGuide.ModelExecution.FeatureEnabledAtStartup.WallpaperSearch recorded 1 samples, mean = 0.0 (flags = 0x41)
0  -O                                                                        (1 = 100.0%)
1  ... 

Histogram: OptimizationGuide.ModelExecution.OnDeviceModelInstallCriteria.AtRegistration.All recorded 1 samples, mean = 0.0 (flags = 0x41)
0  -O                                                                        (1 = 100.0%)
1  ... 

Histogram: OptimizationGuide.ModelExecution.OnDeviceModelInstallCriteria.AtRegistration.DeviceCapability recorded 1 samples, mean = 0.0 (flags = 0x41)
0  -O                                                                        (1 = 100.0%)
1  ... 

Histogram: OptimizationGuide.ModelExecution.OnDeviceModelInstallCriteria.AtRegistration.DiskSpace recorded 1 samples, mean = 1.0 (flags = 0x41)
0  O                                                                         (0 = 0.0%)
1  -O                                                                        (1 = 100.0%) {0.0%}
2  O                                                                         (0 = 0.0%) {100.0%}

Histogram: OptimizationGuide.ModelExecution.OnDeviceModelInstallCriteria.AtRegistration.EnabledByEnterprisePolicy recorded 1 samples, mean = 1.0 (flags = 0x41)
0  O                                                                         (0 = 0.0%)
1  -O                                                                        (1 = 100.0%) {0.0%}
2  O                                                                         (0 = 0.0%) {100.0%}

Histogram: OptimizationGuide.ModelExecution.OnDeviceModelInstallCriteria.AtRegistration.EnabledByFeature recorded 1 samples, mean = 0.0 (flags = 0x41)
0  -O                                                                        (1 = 100.0%)
1  ... 

Histogram: OptimizationGuide.ModelExecution.OnDeviceModelInstallCriteria.AtRegistration.FeatureUse recorded 1 samples, mean = 0.0 (flags = 0x41)
0  -O                                                                        (1 = 100.0%)
1  ... 

Histogram: OptimizationGuide.ModelHandler.HandlerCreated.GeolocationPermissions recorded 1 samples, mean = 1.0 (flags = 0x41)
0  O                                                                         (0 = 0.0%)
1  -O                                                                        (1 = 100.0%) {0.0%}
2  O                                                                         (0 = 0.0%) {100.0%}

Histogram: OptimizationGuide.ModelHandler.HandlerCreated.NewTabPageHistoryClustersModuleRanking recorded 1 samples, mean = 1.0 (flags = 0x41)
0  O                                                                         (0 = 0.0%)
1  -O                                                                        (1 = 100.0%) {0.0%}
2  O                                                                         (0 = 0.0%) {100.0%}

Histogram: OptimizationGuide.ModelHandler.HandlerCreated.NotificationPermissions recorded 1 samples, mean = 1.0 (flags = 0x41)
0  O                                                                         (0 = 0.0%)
1  -O                                                                        (1 = 100.0%) {0.0%}
2  O                                                                         (0 = 0.0%) {100.0%}

Histogram: OptimizationGuide.ModelHandler.HandlerCreated.OmniboxUrlScoring recorded 1 samples, mean = 1.0 (flags = 0x41)
0  O                                                                         (0 = 0.0%)
1  -O                                                                        (1 = 100.0%) {0.0%}
2  O                                                                         (0 = 0.0%) {100.0%}

Histogram: OptimizationGuide.ModelHandler.HandlerCreated.PageTopicsV2 recorded 1 samples, mean = 1.0 (flags = 0x41)
0  O                                                                         (0 = 0.0%)
1  -O                                                                        (1 = 100.0%) {0.0%}
2  O                                                                         (0 = 0.0%) {100.0%}

Histogram: OptimizationGuide.PageContentAnnotations.AnnotateVisitResultCached recorded 3 samples, mean = 0.0 (flags = 0x41)
0  ---O                                                                      (3 = 100.0%)
1  ... 

Histogram: OptimizationGuide.PageContentAnnotationsService.ContentAnnotated recorded 3 samples, mean = 0.0 (flags = 0x41)
0  ---O                                                                      (3 = 100.0%)
1  ... 

Histogram: OptimizationGuide.PredictionManager.DownloadServiceAvailabilityBlockedFetch recorded 1 samples, mean = 1.0 (flags = 0x41)
0  O                                                                         (0 = 0.0%)
1  -O                                                                        (1 = 100.0%) {0.0%}
2  O                                                                         (0 = 0.0%) {100.0%}

Histogram: OptimizationGuide.PredictionManager.FirstModelFetchSinceServiceInit recorded 1 samples, mean = 10015.0 (flags = 0x41)
0     ... 
8000  -O                                                                        (1 = 100.0%) {0.0%}
10165 ... 

Histogram: OptimizationGuide.PredictionManager.ModelAvailableAtRegistration.ClientSidePhishing recorded 1 samples, mean = 0.0 (flags = 0x41)
0  -O                                                                        (1 = 100.0%)
1  ... 

Histogram: OptimizationGuide.PredictionManager.ModelAvailableAtRegistration.GeolocationPermissions recorded 1 samples, mean = 0.0 (flags = 0x41)
0  -O                                                                        (1 = 100.0%)
1  ... 

Histogram: OptimizationGuide.PredictionManager.ModelAvailableAtRegistration.LanguageDetection recorded 2 samples, mean = 0.0 (flags = 0x41)
0  --O                                                                       (2 = 100.0%)
1  ... 

Histogram: OptimizationGuide.PredictionManager.ModelAvailableAtRegistration.NewTabPageHistoryClustersModuleRanking recorded 1 samples, mean = 0.0 (flags = 0x41)
0  -O                                                                        (1 = 100.0%)
1  ... 

Histogram: OptimizationGuide.PredictionManager.ModelAvailableAtRegistration.NotificationPermissions recorded 1 samples, mean = 0.0 (flags = 0x41)
0  -O                                                                        (1 = 100.0%)
1  ... 

Histogram: OptimizationGuide.PredictionManager.ModelAvailableAtRegistration.OmniboxUrlScoring recorded 1 samples, mean = 0.0 (flags = 0x41)
0  -O                                                                        (1 = 100.0%)
1  ... 

Histogram: OptimizationGuide.PredictionManager.ModelAvailableAtRegistration.PageTopicsV2 recorded 1 samples, mean = 0.0 (flags = 0x41)
0  -O                                                                        (1 = 100.0%)
1  ... 

Histogram: OptimizationGuide.PredictionManager.ModelAvailableAtRegistration.TextSafety recorded 1 samples, mean = 0.0 (flags = 0x41)
0  -O                                                                        (1 = 100.0%)
1  ... 

Histogram: OptimizationGuide.PredictionManager.ModelAvailableAtRegistration.VisualSearchClassification recorded 1 samples, mean = 0.0 (flags = 0x41)
0  -O                                                                        (1 = 100.0%)
1  ... 

Histogram: OptimizationGuide.PredictionManager.ModelDeliveryEvents.ClientSidePhishing recorded 1 samples, mean = 7.0 (flags = 0x41)
0  ... 
7  -O                                                                        (1 = 100.0%) {0.0%}
8  ... 

Histogram: OptimizationGuide.PredictionManager.ModelDeliveryEvents.GeolocationPermissions recorded 1 samples, mean = 7.0 (flags = 0x41)
0  ... 
7  -O                                                                        (1 = 100.0%) {0.0%}
8  ... 

Histogram: OptimizationGuide.PredictionManager.ModelDeliveryEvents.LanguageDetection recorded 1 samples, mean = 7.0 (flags = 0x41)
0  ... 
7  -O                                                                        (1 = 100.0%) {0.0%}
8  ... 

Histogram: OptimizationGuide.PredictionManager.ModelDeliveryEvents.NewTabPageHistoryClustersModuleRanking recorded 1 samples, mean = 7.0 (flags = 0x41)
0  ... 
7  -O                                                                        (1 = 100.0%) {0.0%}
8  ... 

Histogram: OptimizationGuide.PredictionManager.ModelDeliveryEvents.NotificationPermissions recorded 1 samples, mean = 7.0 (flags = 0x41)
0  ... 
7  -O                                                                        (1 = 100.0%) {0.0%}
8  ... 

Histogram: OptimizationGuide.PredictionManager.ModelDeliveryEvents.OmniboxUrlScoring recorded 1 samples, mean = 7.0 (flags = 0x41)
0  ... 
7  -O                                                                        (1 = 100.0%) {0.0%}
8  ... 

Histogram: OptimizationGuide.PredictionManager.ModelDeliveryEvents.PageTopicsV2 recorded 1 samples, mean = 7.0 (flags = 0x41)
0  ... 
7  -O                                                                        (1 = 100.0%) {0.0%}
8  ... 

Histogram: OptimizationGuide.PredictionManager.ModelDeliveryEvents.TextSafety recorded 1 samples, mean = 7.0 (flags = 0x41)
0  ... 
7  -O                                                                        (1 = 100.0%) {0.0%}
8  ... 

Histogram: OptimizationGuide.PredictionManager.ModelDeliveryEvents.VisualSearchClassification recorded 1 samples, mean = 7.0 (flags = 0x41)
0  ... 
7  -O                                                                        (1 = 100.0%) {0.0%}
8  ... 

Histogram: OptimizationGuide.PredictionManager.RegistrationTimeSinceServiceInit.ClientSidePhishing recorded 1 samples, mean = 0.0 (flags = 0x41)
0  -O                                                                        (1 = 100.0%)
1  ... 

Histogram: OptimizationGuide.PredictionManager.RegistrationTimeSinceServiceInit.GeolocationPermissions recorded 1 samples, mean = 0.0 (flags = 0x41)
0  -O                                                                        (1 = 100.0%)
1  ... 

Histogram: OptimizationGuide.PredictionManager.RegistrationTimeSinceServiceInit.LanguageDetection recorded 2 samples, mean = 5.0 (flags = 0x41)
0   -O                                                                        (1 = 50.0%)
1   ... 
10  -O                                                                        (1 = 50.0%) {50.0%}
13  ... 

Histogram: OptimizationGuide.PredictionManager.RegistrationTimeSinceServiceInit.NewTabPageHistoryClustersModuleRanking recorded 1 samples, mean = 0.0 (flags = 0x41)
0  -O                                                                        (1 = 100.0%)
1  ... 

Histogram: OptimizationGuide.PredictionManager.RegistrationTimeSinceServiceInit.NotificationPermissions recorded 1 samples, mean = 0.0 (flags = 0x41)
0  -O                                                                        (1 = 100.0%)
1  ... 

Histogram: OptimizationGuide.PredictionManager.RegistrationTimeSinceServiceInit.OmniboxUrlScoring recorded 1 samples, mean = 0.0 (flags = 0x41)
0  -O                                                                        (1 = 100.0%)
1  ... 

Histogram: OptimizationGuide.PredictionManager.RegistrationTimeSinceServiceInit.PageTopicsV2 recorded 1 samples, mean = 0.0 (flags = 0x41)
0  -O                                                                        (1 = 100.0%)
1  ... 

Histogram: OptimizationGuide.PredictionManager.RegistrationTimeSinceServiceInit.TextSafety recorded 1 samples, mean = 0.0 (flags = 0x41)
0  -O                                                                        (1 = 100.0%)
1  ... 

Histogram: OptimizationGuide.PredictionManager.RegistrationTimeSinceServiceInit.VisualSearchClassification recorded 1 samples, mean = 0.0 (flags = 0x41)
0  -O                                                                        (1 = 100.0%)
1  ... 

Histogram: OptimizationGuide.PredictionManager.StoreInitialized recorded 1 samples, mean = 1.0 (flags = 0x40)
0  O                                                                         (0 = 0.0%)
1  -O                                                                        (1 = 100.0%) {0.0%}
2  O                                                                         (0 = 0.0%) {100.0%}

Histogram: OptimizationGuide.PredictionManager.SupportedModelEngineVersion recorded 1 samples, mean = 18.0 (flags = 0x40)
0   ... 
18  -O                                                                        (1 = 100.0%) {0.0%}
19  ... 

Histogram: OptimizationGuide.ProcessingComponentAtShutdown recorded 1 samples, mean = 0.0 (flags = 0x41)
0  -O                                                                        (1 = 100.0%)
1  ... 

Histogram: OptimizationGuide.RemoteFetchingEnabled recorded 1 samples, mean = 0.0 (flags = 0x41)
0  -O                                                                        (1 = 100.0%)
1  ... 

Histogram: OriginTrials.PersistentOriginTrial.LevelDbInitSuccess recorded 1 samples, mean = 0.0 (flags = 0x41)
0  -O                                                                        (1 = 100.0%)
1  ... 

Histogram: PageActionController.ExtensionsWithPageActions recorded 1 samples, mean = 0.0 (flags = 0x41)
0  -O                                                                        (1 = 100.0%)
1  ... 

Histogram: PageContentAnnotations.AnnotateVisit.AnnotationRequestQueued recorded 3 samples, mean = 1.0 (flags = 0x40)
0  O                                                                         (0 = 0.0%)
1  ---O                                                                      (3 = 100.0%) {0.0%}
2  O                                                                         (0 = 0.0%) {100.0%}

Histogram: PageContentAnnotations.AnnotateVisit.AnnotationRequested recorded 3 samples, mean = 1.0 (flags = 0x40)
0  O                                                                         (0 = 0.0%)
1  ---O                                                                      (3 = 100.0%) {0.0%}
2  O                                                                         (0 = 0.0%) {100.0%}

Histogram: PageContentAnnotations.AnnotateVisit.BatchAnnotationStarted recorded 1 samples, mean = 1.0 (flags = 0x40)
0  O                                                                         (0 = 0.0%)
1  -O                                                                        (1 = 100.0%) {0.0%}
2  O                                                                         (0 = 0.0%) {100.0%}

Histogram: PageLoad.Clients.Ads.AllPages.NonAdNetworkBytes recorded 1 samples, mean = 2444.0 (flags = 0x41)
0     ... 
1991  -O                                                                        (1 = 100.0%) {0.0%}
2593  ... 

Histogram: PageLoad.Clients.Ads.AllPages.PercentNetworkBytesAds recorded 1 samples, mean = 0.0 (flags = 0x41)
0  -O                                                                        (1 = 100.0%)
1  ... 

Histogram: PageLoad.Clients.Ads.AllPages.PercentTotalBytesAds recorded 1 samples, mean = 0.0 (flags = 0x41)
0  -O                                                                        (1 = 100.0%)
1  ... 

Histogram: PageLoad.Clients.Ads.AverageViewportAdDensity recorded 1 samples, mean = 0.0 (flags = 0x41)
0  -O                                                                        (1 = 100.0%)
1  ... 

Histogram: PageLoad.Clients.Ads.FrameCounts.AdFrames.Total recorded 1 samples, mean = 0.0 (flags = 0x41)
0  -O                                                                        (1 = 100.0%)
1  ... 

Histogram: PageLoad.Clients.Ads.NonVisible.FrameCounts.AdFrames.Total recorded 1 samples, mean = 0.0 (flags = 0x41)
0  -O                                                                        (1 = 100.0%)
1  ... 

Histogram: PageLoad.Clients.Ads.Visible.FrameCounts.AdFrames.Total recorded 1 samples, mean = 0.0 (flags = 0x41)
0  -O                                                                        (1 = 100.0%)
1  ... 

Histogram: PageLoad.Clients.CrossOrigin.LayoutInstability.CumulativeShiftScore recorded 1 samples, mean = 0.0 (flags = 0x41)
0  -O                                                                        (1 = 100.0%)
1  ... 

Histogram: PageLoad.Clients.CrossOrigin.LayoutInstability.CumulativeShiftScore.MainFrame recorded 1 samples, mean = 0.0 (flags = 0x41)
0  -O                                                                        (1 = 100.0%)
1  ... 

Histogram: PageLoad.Clients.Leakage2.AbandonReasonAt.LoaderStart recorded 1 samples, mean = 10.0 (flags = 0x41)
0   ... 
10  -O                                                                        (1 = 100.0%) {0.0%}
11  ... 

Histogram: PageLoad.Clients.Leakage2.LastMilestoneBeforeAbandon.NewReloadNavigation recorded 1 samples, mean = 1.0 (flags = 0x41)
0  O                                                                         (0 = 0.0%)
1  -O                                                                        (1 = 100.0%) {0.0%}
2  ... 

Histogram: PageLoad.Clients.Leakage2.LoaderStartToAbandon.NewReloadNavigation recorded 1 samples, mean = 2010.0 (flags = 0x41)
0     ... 
1945  -O                                                                        (1 = 100.0%) {0.0%}
2176  ... 

Histogram: PageLoad.Clients.Leakage2.NavigationStart recorded 2 samples, mean = 2315.0 (flags = 0x41)
0     ... 
1945  -O                                                                        (1 = 50.0%) {0.0%}
2176  O                                                                         (0 = 0.0%) {50.0%}
2435  -O                                                                        (1 = 50.0%) {50.0%}
2725  ... 

Histogram: PageLoad.Clients.Leakage2.NavigationStartToCommitReceived recorded 1 samples, mean = 2593.0 (flags = 0x41)
0     ... 
2435  -O                                                                        (1 = 100.0%) {0.0%}
2725  ... 

Histogram: PageLoad.Clients.Leakage2.NavigationStartToCommitSent recorded 1 samples, mean = 2589.0 (flags = 0x41)
0     ... 
2435  -O                                                                        (1 = 100.0%) {0.0%}
2725  ... 

Histogram: PageLoad.Clients.Leakage2.NavigationStartToDOMContentLoaded recorded 1 samples, mean = 2853.0 (flags = 0x41)
0     ... 
2725  -O                                                                        (1 = 100.0%) {0.0%}
3049  ... 

Histogram: PageLoad.Clients.Leakage2.NavigationStartToDidCommit recorded 1 samples, mean = 2595.0 (flags = 0x41)
0     ... 
2435  -O                                                                        (1 = 100.0%) {0.0%}
2725  ... 

Histogram: PageLoad.Clients.Leakage2.NavigationStartToLoadStarted recorded 1 samples, mean = 3547.0 (flags = 0x41)
0     ... 
3412  -O                                                                        (1 = 100.0%) {0.0%}
3818  ... 

Histogram: PageLoad.Clients.Leakage2.NavigationStartToLoaderStart recorded 2 samples, mean = 1006.0 (flags = 0x41)
0     ... 
24    -O                                                                        (1 = 50.0%) {0.0%}
27    ... 
1945  -O                                                                        (1 = 50.0%) {50.0%}
2176  ... 

Histogram: PageLoad.Clients.Leakage2.NavigationStartToNonRedirectResponseLoaderCallback recorded 1 samples, mean = 2586.0 (flags = 0x41)
0     ... 
2435  -O                                                                        (1 = 100.0%) {0.0%}
2725  ... 

Histogram: PageLoad.Clients.Leakage2.NavigationStartToNonRedirectResponseStart recorded 1 samples, mean = 2580.0 (flags = 0x41)
0     ... 
2435  -O                                                                        (1 = 100.0%) {0.0%}
2725  ... 

Histogram: PageLoad.Clients.Leakage2.NavigationStartToNonRedirectedRequestStart recorded 1 samples, mean = 2328.0 (flags = 0x41)
0     ... 
2176  -O                                                                        (1 = 100.0%) {0.0%}
2435  ... 

Histogram: PageLoad.Clients.Leakage2.NavigationStartToParseStart recorded 1 samples, mean = 2595.0 (flags = 0x41)
0     ... 
2435  -O                                                                        (1 = 100.0%) {0.0%}
2725  ... 

Histogram: PageLoad.Clients.Leakage2.RendererProcessCreatedBeforeNav recorded 1 samples, mean = 1.0 (flags = 0x41)
0  O                                                                         (0 = 0.0%)
1  -O                                                                        (1 = 100.0%) {0.0%}
2  O                                                                         (0 = 0.0%) {100.0%}

Histogram: PageLoad.Clients.LinkPreview.Usage recorded 1 samples, mean = 0.0 (flags = 0x41)
0  -O                                                                        (1 = 100.0%)
1  ... 

Histogram: PageLoad.Clients.MultiTabLoading.WithTabCount_0.DocumentTiming.NavigationToDOMContentLoadedEventFired recorded 1 samples, mean = 2853.0 (flags = 0x41)
0     ... 
2725  -O                                                                        (1 = 100.0%) {0.0%}
3049  ... 

Histogram: PageLoad.Clients.MultiTabLoading.WithTabCount_0.DocumentTiming.NavigationToLoadEventFired recorded 1 samples, mean = 3547.0 (flags = 0x41)
0     ... 
3412  -O                                                                        (1 = 100.0%) {0.0%}
3818  ... 

Histogram: PageLoad.Clients.MultiTabLoading.With_0_OtherLoading.DocumentTiming.NavigationToDOMContentLoadedEventFired recorded 1 samples, mean = 2853.0 (flags = 0x41)
0     ... 
2725  -O                                                                        (1 = 100.0%) {0.0%}
3049  ... 

Histogram: PageLoad.Clients.MultiTabLoading.With_0_OtherLoading.DocumentTiming.NavigationToLoadEventFired recorded 1 samples, mean = 3547.0 (flags = 0x41)
0     ... 
3412  -O                                                                        (1 = 100.0%) {0.0%}
3818  ... 

Histogram: PageLoad.Clients.PerformanceManager.LoadedIdleWithoutLCP recorded 1 samples, mean = 6214.0 (flags = 0x41)
0     ... 
4955  -O                                                                        (1 = 100.0%) {0.0%}
6296  ... 

Histogram: PageLoad.Clients.PerformanceManager.LoadedIdleWithoutLCP.Foreground recorded 1 samples, mean = 6214.0 (flags = 0x41)
0     ... 
4955  -O                                                                        (1 = 100.0%) {0.0%}
6296  ... 

Histogram: PageLoad.Clients.Protocol.H2.DocumentTiming.NavigationToDOMContentLoadedEventFired recorded 1 samples, mean = 2853.0 (flags = 0x41)
0     ... 
2725  -O                                                                        (1 = 100.0%) {0.0%}
3049  ... 

Histogram: PageLoad.Clients.Protocol.H2.DocumentTiming.NavigationToLoadEventFired recorded 1 samples, mean = 3547.0 (flags = 0x41)
0     ... 
3412  -O                                                                        (1 = 100.0%) {0.0%}
3818  ... 

Histogram: PageLoad.Clients.Protocol.H2.ParseTiming.NavigationToParseStart recorded 1 samples, mean = 2595.0 (flags = 0x41)
0     ... 
2435  -O                                                                        (1 = 100.0%) {0.0%}
2725  ... 

Histogram: PageLoad.Clients.Scheme.HTTPS.ParseTiming.NavigationToParseStart recorded 1 samples, mean = 2595.0 (flags = 0x41)
0     ... 
2435  -O                                                                        (1 = 100.0%) {0.0%}
2725  ... 

Histogram: PageLoad.Clients.SubresourceLoading.DaysSinceLastVisitToOrigin recorded 1 samples, mean = 0.0 (flags = 0x40)
0  -O                                                                        (1 = 100.0%)
1  ... 

Histogram: PageLoad.Clients.SubresourceLoading.HasPreviousVisitToOrigin recorded 1 samples, mean = 1.0 (flags = 0x40)
0  O                                                                         (0 = 0.0%)
1  -O                                                                        (1 = 100.0%) {0.0%}
2  O                                                                         (0 = 0.0%) {100.0%}

Histogram: PageLoad.Clients.TPCD.CookieAccess.ThirdPartyCookieAllowMechanism3 recorded 1 samples, mean = 2.0 (flags = 0x41)
0  ... 
2  -O                                                                        (1 = 100.0%) {0.0%}
3  ... 

Histogram: PageLoad.Clients.TPCD.ThirdPartyCookieAccessBlockedByExperiment2 recorded 1 samples, mean = 0.0 (flags = 0x41)
0  -O                                                                        (1 = 100.0%)
1  ... 

Histogram: PageLoad.Clients.ThirdParty.Origins.CookieRead2 recorded 1 samples, mean = 0.0 (flags = 0x41)
0  -O                                                                        (1 = 100.0%)
1  ... 

Histogram: PageLoad.Cpu.TotalUsage recorded 1 samples, mean = 322.0 (flags = 0x41)
0    ... 
322  -O                                                                        (1 = 100.0%) {0.0%}
360  ... 

Histogram: PageLoad.Cpu.TotalUsageForegrounded recorded 1 samples, mean = 322.0 (flags = 0x41)
0    ... 
322  -O                                                                        (1 = 100.0%) {0.0%}
360  ... 

Histogram: PageLoad.DocumentTiming.NavigationToDOMContentLoadedEventFired recorded 1 samples, mean = 2853.0 (flags = 0x41)
0     ... 
2725  -O                                                                        (1 = 100.0%) {0.0%}
3049  ... 

Histogram: PageLoad.DocumentTiming.NavigationToLoadEventFired recorded 1 samples, mean = 3547.0 (flags = 0x41)
0     ... 
3412  -O                                                                        (1 = 100.0%) {0.0%}
3818  ... 

Histogram: PageLoad.Experimental.NavigationTiming.FinalLoaderCallbackToNavigationCommitSent recorded 1 samples, mean = 2.0 (flags = 0x41)
0  -O                                                                        (1 = 100.0%)
10 ... 

Histogram: PageLoad.Experimental.NavigationTiming.FinalRequestStartToFinalResponseStart recorded 1 samples, mean = 251.0 (flags = 0x41)
0    ... 
230  -O                                                                        (1 = 100.0%) {0.0%}
257  ... 

Histogram: PageLoad.Experimental.NavigationTiming.FinalResponseStartToFinalLoaderCallback recorded 1 samples, mean = 6.0 (flags = 0x41)
0  -O                                                                        (1 = 100.0%)
10 ... 

Histogram: PageLoad.Experimental.NavigationTiming.FirstRequestStartToFirstResponseStart recorded 1 samples, mean = 251.0 (flags = 0x41)
0    ... 
230  -O                                                                        (1 = 100.0%) {0.0%}
257  ... 

Histogram: PageLoad.Experimental.NavigationTiming.FirstResponseStartToFirstLoaderCallback recorded 1 samples, mean = 6.0 (flags = 0x41)
0  -O                                                                        (1 = 100.0%)
10 ... 

Histogram: PageLoad.Experimental.NavigationTiming.NavigationStartToFinalLoaderCallback recorded 1 samples, mean = 2586.0 (flags = 0x41)
0     ... 
2435  -O                                                                        (1 = 100.0%) {0.0%}
2725  ... 

Histogram: PageLoad.Experimental.NavigationTiming.NavigationStartToFinalRequestStart recorded 1 samples, mean = 2328.0 (flags = 0x41)
0     ... 
2176  -O                                                                        (1 = 100.0%) {0.0%}
2435  ... 

Histogram: PageLoad.Experimental.NavigationTiming.NavigationStartToFinalResponseStart recorded 1 samples, mean = 2580.0 (flags = 0x41)
0     ... 
2435  -O                                                                        (1 = 100.0%) {0.0%}
2725  ... 

Histogram: PageLoad.Experimental.NavigationTiming.NavigationStartToFirstLoaderCallback recorded 1 samples, mean = 2586.0 (flags = 0x41)
0     ... 
2435  -O                                                                        (1 = 100.0%) {0.0%}
2725  ... 

Histogram: PageLoad.Experimental.NavigationTiming.NavigationStartToFirstRequestStart recorded 1 samples, mean = 2328.0 (flags = 0x41)
0     ... 
2176  -O                                                                        (1 = 100.0%) {0.0%}
2435  ... 

Histogram: PageLoad.Experimental.NavigationTiming.NavigationStartToFirstResponseStart recorded 1 samples, mean = 2580.0 (flags = 0x41)
0     ... 
2435  -O                                                                        (1 = 100.0%) {0.0%}
2725  ... 

Histogram: PageLoad.Experimental.NavigationTiming.NavigationStartToNavigationCommitSent recorded 1 samples, mean = 2589.0 (flags = 0x41)
0     ... 
2435  -O                                                                        (1 = 100.0%) {0.0%}
2725  ... 

Histogram: PageLoad.Experimental.PageTiming.CommitSentToFirstSubresourceLoadStart recorded 1 samples, mean = 26.0 (flags = 0x41)
0   ... 
24  -O                                                                        (1 = 100.0%) {0.0%}
27  ... 

Histogram: PageLoad.Experimental.PageTiming.NavigationToFirstSubresourceLoadStart recorded 1 samples, mean = 2615.0 (flags = 0x41)
0     ... 
2435  -O                                                                        (1 = 100.0%) {0.0%}
2725  ... 

Histogram: PageLoad.Experimental.PageTiming.ResourceLoadTime. recorded 6 samples, mean = 203.2 (flags = 0x41)
0    ... 
20   -O                                                                        (1 = 16.7%) {0.0%}
25   ... 
52   -O                                                                        (1 = 16.7%) {16.7%}
66   ... 
173  ---O                                                                      (3 = 50.0%) {33.3%}
220  ... 
452  -O                                                                        (1 = 16.7%) {83.3%}
574  ... 

Histogram: PageLoad.Experimental.PageTiming.ResourceLoadTime.document recorded 1 samples, mean = 253.0 (flags = 0x41)
0    ... 
220  -O                                                                        (1 = 100.0%) {0.0%}
280  ... 

Histogram: PageLoad.Experimental.PageTiming.ResourceLoadTime.font recorded 5 samples, mean = 33.8 (flags = 0x41)
0   ... 
8   -O                                                                        (1 = 20.0%) {0.0%}
10  O                                                                         (0 = 0.0%) {20.0%}
13  -O                                                                        (1 = 20.0%) {20.0%}
16  O                                                                         (0 = 0.0%) {40.0%}
20  --O                                                                       (2 = 40.0%) {40.0%}
25  ... 
84  -O                                                                        (1 = 20.0%) {80.0%}
107 ... 

Histogram: PageLoad.Experimental.PageTiming.ResourceLoadTime.image recorded 2 samples, mean = 527.0 (flags = 0x41)
0    ... 
173  -O                                                                        (1 = 50.0%) {0.0%}
220  ... 
729  -O                                                                        (1 = 50.0%) {50.0%}
926  ... 

Histogram: PageLoad.Experimental.PageTiming.ResourceLoadTime.manifest recorded 1 samples, mean = 218.0 (flags = 0x41)
0    ... 
173  -O                                                                        (1 = 100.0%) {0.0%}
220  ... 

Histogram: PageLoad.Experimental.PageTiming.ResourceLoadTime.script recorded 27 samples, mean = 102.9 (flags = 0x41)
0    ... 
6    -O                                                                        (1 = 3.7%) {0.0%}
8    -O                                                                        (1 = 3.7%) {3.7%}
10   -O                                                                        (1 = 3.7%) {7.4%}
13   -O                                                                        (1 = 3.7%) {11.1%}
16   ... 
52   -O                                                                        (1 = 3.7%) {14.8%}
66   O                                                                         (0 = 0.0%) {18.5%}
84   ----O                                                                     (4 = 14.8%) {18.5%}
107  -----------------O                                                        (17 = 63.0%) {33.3%}
136  O                                                                         (0 = 0.0%) {96.3%}
173  -O                                                                        (1 = 3.7%) {96.3%}
220  ... 

Histogram: PageLoad.Experimental.PageTiming.ResourceLoadTime.style recorded 7 samples, mean = 118.7 (flags = 0x41)
0    ... 
107  ------O                                                                   (6 = 85.7%) {0.0%}
136  -O                                                                        (1 = 14.3%) {85.7%}
173  ... 

Histogram: PageLoad.Experimental.PageVisitFinalStatus recorded 1 samples, mean = 1.0 (flags = 0x41)
0  O                                                                         (0 = 0.0%)
1  -O                                                                        (1 = 100.0%) {0.0%}
2  ... 

Histogram: PageLoad.Experimental.PageVisitType2 recorded 1 samples, mean = 6.0 (flags = 0x41)
0  ... 
6  -O                                                                        (1 = 100.0%) {0.0%}
7  ... 

Histogram: PageLoad.Experimental.PaintTiming.FirstEligibleToPaintToFirstPaint recorded 1 samples, mean = 521.0 (flags = 0x41)
0    ... 
505  -O                                                                        (1 = 100.0%) {0.0%}
565  ... 

Histogram: PageLoad.Experimental.TotalForegroundDuration recorded 1 samples, mean = 74985088.0 (flags = 0x41)
0        ... 
3600000  -O                                                                        (1 = 100.0%) {0.0%}

Histogram: PageLoad.Experimental.TotalForegroundDuration.AllVisit recorded 1 samples, mean = 74985088.0 (flags = 0x41)
0        ... 
3600000  -O                                                                        (1 = 100.0%) {0.0%}

Histogram: PageLoad.Experimental.TotalForegroundDuration.IndependentUIVisit recorded 1 samples, mean = 74985088.0 (flags = 0x41)
0        ... 
3600000  -O                                                                        (1 = 100.0%) {0.0%}

Histogram: PageLoad.Expermental.SoftNavigations.Count recorded 1 samples, mean = 0.0 (flags = 0x41)
0  -O                                                                        (1 = 100.0%)
1  ... 

Histogram: PageLoad.Internal.PageLoadTimingStatus recorded 14 samples, mean = 0.0 (flags = 0x41)
0  --------------O                                                           (14 = 100.0%)
1  ... 

Histogram: PageLoad.Internal.PageLoadTimingStatus.AtTimingCallbackDispatch recorded 4 samples, mean = 0.0 (flags = 0x41)
0  ----O                                                                     (4 = 100.0%)
1  ... 

Histogram: PageLoad.Internal.PageType recorded 2 samples, mean = 0.0 (flags = 0x41)
0  --O                                                                       (2 = 100.0%)
1  ... 

Histogram: PageLoad.Internal.SuppressedEventsBeforeMissingFirstPaint recorded 1 samples, mean = 0.0 (flags = 0x41)
0  -O                                                                        (1 = 100.0%)
1  ... 

Histogram: PageLoad.Internal.SuppressedEventsCountBeforePaint3 recorded 1 samples, mean = 0.0 (flags = 0x41)
0  -O                                                                        (1 = 100.0%)
1  ... 

Histogram: PageLoad.Internal.SuppressedEventsTimingBeforePaint3 recorded 1 samples, mean = 0.0 (flags = 0x41)
0  -O                                                                        (1 = 100.0%)
1  ... 

Histogram: PageLoad.Internal.SuppressedInteractionsCountBeforePaint3 recorded 1 samples, mean = 0.0 (flags = 0x41)
0  -O                                                                        (1 = 100.0%)
1  ... 

Histogram: PageLoad.LayoutInstability.CumulativeShiftScore recorded 1 samples, mean = 0.0 (flags = 0x41)
0  -O                                                                        (1 = 100.0%)
1  ... 

Histogram: PageLoad.LayoutInstability.CumulativeShiftScore.MainFrame recorded 1 samples, mean = 0.0 (flags = 0x41)
0  -O                                                                        (1 = 100.0%)
1  ... 

Histogram: PageLoad.LayoutInstability.MaxCumulativeShiftScore.SessionWindow.Gap1000ms.Max5000ms recorded 1 samples, mean = 0.0 (flags = 0x41)
0  -O                                                                        (1 = 100.0%)
1  ... 

Histogram: PageLoad.LayoutInstability.MaxCumulativeShiftScore.SessionWindow.Gap1000ms.Max5000ms2 recorded 1 samples, mean = 0.0 (flags = 0x41)
0  -O                                                                        (1 = 100.0%)
1  ... 

Histogram: PageLoad.PageTiming.ForegroundDuration recorded 1 samples, mean = 74985088.0 (flags = 0x41)
0        ... 
3600000  -O                                                                        (1 = 100.0%) {0.0%}

Histogram: PageLoad.PageTiming.ForegroundDuration.AfterPaint recorded 1 samples, mean = 74981784.0 (flags = 0x41)
0        ... 
3600000  -O                                                                        (1 = 100.0%) {0.0%}

Histogram: PageLoad.PageTiming.ForegroundDuration.NoCommit recorded 1 samples, mean = 46.0 (flags = 0x41)
0   ... 
41  -O                                                                        (1 = 100.0%) {0.0%}
47  ... 

Histogram: PageLoad.PageTiming.ForegroundDuration.WithPaint recorded 1 samples, mean = 74985088.0 (flags = 0x41)
0        ... 
3600000  -O                                                                        (1 = 100.0%) {0.0%}

Histogram: PageLoad.PaintTiming.NavigationToFirstPaint recorded 1 samples, mean = 3305.0 (flags = 0x41)
0     ... 
3049  -O                                                                        (1 = 100.0%) {0.0%}
3412  ... 

Histogram: PageLoad.ParseTiming.NavigationToParseStart recorded 1 samples, mean = 2595.0 (flags = 0x41)
0     ... 
2435  -O                                                                        (1 = 100.0%) {0.0%}
2725  ... 

Histogram: PageLoad.ParseTiming.NavigationToParseStart.LoadType.NewNavigation recorded 1 samples, mean = 2595.0 (flags = 0x41)
0     ... 
2435  -O                                                                        (1 = 100.0%) {0.0%}
2725  ... 

Histogram: PageLoad.ParseTiming.ParseBlockedOnScriptExecution recorded 1 samples, mean = 3.0 (flags = 0x41)
0  -O                                                                        (1 = 100.0%)
10 ... 

Histogram: PageLoad.ParseTiming.ParseBlockedOnScriptExecutionFromDocumentWrite recorded 1 samples, mean = 0.0 (flags = 0x41)
0  -O                                                                        (1 = 100.0%)
10 ... 

Histogram: PageLoad.ParseTiming.ParseBlockedOnScriptLoad recorded 1 samples, mean = 162.0 (flags = 0x41)
0    ... 
147  -O                                                                        (1 = 100.0%) {0.0%}
164  ... 

Histogram: PaintHolding.CommitTrigger2 recorded 1 samples, mean = 3.0 (flags = 0x41)
0  ... 
3  -O                                                                        (1 = 100.0%) {0.0%}
4  ... 

Histogram: PasswordManager.AccountStore.BlacklistedSitesHiRes3.WithoutCustomPassphrase recorded 1 samples, mean = 0.0 (flags = 0x41)
0  -O                                                                        (1 = 100.0%)
1  ... 

Histogram: PasswordManager.AccountStore.InaccessiblePasswords3 recorded 1 samples, mean = 0.0 (flags = 0x41)
0  -O                                                                        (1 = 100.0%)
1  ... 

Histogram: PasswordManager.AccountStore.LoginDatabaseEncryptionStatus recorded 1 samples, mean = 0.0 (flags = 0x41)
0  -O                                                                        (1 = 100.0%)
1  ... 

Histogram: PasswordManager.AccountStore.PasswordNotes.CountCredentialsWithNonEmptyNotes2 recorded 1 samples, mean = 0.0 (flags = 0x41)
0  -O                                                                        (1 = 100.0%)
1  ... 

Histogram: PasswordManager.AccountStore.TotalAccountsHiRes3.ByType.AutoGenerated.WithoutCustomPassphrase recorded 1 samples, mean = 0.0 (flags = 0x41)
0  -O                                                                        (1 = 100.0%)
1  ... 

Histogram: PasswordManager.AccountStore.TotalAccountsHiRes3.ByType.Overall recorded 1 samples, mean = 0.0 (flags = 0x41)
0  -O                                                                        (1 = 100.0%)
1  ... 

Histogram: PasswordManager.AccountStore.TotalAccountsHiRes3.ByType.Overall.WithoutCustomPassphrase recorded 1 samples, mean = 0.0 (flags = 0x41)
0  -O                                                                        (1 = 100.0%)
1  ... 

Histogram: PasswordManager.AccountStore.TotalAccountsHiRes3.ByType.ReceivedViaSharing.WithoutCustomPassphrase recorded 1 samples, mean = 0.0 (flags = 0x41)
0  -O                                                                        (1 = 100.0%)
1  ... 

Histogram: PasswordManager.AccountStore.TotalAccountsHiRes3.ByType.UserCreated.WithoutCustomPassphrase recorded 1 samples, mean = 0.0 (flags = 0x41)
0  -O                                                                        (1 = 100.0%)
1  ... 

Histogram: PasswordManager.AccountStore.TotalAccountsHiRes3.WithScheme.Android recorded 1 samples, mean = 0.0 (flags = 0x41)
0  -O                                                                        (1 = 100.0%)
1  ... 

Histogram: PasswordManager.AccountStore.TotalAccountsHiRes3.WithScheme.Ftp recorded 1 samples, mean = 0.0 (flags = 0x41)
0  -O                                                                        (1 = 100.0%)
1  ... 

Histogram: PasswordManager.AccountStore.TotalAccountsHiRes3.WithScheme.Http recorded 1 samples, mean = 0.0 (flags = 0x41)
0  -O                                                                        (1 = 100.0%)
1  ... 

Histogram: PasswordManager.AccountStore.TotalAccountsHiRes3.WithScheme.Https recorded 1 samples, mean = 0.0 (flags = 0x41)
0  -O                                                                        (1 = 100.0%)
1  ... 

Histogram: PasswordManager.AccountStore.TotalAccountsHiRes3.WithScheme.Other recorded 1 samples, mean = 0.0 (flags = 0x41)
0  -O                                                                        (1 = 100.0%)
1  ... 

Histogram: PasswordManager.AffiliationDatabase.DatabaseSize recorded 1 samples, mean = 52.0 (flags = 0x41)
0  -O                                                                        (1 = 100.0%)
1000... 

Histogram: PasswordManager.BiometricAuthBeforeFillingEnabled2 recorded 1 samples, mean = 0.0 (flags = 0x41)
0  -O                                                                        (1 = 100.0%)
1  ... 

Histogram: PasswordManager.BubbleSuppression.AccountsInStatisticsTable2 recorded 1 samples, mean = 0.0 (flags = 0x41)
0  -O                                                                        (1 = 100.0%)
1  ... 

Histogram: PasswordManager.CompromisedCredentials3.CountLeaked recorded 1 samples, mean = 0.0 (flags = 0x41)
0  -O                                                                        (1 = 100.0%)
1  ... 

Histogram: PasswordManager.CompromisedCredentials3.CountPhished recorded 1 samples, mean = 0.0 (flags = 0x41)
0  -O                                                                        (1 = 100.0%)
1  ... 

Histogram: PasswordManager.CredentialsWithDuplicates3 recorded 1 samples, mean = 0.0 (flags = 0x41)
0  -O                                                                        (1 = 100.0%)
1  ... 

Histogram: PasswordManager.CredentialsWithMismatchedDuplicates3 recorded 1 samples, mean = 0.0 (flags = 0x41)
0  -O                                                                        (1 = 100.0%)
1  ... 

Histogram: PasswordManager.EnableState recorded 1 samples, mean = 0.0 (flags = 0x41)
0  -O                                                                        (1 = 100.0%)
1  ... 

Histogram: PasswordManager.GetAllLogins.TimeSinceInit recorded 4 samples, mean = 30300.5 (flags = 0x41)
0      ... 
26495  ----O                                                                     (4 = 100.0%) {0.0%}
33665  ... 

Histogram: PasswordManager.GetAutofillableLogins.TimeSinceInit recorded 2 samples, mean = 2635.5 (flags = 0x41)
0     ... 
2415  --O                                                                       (2 = 100.0%) {0.0%}
3069  ... 

Histogram: PasswordManager.LoginDatabaseInit2 recorded 2 samples, mean = 0.0 (flags = 0x41)
0  --O                                                                       (2 = 100.0%)
1  ... 

Histogram: PasswordManager.OnEncryptorReceived.Success recorded 2 samples, mean = 1.0 (flags = 0x41)
0  O                                                                         (0 = 0.0%)
1  --O                                                                       (2 = 100.0%) {0.0%}
2  O                                                                         (0 = 0.0%) {100.0%}

Histogram: PasswordManager.PasswordStore.InitTime recorded 2 samples, mean = 2039.0 (flags = 0x41)
0     ... 
1782  --O                                                                       (2 = 100.0%) {0.0%}
2117  ... 

Histogram: PasswordManager.PasswordStoreBackend.GetAllLoginsAsync recorded 8 samples, mean = 1.0 (flags = 0x41)
0  ----O                                                                     (4 = 50.0%)
1  O                                                                         (0 = 0.0%) {50.0%}
2  ----O                                                                     (4 = 50.0%) {50.0%}
3  ... 

Histogram: PasswordManager.PasswordStoreBackend.GetAllLoginsAsync.Latency recorded 4 samples, mean = 0.0 (flags = 0x41)
0  ----O                                                                     (4 = 100.0%)
1  ... 

Histogram: PasswordManager.PasswordStoreBackend.GetAllLoginsAsync.Success recorded 4 samples, mean = 1.0 (flags = 0x41)
0  O                                                                         (0 = 0.0%)
1  ----O                                                                     (4 = 100.0%) {0.0%}
2  O                                                                         (0 = 0.0%) {100.0%}

Histogram: PasswordManager.PasswordStoreBackend.GetAutofillableLoginsAsync recorded 4 samples, mean = 1.0 (flags = 0x41)
0  --O                                                                       (2 = 50.0%)
1  O                                                                         (0 = 0.0%) {50.0%}
2  --O                                                                       (2 = 50.0%) {50.0%}
3  ... 

Histogram: PasswordManager.PasswordStoreBackend.GetAutofillableLoginsAsync.Latency recorded 2 samples, mean = 1.0 (flags = 0x41)
0  O                                                                         (0 = 0.0%)
1  --O                                                                       (2 = 100.0%) {0.0%}
2  ... 

Histogram: PasswordManager.PasswordStoreBackend.GetAutofillableLoginsAsync.Success recorded 2 samples, mean = 1.0 (flags = 0x41)
0  O                                                                         (0 = 0.0%)
1  --O                                                                       (2 = 100.0%) {0.0%}
2  O                                                                         (0 = 0.0%) {100.0%}

Histogram: PasswordManager.PasswordStoreBuiltInBackend.GetAllLoginsAsync recorded 8 samples, mean = 1.0 (flags = 0x41)
0  ----O                                                                     (4 = 50.0%)
1  O                                                                         (0 = 0.0%) {50.0%}
2  ----O                                                                     (4 = 50.0%) {50.0%}
3  ... 

Histogram: PasswordManager.PasswordStoreBuiltInBackend.GetAllLoginsAsync.Latency recorded 4 samples, mean = 0.0 (flags = 0x41)
0  ----O                                                                     (4 = 100.0%)
1  ... 

Histogram: PasswordManager.PasswordStoreBuiltInBackend.GetAllLoginsAsync.Success recorded 4 samples, mean = 1.0 (flags = 0x41)
0  O                                                                         (0 = 0.0%)
1  ----O                                                                     (4 = 100.0%) {0.0%}
2  O                                                                         (0 = 0.0%) {100.0%}

Histogram: PasswordManager.PasswordStoreBuiltInBackend.GetAutofillableLoginsAsync recorded 4 samples, mean = 1.0 (flags = 0x41)
0  --O                                                                       (2 = 50.0%)
1  O                                                                         (0 = 0.0%) {50.0%}
2  --O                                                                       (2 = 50.0%) {50.0%}
3  ... 

Histogram: PasswordManager.PasswordStoreBuiltInBackend.GetAutofillableLoginsAsync.Latency recorded 2 samples, mean = 1.0 (flags = 0x41)
0  O                                                                         (0 = 0.0%)
1  --O                                                                       (2 = 100.0%) {0.0%}
2  ... 

Histogram: PasswordManager.PasswordStoreBuiltInBackend.GetAutofillableLoginsAsync.Success recorded 2 samples, mean = 1.0 (flags = 0x41)
0  O                                                                         (0 = 0.0%)
1  --O                                                                       (2 = 100.0%) {0.0%}
2  O                                                                         (0 = 0.0%) {100.0%}

Histogram: PasswordManager.ProfileStore.BlacklistedSitesHiRes3.WithoutCustomPassphrase recorded 1 samples, mean = 0.0 (flags = 0x41)
0  -O                                                                        (1 = 100.0%)
1  ... 

Histogram: PasswordManager.ProfileStore.InaccessiblePasswords3 recorded 1 samples, mean = 0.0 (flags = 0x41)
0  -O                                                                        (1 = 100.0%)
1  ... 

Histogram: PasswordManager.ProfileStore.LoginDatabaseEncryptionStatus recorded 1 samples, mean = 0.0 (flags = 0x41)
0  -O                                                                        (1 = 100.0%)
1  ... 

Histogram: PasswordManager.ProfileStore.PasswordNotes.CountCredentialsWithNonEmptyNotes2 recorded 1 samples, mean = 0.0 (flags = 0x41)
0  -O                                                                        (1 = 100.0%)
1  ... 

Histogram: PasswordManager.ProfileStore.TotalAccountsHiRes3.ByType.AutoGenerated.WithoutCustomPassphrase recorded 1 samples, mean = 0.0 (flags = 0x41)
0  -O                                                                        (1 = 100.0%)
1  ... 

Histogram: PasswordManager.ProfileStore.TotalAccountsHiRes3.ByType.Overall recorded 1 samples, mean = 0.0 (flags = 0x41)
0  -O                                                                        (1 = 100.0%)
1  ... 

Histogram: PasswordManager.ProfileStore.TotalAccountsHiRes3.ByType.Overall.WithoutCustomPassphrase recorded 1 samples, mean = 0.0 (flags = 0x41)
0  -O                                                                        (1 = 100.0%)
1  ... 

Histogram: PasswordManager.ProfileStore.TotalAccountsHiRes3.ByType.ReceivedViaSharing.WithoutCustomPassphrase recorded 1 samples, mean = 0.0 (flags = 0x41)
0  -O                                                                        (1 = 100.0%)
1  ... 

Histogram: PasswordManager.ProfileStore.TotalAccountsHiRes3.ByType.UserCreated.WithoutCustomPassphrase recorded 1 samples, mean = 0.0 (flags = 0x41)
0  -O                                                                        (1 = 100.0%)
1  ... 

Histogram: PasswordManager.ProfileStore.TotalAccountsHiRes3.WithScheme.Android recorded 1 samples, mean = 0.0 (flags = 0x41)
0  -O                                                                        (1 = 100.0%)
1  ... 

Histogram: PasswordManager.ProfileStore.TotalAccountsHiRes3.WithScheme.Ftp recorded 1 samples, mean = 0.0 (flags = 0x41)
0  -O                                                                        (1 = 100.0%)
1  ... 

Histogram: PasswordManager.ProfileStore.TotalAccountsHiRes3.WithScheme.Http recorded 1 samples, mean = 0.0 (flags = 0x41)
0  -O                                                                        (1 = 100.0%)
1  ... 

Histogram: PasswordManager.ProfileStore.TotalAccountsHiRes3.WithScheme.Https recorded 1 samples, mean = 0.0 (flags = 0x41)
0  -O                                                                        (1 = 100.0%)
1  ... 

Histogram: PasswordManager.ProfileStore.TotalAccountsHiRes3.WithScheme.Other recorded 1 samples, mean = 0.0 (flags = 0x41)
0  -O                                                                        (1 = 100.0%)
1  ... 

Histogram: PasswordManager.SavedGaiaPasswordHashCount2 recorded 1 samples, mean = 0.0 (flags = 0x41)
0  -O                                                                        (1 = 100.0%)
1  ... 

Histogram: PasswordManager.SyncMetadataReadError2 recorded 2 samples, mean = 0.0 (flags = 0x41)
0  --O                                                                       (2 = 100.0%)
1  ... 

Histogram: PasswordManager.SyncingAccountState3 recorded 1 samples, mean = 2.0 (flags = 0x41)
0  ... 
2  -O                                                                        (1 = 100.0%) {0.0%}
3  ... 

Histogram: PaymentRequest.IsCanMakePaymentAllowedByPref.Startup recorded 1 samples, mean = 1.0 (flags = 0x41)
0  O                                                                         (0 = 0.0%)
1  -O                                                                        (1 = 100.0%) {0.0%}
2  O                                                                         (0 = 0.0%) {100.0%}

Histogram: PerformanceManager.LoadingNotQuiescentPageCount.All recorded 2472 samples, mean = 0.0 (flags = 0x41)
0  ------------------------------------------------------------------------O (2472 = 100.0%)
1  ... 

Histogram: PerformanceManager.LoadingNotQuiescentPageCount.Hidden recorded 2472 samples, mean = 0.0 (flags = 0x41)
0  ------------------------------------------------------------------------O (2472 = 100.0%)
1  ... 

Histogram: PerformanceManager.LoadingNotQuiescentPageCount.MixedVisibility recorded 2472 samples, mean = 0.0 (flags = 0x41)
0  ------------------------------------------------------------------------O (2472 = 100.0%)
1  ... 

Histogram: PerformanceManager.LoadingNotQuiescentPageCount.Visible recorded 2472 samples, mean = 0.0 (flags = 0x41)
0  ------------------------------------------------------------------------O (2472 = 100.0%)
1  ... 

Histogram: PerformanceManager.QuiescentPageCount recorded 2472 samples, mean = 1.0 (flags = 0x41)
0  O                                                                         (0 = 0.0%)
1  ------------------------------------------------------------------------O (2472 = 100.0%) {0.0%}
2  ... 

Histogram: PerformanceManager.SiteDB.DatabaseInit recorded 1 samples, mean = 2.0 (flags = 0x41)
0  ... 
2  -O                                                                        (1 = 100.0%) {0.0%}
3  ... 

Histogram: PerformanceManager.SiteDB.DatabaseInitAfterRepair recorded 1 samples, mean = 0.0 (flags = 0x41)
0  -O                                                                        (1 = 100.0%)
1  ... 

Histogram: PerformanceManager.SiteDB.DatabaseRepair recorded 1 samples, mean = 1.0 (flags = 0x41)
0  O                                                                         (0 = 0.0%)
1  -O                                                                        (1 = 100.0%) {0.0%}
2  O                                                                         (0 = 0.0%) {100.0%}

Histogram: PerformanceManager.SiteDB.OnDiskSize recorded 1 samples, mean = 1.0 (flags = 0x41)
0  -O                                                                        (1 = 100.0%)
1000... 

Histogram: PerformanceManager.SiteDB.WriteCompleted.WriteSiteDataIntoStore recorded 1 samples, mean = 1.0 (flags = 0x41)
0  O                                                                         (0 = 0.0%)
1  -O                                                                        (1 = 100.0%) {0.0%}
2  O                                                                         (0 = 0.0%) {100.0%}

Histogram: PerformanceManager.SiteDB.WriteScheduled.WriteSiteDataIntoStore recorded 1 samples, mean = 1.0 (flags = 0x41)
0  O                                                                         (0 = 0.0%)
1  -O                                                                        (1 = 100.0%) {0.0%}
2  O                                                                         (0 = 0.0%) {100.0%}

Histogram: PerformanceManager.TabRevisitTracker.TimeToClose2 recorded 1 samples, mean = 74985.0 (flags = 0x41)
0      ... 
72696  -O                                                                        (1 = 100.0%) {0.0%}
76494  ... 

Histogram: PerformanceManager.UserTuning.BatterySaverModeEnabledPercent recorded 1 samples, mean = 0.0 (flags = 0x41)
0  -O                                                                        (1 = 100.0%)
1  ... 

Histogram: PerformanceManager.UserTuning.MemorySaverModeEnabledPercent recorded 1 samples, mean = 0.0 (flags = 0x41)
0  -O                                                                        (1 = 100.0%)
1  ... 

Histogram: PerformanceMonitor.AverageCPU8.BrowserProcess recorded 618 samples, mean = 22202.3 (flags = 0x41)
0      ... 
814    -O                                                                        (3 = 0.5%) {0.0%}
983    ---O                                                                      (13 = 2.1%) {0.5%}
1187   ---------O                                                                (42 = 6.8%) {2.6%}
1433   ---------------------------------O                                        (152 = 24.6%) {9.4%}
1730   -O                                                                        (4 = 0.6%) {34.0%}
2088   O                                                                         (1 = 0.2%) {34.6%}
2521   ----O                                                                     (17 = 2.8%) {34.8%}
3043   O                                                                         (2 = 0.3%) {37.5%}
3673   -O                                                                        (4 = 0.6%) {37.9%}
4434   O                                                                         (1 = 0.2%) {38.5%}
5353   O                                                                         (1 = 0.2%) {38.7%}
6462   -O                                                                        (3 = 0.5%) {38.8%}
7801   --O                                                                       (8 = 1.3%) {39.3%}
9417   -O                                                                        (4 = 0.6%) {40.6%}
11368  -O                                                                        (6 = 1.0%) {41.3%}
13724  --O                                                                       (10 = 1.6%) {42.2%}
16567  ---O                                                                      (16 = 2.6%) {43.9%}
20000  ------------------------------------------------------------------------O (331 = 53.6%) {46.4%}

Histogram: PerformanceMonitor.AverageCPU8.GPUProcess recorded 618 samples, mean = 12.4 (flags = 0x41)
0    ... 
8    ------------------------------------------------O                         (157 = 25.4%) {0.0%}
10   ------------------------------------------------------------------------O (235 = 38.0%) {25.4%}
12   ---------------------------------------------O                            (148 = 23.9%) {63.4%}
15   -------------O                                                            (41 = 6.6%) {87.4%}
18   -----O                                                                    (17 = 2.8%) {94.0%}
22   --O                                                                       (8 = 1.3%) {96.8%}
27   ---O                                                                      (10 = 1.6%) {98.1%}
33   O                                                                         (1 = 0.2%) {99.7%}
40   ... 
462  O                                                                         (1 = 0.2%) {99.8%}
558  ... 

Histogram: PerformanceMonitor.AverageCPU8.NetworkProcess recorded 618 samples, mean = 1.4 (flags = 0x41)
0   --O                                                                       (15 = 2.4%)
1   ------------------------------------------------------------------------O (507 = 82.0%) {2.4%}
2   ------O                                                                   (43 = 7.0%) {84.5%}
3   ----O                                                                     (27 = 4.4%) {91.4%}
4   -O                                                                        (6 = 1.0%) {95.8%}
5   -O                                                                        (4 = 0.6%) {96.8%}
6   -O                                                                        (4 = 0.6%) {97.4%}
7   -O                                                                        (7 = 1.1%) {98.1%}
8   O                                                                         (3 = 0.5%) {99.2%}
10  O                                                                         (1 = 0.2%) {99.7%}
12  ... 
18  O                                                                         (1 = 0.2%) {99.8%}
22  ... 

Histogram: PerformanceMonitor.AverageCPU8.OtherProcess recorded 618 samples, mean = 0.0 (flags = 0x41)
0  ------------------------------------------------------------------------O (618 = 100.0%)
1  ... 

Histogram: PerformanceMonitor.AverageCPU8.RendererExtensionEventProcess recorded 618 samples, mean = 0.0 (flags = 0x41)
0  ------------------------------------------------------------------------O (618 = 100.0%)
1  ... 

Histogram: PerformanceMonitor.AverageCPU8.RendererExtensionPersistentProcess recorded 618 samples, mean = 0.0 (flags = 0x41)
0  ------------------------------------------------------------------------O (618 = 100.0%)
1  ... 

Histogram: PerformanceMonitor.AverageCPU8.RendererProcess recorded 618 samples, mean = 1.9 (flags = 0x41)
0    ------------------------------------------------------------------------O (451 = 73.0%)
1    ----O                                                                     (22 = 3.6%) {73.0%}
2    ----O                                                                     (26 = 4.2%) {76.5%}
3    ---------O                                                                (54 = 8.7%) {80.7%}
4    ---O                                                                      (16 = 2.6%) {89.5%}
5    --O                                                                       (15 = 2.4%) {92.1%}
6    ----O                                                                     (22 = 3.6%) {94.5%}
7    -O                                                                        (8 = 1.3%) {98.1%}
8    O                                                                         (0 = 0.0%) {99.4%}
10   O                                                                         (2 = 0.3%) {99.4%}
12   O                                                                         (1 = 0.2%) {99.7%}
15   ... 
558  O                                                                         (1 = 0.2%) {99.8%}
674  ... 

Histogram: PerformanceMonitor.AverageCPU8.Total recorded 618 samples, mean = 22218.3 (flags = 0x41)
0      ... 
814    -O                                                                        (3 = 0.5%) {0.0%}
983    ---O                                                                      (13 = 2.1%) {0.5%}
1187   --------O                                                                 (38 = 6.1%) {2.6%}
1433   ------------------------------O                                           (139 = 22.5%) {8.7%}
1730   -----O                                                                    (21 = 3.4%) {31.2%}
2088   O                                                                         (1 = 0.2%) {34.6%}
2521   ----O                                                                     (17 = 2.8%) {34.8%}
3043   O                                                                         (2 = 0.3%) {37.5%}
3673   -O                                                                        (4 = 0.6%) {37.9%}
4434   O                                                                         (1 = 0.2%) {38.5%}
5353   O                                                                         (1 = 0.2%) {38.7%}
6462   -O                                                                        (3 = 0.5%) {38.8%}
7801   --O                                                                       (8 = 1.3%) {39.3%}
9417   -O                                                                        (4 = 0.6%) {40.6%}
11368  -O                                                                        (6 = 1.0%) {41.3%}
13724  --O                                                                       (10 = 1.6%) {42.2%}
16567  ---O                                                                      (15 = 2.4%) {43.9%}
20000  ------------------------------------------------------------------------O (332 = 53.7%) {46.3%}

Histogram: PerformanceMonitor.AverageCPU8.Total.ZeroWindow recorded 618 samples, mean = 22218.3 (flags = 0x41)
0      ... 
814    -O                                                                        (3 = 0.5%) {0.0%}
983    ---O                                                                      (13 = 2.1%) {0.5%}
1187   --------O                                                                 (38 = 6.1%) {2.6%}
1433   ------------------------------O                                           (139 = 22.5%) {8.7%}
1730   -----O                                                                    (21 = 3.4%) {31.2%}
2088   O                                                                         (1 = 0.2%) {34.6%}
2521   ----O                                                                     (17 = 2.8%) {34.8%}
3043   O                                                                         (2 = 0.3%) {37.5%}
3673   -O                                                                        (4 = 0.6%) {37.9%}
4434   O                                                                         (1 = 0.2%) {38.5%}
5353   O                                                                         (1 = 0.2%) {38.7%}
6462   -O                                                                        (3 = 0.5%) {38.8%}
7801   --O                                                                       (8 = 1.3%) {39.3%}
9417   -O                                                                        (4 = 0.6%) {40.6%}
11368  -O                                                                        (6 = 1.0%) {41.3%}
13724  --O                                                                       (10 = 1.6%) {42.2%}
16567  ---O                                                                      (15 = 2.4%) {43.9%}
20000  ------------------------------------------------------------------------O (332 = 53.7%) {46.3%}

Histogram: PerformanceMonitor.AverageCPU8.UtilityProcess recorded 618 samples, mean = 6.1 (flags = 0x41)
0     ------------------------------------------------------------------------O (617 = 99.8%)
1     ... 
3673  O                                                                         (1 = 0.2%) {99.8%}
4434  ... 

Histogram: PerformanceMonitor.HasPreciseCPUUsage recorded 9 samples, mean = 1.0 (flags = 0x41)
0  O                                                                         (0 = 0.0%)
1  ---------O                                                                (9 = 100.0%) {0.0%}
2  O                                                                         (0 = 0.0%) {100.0%}

Histogram: PerformanceMonitor.UsageScenario.LongInterval recorded 618 samples, mean = 13.0 (flags = 0x41)
0   ... 
13  ------------------------------------------------------------------------O (618 = 100.0%) {0.0%}
14  ... 

Histogram: Permissions.API.CreatedPermissionStatusObjects recorded 1 samples, mean = 0.0 (flags = 0x41)
0  -O                                                                        (1 = 100.0%)
1  ... 

Histogram: Permissions.Experimental.PrimaryMainNavigationFinished.AudioCapture.TopLevelHeaderPolicy recorded 1 samples, mean = 0.0 (flags = 0x41)
0  -O                                                                        (1 = 100.0%)
1  ... 

Histogram: Permissions.Experimental.PrimaryMainNavigationFinished.Geolocation.TopLevelHeaderPolicy recorded 1 samples, mean = 0.0 (flags = 0x41)
0  -O                                                                        (1 = 100.0%)
1  ... 

Histogram: Permissions.Experimental.PrimaryMainNavigationFinished.VideoCapture.TopLevelHeaderPolicy recorded 1 samples, mean = 0.0 (flags = 0x41)
0  -O                                                                        (1 = 100.0%)
1  ... 

Histogram: Permissions.QuietNotificationPrompts.RegularProfile.IsEnabledInPrefs recorded 1 samples, mean = 0.0 (flags = 0x41)
0  -O                                                                        (1 = 100.0%)
1  ... 

Histogram: Platform.IntelMaxMicroArchitecture recorded 1 samples, mean = 10.0 (flags = 0x41)
0   ... 
10  -O                                                                        (1 = 100.0%) {0.0%}
11  ... 

Histogram: Power.BatteryDischargeMode5 recorded 1237 samples, mean = 4.0 (flags = 0x41)
0  ... 
4  ------------------------------------------------------------------------O (1237 = 100.0%) {0.0%}
5  ... 

Histogram: Power.BatteryDischargeMode5.Initial recorded 1 samples, mean = 4.0 (flags = 0x41)
0  ... 
4  -O                                                                        (1 = 100.0%) {0.0%}
5  ... 

Histogram: Power.BatteryDischargeMode5.Periodic recorded 1236 samples, mean = 4.0 (flags = 0x41)
0  ... 
4  ------------------------------------------------------------------------O (1236 = 100.0%) {0.0%}
5  ... 

Histogram: Power.BatteryDischargeMode5.TenMinutes recorded 123 samples, mean = 4.0 (flags = 0x41)
0  ... 
4  ------------------------------------------------------------------------O (123 = 100.0%) {0.0%}
5  ... 

Histogram: Power.BatteryDischargeMode5.ZeroWindow recorded 1237 samples, mean = 4.0 (flags = 0x41)
0  ... 
4  ------------------------------------------------------------------------O (1237 = 100.0%) {0.0%}
5  ... 

Histogram: Power.BatteryDischargeMode5.ZeroWindow.Initial recorded 1 samples, mean = 4.0 (flags = 0x41)
0  ... 
4  -O                                                                        (1 = 100.0%) {0.0%}
5  ... 

Histogram: Power.BatteryDischargeMode5.ZeroWindow.Periodic recorded 1236 samples, mean = 4.0 (flags = 0x41)
0  ... 
4  ------------------------------------------------------------------------O (1236 = 100.0%) {0.0%}
5  ... 

Histogram: Power.HasPreciseBatteryDischargeGranularity recorded 1237 samples, mean = 0.0 (flags = 0x41)
0  ------------------------------------------------------------------------O (1237 = 100.0%)
1  ... 

Histogram: Prefs.JSonStore.SetValueKey recorded 109 samples (flags = 0x41)
38959120    -O                                                                        (1 = 0.9%)
67499933    -O                                                                        (1 = 0.9%)
372921139   --O                                                                       (2 = 1.8%)
819550135   -O                                                                        (1 = 0.9%)
830521985   -O                                                                        (1 = 0.9%)
852125461   --O                                                                       (2 = 1.8%)
913260513   -O                                                                        (1 = 0.9%)
945162316   -O                                                                        (1 = 0.9%)
1285180254  -O                                                                        (1 = 0.9%)
1333612670  -O                                                                        (1 = 0.9%)
1441835268  -O                                                                        (1 = 0.9%)
1543709623  -O                                                                        (1 = 0.9%)
1590148671  -O                                                                        (1 = 0.9%)
1886855768  -O                                                                        (1 = 0.9%)
1923415074  ------------------------------------------------------------------------O (85 = 78.0%)
1927273959  -O                                                                        (1 = 0.9%)
1936820420  --O                                                                       (2 = 1.8%)
1956100443  ---O                                                                      (3 = 2.8%)
1958764657  -O                                                                        (1 = 0.9%)
2082524502  -O                                                                        (1 = 0.9%)

Histogram: Privacy.CookieControlsSetting.RegularProfile recorded 1 samples, mean = 2.0 (flags = 0x41)
0  ... 
2  -O                                                                        (1 = 100.0%) {0.0%}
3  O                                                                         (0 = 0.0%) {100.0%}

Histogram: Privacy.DIPS.BounceCategoryServer.Block3PC recorded 1 samples, mean = 0.0 (flags = 0x41)
0  -O                                                                        (1 = 100.0%)
1  ... 

Histogram: Privacy.DIPS.ClearedSitesCount.Block3PC recorded 21 samples, mean = 0.0 (flags = 0x41)
0  ---------------------O                                                    (21 = 100.0%)
1  ... 

Histogram: Privacy.DIPS.DIPSErrorCodes recorded 3 samples, mean = 4.0 (flags = 0x41)
0  -O                                                                        (1 = 33.3%)
1  ... 
6  --O                                                                       (2 = 66.7%) {33.3%}
7  ... 

Histogram: Privacy.DIPS.Database.Operation.FilterSitesWithProtectiveEventTime recorded 1 samples, mean = 0.0 (flags = 0x41)
0  -O                                                                        (1 = 100.0%)
1  ... 

Histogram: Privacy.DIPS.Database.Operation.GetSitesThatBouncedWithStateTime recorded 21 samples, mean = 0.0 (flags = 0x41)
0  ---------------------O                                                    (21 = 100.0%)
1  ... 

Histogram: Privacy.DIPS.Database.Operation.InitTime recorded 1 samples, mean = 2.0 (flags = 0x41)
0  ... 
2  -O                                                                        (1 = 100.0%) {0.0%}
3  ... 

Histogram: Privacy.DIPS.Database.Operation.ReadPopupTime recorded 1 samples, mean = 0.0 (flags = 0x41)
0  -O                                                                        (1 = 100.0%)
1  ... 

Histogram: Privacy.DIPS.Database.Operation.ReadTime recorded 3 samples, mean = 0.0 (flags = 0x41)
0  ---O                                                                      (3 = 100.0%)
1  ... 

Histogram: Privacy.DIPS.Database.Operation.RemoveRowsTime recorded 1 samples, mean = 26.0 (flags = 0x41)
0   ... 
24  -O                                                                        (1 = 100.0%) {0.0%}
29  ... 

Histogram: Privacy.DIPS.Database.Operation.WriteTime recorded 2 samples, mean = 10.0 (flags = 0x41)
0   ... 
5   -O                                                                        (1 = 50.0%) {0.0%}
6   ... 
14  -O                                                                        (1 = 50.0%) {50.0%}
17  ... 

Histogram: Privacy.DIPS.DatabaseEntryCount recorded 1 samples, mean = 0.0 (flags = 0x41)
0  -O                                                                        (1 = 100.0%)
1  ... 

Histogram: Privacy.DIPS.DatabaseHealthMetricsTime recorded 1 samples, mean = 0.0 (flags = 0x41)
0  -O                                                                        (1 = 100.0%)
1  ... 

Histogram: Privacy.DIPS.DatabaseInit recorded 1 samples, mean = 1.0 (flags = 0x41)
0  O                                                                         (0 = 0.0%)
1  -O                                                                        (1 = 100.0%) {0.0%}
2  ... 

Histogram: Privacy.DIPS.DatabaseSize recorded 1 samples, mean = 36.0 (flags = 0x41)
0  -O                                                                        (1 = 100.0%)
1000... 

Histogram: Privacy.DoNotTrackSetting2 recorded 1 samples, mean = 0.0 (flags = 0x41)
0  -O                                                                        (1 = 100.0%)
1  ... 

Histogram: Privacy.ThirdPartyCookieBlockingSetting.RegularProfile recorded 1 samples, mean = 0.0 (flags = 0x41)
0  -O                                                                        (1 = 100.0%)
1  ... 

Histogram: PrivacyBudget.Identifiability.FinchConfigValidationResult recorded 1 samples, mean = 1.0 (flags = 0x41)
0  O                                                                         (0 = 0.0%)
1  -O                                                                        (1 = 100.0%) {0.0%}
2  O                                                                         (0 = 0.0%) {100.0%}

Histogram: PrivacyBudget.Identifiability.RecordedSample recorded 96 samples, mean = 0.0 (flags = 0x41)
0  ------------------------------------------------------------------------O (96 = 100.0%)
1  ... 

Histogram: PrivacySandbox.IsTopicsAllowed recorded 1 samples, mean = 3.0 (flags = 0x41)
0  ... 
3  -O                                                                        (1 = 100.0%) {0.0%}
4  ... 

Histogram: PrivacySandbox.NoticeRequirement.IsVariationCountryEmpty recorded 3 samples, mean = 1.0 (flags = 0x41)
0  O                                                                         (0 = 0.0%)
1  ---O                                                                      (3 = 100.0%) {0.0%}
2  O                                                                         (0 = 0.0%) {100.0%}

Histogram: PrivacySandbox.NoticeRequirement.IsVariationServiceReady recorded 3 samples, mean = 1.0 (flags = 0x41)
0  O                                                                         (0 = 0.0%)
1  ---O                                                                      (3 = 100.0%) {0.0%}
2  O                                                                         (0 = 0.0%) {100.0%}

Histogram: PrivacySandbox.TrackingProtection.OnboardingStartup.State recorded 1 samples, mean = 0.0 (flags = 0x41)
0  -O                                                                        (1 = 100.0%)
1  ... 

Histogram: PrivacySandbox.TrackingProtection.SilentOnboardingStartup.State recorded 1 samples, mean = 0.0 (flags = 0x41)
0  -O                                                                        (1 = 100.0%)
1  ... 

Histogram: Profile.AppCount recorded 1 samples, mean = 0.0 (flags = 0x41)
0  -O                                                                        (1 = 100.0%)
1  ... 

Histogram: Profile.BookmarksSize recorded 1 samples, mean = 0.0 (flags = 0x41)
0  -O                                                                        (1 = 100.0%)
1  ... 

Histogram: Profile.CookiesSize recorded 1 samples, mean = 0.0 (flags = 0x41)
0  -O                                                                        (1 = 100.0%)
1  ... 

Histogram: Profile.Destroyer.OffTheRecord recorded 1 samples, mean = 1.0 (flags = 0x41)
0  O                                                                         (0 = 0.0%)
1  -O                                                                        (1 = 100.0%) {0.0%}
2  ... 

Histogram: Profile.DidDestroyProfileBeforeShutdown recorded 1 samples, mean = 0.0 (flags = 0x41)
0  -O                                                                        (1 = 100.0%)
1  ... 

Histogram: Profile.ExtensionSize recorded 1 samples, mean = 0.0 (flags = 0x41)
0  -O                                                                        (1 = 100.0%)
1  ... 

Histogram: Profile.FaviconsSize recorded 1 samples, mean = 0.0 (flags = 0x41)
0  -O                                                                        (1 = 100.0%)
1  ... 

Histogram: Profile.HistorySize recorded 1 samples, mean = 0.0 (flags = 0x41)
0  -O                                                                        (1 = 100.0%)
1  ... 

Histogram: Profile.KeepAliveLeakAtShutdown recorded 2 samples, mean = 3.5 (flags = 0x41)
0  -O                                                                        (1 = 50.0%)
1  ... 
7  -O                                                                        (1 = 50.0%) {50.0%}
8  ... 

Histogram: Profile.LiveProfileCount recorded 41 samples, mean = 1.0 (flags = 0x41)
0  O                                                                         (0 = 0.0%)
1  -----------------------------------------O                                (41 = 100.0%) {0.0%}
2  ... 

Histogram: Profile.NumberOfActiveProfiles recorded 1 samples, mean = 0.0 (flags = 0x41)
0  -O                                                                        (1 = 100.0%)
1  ... 

Histogram: Profile.NumberOfManagedProfiles recorded 1 samples, mean = 0.0 (flags = 0x41)
0  -O                                                                        (1 = 100.0%)
1  ... 

Histogram: Profile.NumberOfProfiles recorded 1 samples, mean = 1.0 (flags = 0x41)
0  O                                                                         (0 = 0.0%)
1  -O                                                                        (1 = 100.0%) {0.0%}
2  ... 

Histogram: Profile.NumberOfSignedInProfiles recorded 1 samples, mean = 0.0 (flags = 0x41)
0  -O                                                                        (1 = 100.0%)
1  ... 

Histogram: Profile.NumberOfUnusedProfiles recorded 1 samples, mean = 1.0 (flags = 0x41)
0  O                                                                         (0 = 0.0%)
1  -O                                                                        (1 = 100.0%) {0.0%}
2  ... 

Histogram: Profile.PercentageOfManagedProfiles recorded 1 samples, mean = 0.0 (flags = 0x41)
0  -O                                                                        (1 = 100.0%)
1  ... 

Histogram: Profile.TopSitesSize recorded 1 samples, mean = 0.0 (flags = 0x41)
0  -O                                                                        (1 = 100.0%)
1  ... 

Histogram: Profile.TotalHistorySize recorded 1 samples, mean = 0.0 (flags = 0x41)
0  -O                                                                        (1 = 100.0%)
1  ... 

Histogram: Profile.TotalSize recorded 1 samples, mean = 0.0 (flags = 0x41)
0  -O                                                                        (1 = 100.0%)
1  ... 

Histogram: Profile.TotalSizeRecursive recorded 1 samples, mean = 12.0 (flags = 0x41)
0   ... 
12  -O                                                                        (1 = 100.0%) {0.0%}
14  ... 

Histogram: Profile.TriggeredReset recorded 1 samples, mean = 0.0 (flags = 0x41)
0  -O                                                                        (1 = 100.0%)
1  ... 

Histogram: Profile.VisitedLinksSize recorded 1 samples, mean = 0.0 (flags = 0x41)
0  -O                                                                        (1 = 100.0%)
1  ... 

Histogram: Profile.WebDataSize recorded 1 samples, mean = 0.0 (flags = 0x41)
0  -O                                                                        (1 = 100.0%)
1  ... 

Histogram: Profile.ZombieProfileCount recorded 41 samples, mean = 0.0 (flags = 0x41)
0  -----------------------------------------O                                (41 = 100.0%)
1  ... 

Histogram: ProfilePicker.StartupMode.CreateInitialProfile recorded 1 samples, mean = 0.0 (flags = 0x41)
0  -O                                                                        (1 = 100.0%)
1  ... 

Histogram: ProfilePicker.StartupMode.GetStartupProfile recorded 1 samples, mean = 0.0 (flags = 0x41)
0  -O                                                                        (1 = 100.0%)
1  ... 

Histogram: ProfilePicker.StartupReason.GetStartupProfile recorded 1 samples, mean = 27.0 (flags = 0x41)
0   ... 
27  -O                                                                        (1 = 100.0%) {0.0%}
28  ... 

Histogram: ProtoDB.DestroySuccess.DownloadDB recorded 3 samples, mean = 1.0 (flags = 0x41)
0  O                                                                         (0 = 0.0%)
1  ---O                                                                      (3 = 100.0%) {0.0%}
2  O                                                                         (0 = 0.0%) {100.0%}

Histogram: ProtoDB.DestroySuccess.DownloadService recorded 1 samples, mean = 1.0 (flags = 0x41)
0  O                                                                         (0 = 0.0%)
1  -O                                                                        (1 = 100.0%) {0.0%}
2  O                                                                         (0 = 0.0%) {100.0%}

Histogram: ProtoDB.DestroySuccess.PreviewsHintCacheStore recorded 1 samples, mean = 1.0 (flags = 0x41)
0  O                                                                         (0 = 0.0%)
1  -O                                                                        (1 = 100.0%) {0.0%}
2  O                                                                         (0 = 0.0%) {100.0%}

Histogram: ProtoDB.InitStatus.BudgetManager recorded 1 samples, mean = 4.0 (flags = 0x41)
0  ... 
4  -O                                                                        (1 = 100.0%) {0.0%}
5  ... 

Histogram: ProtoDB.InitStatus.CartDatabase recorded 1 samples, mean = 4.0 (flags = 0x41)
0  ... 
4  -O                                                                        (1 = 100.0%) {0.0%}
5  ... 

Histogram: ProtoDB.InitStatus.ClientCertificatesDatabase recorded 1 samples, mean = 4.0 (flags = 0x41)
0  ... 
4  -O                                                                        (1 = 100.0%) {0.0%}
5  ... 

Histogram: ProtoDB.InitStatus.CommerceParcelTrackingDatabase recorded 1 samples, mean = 4.0 (flags = 0x41)
0  ... 
4  -O                                                                        (1 = 100.0%) {0.0%}
5  ... 

Histogram: ProtoDB.InitStatus.CommerceSubscriptionDatabase recorded 1 samples, mean = 4.0 (flags = 0x41)
0  ... 
4  -O                                                                        (1 = 100.0%) {0.0%}
5  ... 

Histogram: ProtoDB.InitStatus.CouponDatabase recorded 1 samples, mean = 4.0 (flags = 0x41)
0  ... 
4  -O                                                                        (1 = 100.0%) {0.0%}
5  ... 

Histogram: ProtoDB.InitStatus.DiscountsDatabase recorded 1 samples, mean = 4.0 (flags = 0x41)
0  ... 
4  -O                                                                        (1 = 100.0%) {0.0%}
5  ... 

Histogram: ProtoDB.InitStatus.DownloadDB recorded 3 samples, mean = 4.0 (flags = 0x41)
0  ... 
4  ---O                                                                      (3 = 100.0%) {0.0%}
5  ... 

Histogram: ProtoDB.InitStatus.DownloadService recorded 2 samples, mean = 4.0 (flags = 0x41)
0  ... 
4  --O                                                                       (2 = 100.0%) {0.0%}
5  ... 

Histogram: ProtoDB.InitStatus.FeatureEngagementTrackerAvailabilityStore recorded 1 samples, mean = 4.0 (flags = 0x41)
0  ... 
4  -O                                                                        (1 = 100.0%) {0.0%}
5  ... 

Histogram: ProtoDB.InitStatus.FeatureEngagementTrackerEventStore recorded 1 samples, mean = 4.0 (flags = 0x41)
0  ... 
4  -O                                                                        (1 = 100.0%) {0.0%}
5  ... 

Histogram: ProtoDB.InitStatus.Metadata recorded 4 samples, mean = 5.0 (flags = 0x41)
0  ... 
5  ----O                                                                     (4 = 100.0%) {0.0%}
6  O                                                                         (0 = 0.0%) {100.0%}

Histogram: ProtoDB.InitStatus.PersistentOriginTrials recorded 1 samples, mean = 4.0 (flags = 0x41)
0  ... 
4  -O                                                                        (1 = 100.0%) {0.0%}
5  ... 

Histogram: ProtoDB.InitStatus.PreviewsHintCacheStore recorded 1 samples, mean = 4.0 (flags = 0x41)
0  ... 
4  -O                                                                        (1 = 100.0%) {0.0%}
5  ... 

Histogram: ProtoDB.InitStatus.SegmentInfoDatabase recorded 1 samples, mean = 4.0 (flags = 0x41)
0  ... 
4  -O                                                                        (1 = 100.0%) {0.0%}
5  ... 

Histogram: ProtoDB.InitStatus.SignalDatabase recorded 1 samples, mean = 4.0 (flags = 0x41)
0  ... 
4  -O                                                                        (1 = 100.0%) {0.0%}
5  ... 

Histogram: ProtoDB.InitStatus.SignalStorageConfigDatabase recorded 1 samples, mean = 4.0 (flags = 0x41)
0  ... 
4  -O                                                                        (1 = 100.0%) {0.0%}
5  ... 

Histogram: ProtoDB.InitStatus.StrikeService recorded 4 samples, mean = 4.0 (flags = 0x41)
0  ... 
4  ----O                                                                     (4 = 100.0%) {0.0%}
5  ... 

Histogram: ProtoDB.SharedDbInitStatus recorded 77 samples, mean = 9.4 (flags = 0x41)
0   ---------------------------O                                              (27 = 35.1%)
1   ... 
3   -----------------------O                                                  (23 = 29.9%) {35.1%}
4   ... 
24  -----------------------O                                                  (23 = 29.9%) {64.9%}
25  O                                                                         (0 = 0.0%) {94.8%}
26  ----O                                                                     (4 = 5.2%) {94.8%}
27  ... 

Histogram: Quota.AvailableDiskSpace recorded 62 samples, mean = 48337.4 (flags = 0x41)
0      ... 
40936  ------------------O                                                       (18 = 29.0%) {0.0%}
47754  --------------------------------------------O                             (44 = 71.0%) {29.0%}
55707  ... 

Histogram: Quota.AvailableDiskSpace2 recorded 20 samples, mean = 48246.9 (flags = 0x41)
0      ... 
40936  ------O                                                                   (6 = 30.0%) {0.0%}
47754  --------------O                                                           (14 = 70.0%) {30.0%}
55707  ... 

Histogram: Quota.EvictedBucketsPerHour recorded 20 samples, mean = 0.0 (flags = 0x41)
0  --------------------O                                                     (20 = 100.0%)
1  ... 

Histogram: Quota.EvictionRoundsPerHour recorded 20 samples, mean = 2.0 (flags = 0x41)
0  ... 
2  --------------------O                                                     (20 = 100.0%) {0.0%}
3  ... 

Histogram: Quota.GlobalTemporaryPoolSize recorded 42 samples, mean = 762209.0 (flags = 0x41)
0       ... 
655169  ------------------------------------------O                               (42 = 100.0%) {0.0%}
764286  ... 

Histogram: Quota.GlobalUsageOfTemporaryStorage recorded 20 samples, mean = 0.0 (flags = 0x41)
0  --------------------O                                                     (20 = 100.0%)
1  ... 

Histogram: Quota.PercentDiskAvailable recorded 62 samples, mean = 4.8 (flags = 0x41)
0  ... 
4  ---------------O                                                          (15 = 24.2%) {0.0%}
5  -----------------------------------------------O                          (47 = 75.8%) {24.2%}
6  ... 

Histogram: Quota.PercentDiskAvailable2 recorded 20 samples, mean = 4.8 (flags = 0x41)
0  ... 
4  -----O                                                                    (5 = 25.0%) {0.0%}
5  ---------------O                                                          (15 = 75.0%) {25.0%}
6  ... 

Histogram: Quota.PercentUsedForTemporaryStorage2 recorded 20 samples, mean = 0.0 (flags = 0x41)
0  --------------------O                                                     (20 = 100.0%)
1  ... 

Histogram: Quota.SkippedEvictionRoundsPerHour recorded 20 samples, mean = 2.0 (flags = 0x41)
0  ... 
2  --------------------O                                                     (20 = 100.0%) {0.0%}
3  ... 

Histogram: Quota.StorageKeyNonceCount recorded 20 samples, mean = 0.0 (flags = 0x41)
0  --------------------O                                                     (20 = 100.0%)
1  ... 

Histogram: Quota.TotalBucketCount recorded 20 samples, mean = 0.0 (flags = 0x41)
0  --------------------O                                                     (20 = 100.0%)
1  ... 

Histogram: Quota.TotalDiskSpace recorded 62 samples, mean = 952761.1 (flags = 0x41)
0       ... 
891576  --------------------------------------------------------------O           (62 = 100.0%) {0.0%}
1040066 ... 

Histogram: Quota.TotalDiskSpaceIsZero recorded 42 samples, mean = 0.0 (flags = 0x41)
0  ------------------------------------------O                               (42 = 100.0%)
1  ... 

Histogram: Renderer.BrowserLaunchToRunLoopStart recorded 1 samples, mean = 55.0 (flags = 0x41)
0   ... 
48  -O                                                                        (1 = 100.0%) {0.0%}
57  ... 

Histogram: Renderer.Core.Timing.Performance.SwapsPerPerformanceEntryInsertion recorded 57 samples, mean = 1.6 (flags = 0x41)
0   -----------------------O                                                  (23 = 40.4%)
1   ---------------O                                                          (15 = 26.3%) {40.4%}
2   ---------O                                                                (9 = 15.8%) {66.7%}
3   ---O                                                                      (3 = 5.3%) {82.5%}
4   O                                                                         (0 = 0.0%) {87.7%}
5   ---O                                                                      (3 = 5.3%) {87.7%}
6   -O                                                                        (1 = 1.8%) {93.0%}
7   --O                                                                       (2 = 3.5%) {94.7%}
8   ... 
14  -O                                                                        (1 = 1.8%) {98.2%}
16  ... 

Histogram: Renderer.CriticalFonts.BlockingResourcesLoadTime recorded 1 samples, mean = 2769.0 (flags = 0x41)
0     ... 
2516  -O                                                                        (1 = 100.0%) {0.0%}
2990  ... 

Histogram: Renderer.CriticalFonts.CriticalFontDelay recorded 1 samples, mean = 0.0 (flags = 0x41)
0  -O                                                                        (1 = 100.0%)
1  ... 

Histogram: Renderer.CriticalFonts.PreloadedFontsLoadTime recorded 1 samples, mean = 2704.0 (flags = 0x41)
0     ... 
2516  -O                                                                        (1 = 100.0%) {0.0%}
2990  ... 

Histogram: Renderer.Font.PrimaryFont.DomContentLoaded recorded 1 samples, mean = 0.0 (flags = 0x41)
0  -O                                                                        (1 = 100.0%)
1  ... 

Histogram: Renderer.Font.PrimaryFont.DomContentLoaded.Style recorded 1 samples, mean = 0.0 (flags = 0x41)
0  -O                                                                        (1 = 100.0%)
1  ... 

Histogram: Renderer.Font.SystemFallback.DomContentLoaded recorded 1 samples, mean = 0.0 (flags = 0x41)
0  -O                                                                        (1 = 100.0%)
1  ... 

Histogram: Renderer.ProcessLifetime3 recorded 3 samples, mean = 49988740.0 (flags = 0x41)
0         -O                                                                        (1 = 33.3%)
1000      ... 
68512707  --O                                                                       (2 = 66.7%) {33.3%}
76938273  ... 

Histogram: Renderer.ProcessLifetime3.Empty recorded 1 samples, mean = 74982512.0 (flags = 0x41)
0         ... 
68512707  -O                                                                        (1 = 100.0%) {0.0%}
76938273  ... 

Histogram: Renderer.ProcessLifetime3.MainFrame recorded 1 samples, mean = 74983096.0 (flags = 0x41)
0         ... 
68512707  -O                                                                        (1 = 100.0%) {0.0%}
76938273  ... 

Histogram: Renderer.ProcessLifetime3.Speculative recorded 1 samples, mean = 606.0 (flags = 0x41)
0  -O                                                                        (1 = 100.0%)
1000... 

Histogram: Renderer.ReduceSubresourceResponseIPC.DidNotifyBrowser recorded 48 samples, mean = 1.0 (flags = 0x41)
0  O                                                                         (0 = 0.0%)
1  ------------------------------------------------O                         (48 = 100.0%) {0.0%}
2  O                                                                         (0 = 0.0%) {100.0%}

Histogram: Renderer.RenderThreadImpl.Init recorded 1 samples, mean = 10.0 (flags = 0x41)
0   ... 
10  -O                                                                        (1 = 100.0%) {0.0%}
12  ... 

Histogram: Renderer4.GpuRasterizationEnabled recorded 1 samples, mean = 1.0 (flags = 0x41)
0  O                                                                         (0 = 0.0%)
1  -O                                                                        (1 = 100.0%) {0.0%}
2  O                                                                         (0 = 0.0%) {100.0%}

Histogram: RendererScheduler.RendererMainThreadLoad5 recorded 149969 samples, mean = 0.0 (flags = 0x41)
0   ------------------------------------------------------------------------O (149965 = 100.0%)
1   O                                                                         (2 = 0.0%) {100.0%}
2   ... 
28  O                                                                         (2 = 0.0%) {100.0%}
29  ... 

Histogram: RendererScheduler.RendererMainThreadLoad5.Background recorded 74982 samples, mean = 0.0 (flags = 0x41)
0  ------------------------------------------------------------------------O (74982 = 100.0%)
1  ... 

Histogram: RendererScheduler.RendererMainThreadLoad5.Background.AfterFifthMinute recorded 74683 samples, mean = 0.0 (flags = 0x41)
0  ------------------------------------------------------------------------O (74683 = 100.0%)
1  ... 

Histogram: RendererScheduler.RendererMainThreadLoad5.Background.AfterFirstMinute recorded 74923 samples, mean = 0.0 (flags = 0x41)
0  ------------------------------------------------------------------------O (74923 = 100.0%)
1  ... 

Histogram: RendererScheduler.RendererMainThreadLoad5.Background.AfterTenthMinute recorded 74383 samples, mean = 0.0 (flags = 0x41)
0  ------------------------------------------------------------------------O (74383 = 100.0%)
1  ... 

Histogram: RendererScheduler.RendererMainThreadLoad5.Foreground recorded 74986 samples, mean = 0.0 (flags = 0x41)
0   ------------------------------------------------------------------------O (74983 = 100.0%)
1   O                                                                         (1 = 0.0%) {100.0%}
2   O                                                                         (1 = 0.0%) {100.0%}
3   ... 
56  O                                                                         (1 = 0.0%) {100.0%}
57  ... 

Histogram: RendererScheduler.RendererMainThreadLoad5.Foreground.AfterFirstMinute recorded 74923 samples, mean = 0.0 (flags = 0x41)
0  ------------------------------------------------------------------------O (74923 = 100.0%)
1  ... 

Histogram: ReportingAndNEL.NumberOfLoadedNELPolicies recorded 1 samples, mean = 0.0 (flags = 0x41)
0  -O                                                                        (1 = 100.0%)
1  ... 

Histogram: ReportingAndNEL.NumberOfLoadedNELPolicies2 recorded 1 samples, mean = 0.0 (flags = 0x41)
0  -O                                                                        (1 = 100.0%)
1  ... 

Histogram: ReportingAndNEL.TimeInitializeDB recorded 1 samples, mean = 1.0 (flags = 0x41)
0  O                                                                         (0 = 0.0%)
1  -O                                                                        (1 = 100.0%) {0.0%}
2  ... 

Histogram: ResourceScheduler.RequestQueuingDuration.Priority1 recorded 2 samples, mean = 0.0 (flags = 0x41)
0  --O                                                                       (2 = 100.0%)
1  ... 

Histogram: ResourceScheduler.RequestQueuingDuration.Priority2 recorded 30 samples, mean = 0.0 (flags = 0x41)
0  ------------------------------O                                           (30 = 100.0%)
1  ... 

Histogram: ResourceScheduler.RequestQueuingDuration.Priority3 recorded 1 samples, mean = 0.0 (flags = 0x41)
0  -O                                                                        (1 = 100.0%)
1  ... 

Histogram: ResourceScheduler.RequestQueuingDuration.Priority4 recorded 7 samples, mean = 0.0 (flags = 0x41)
0  -------O                                                                  (7 = 100.0%)
1  ... 

Histogram: ResourceScheduler.RequestQueuingDuration.Priority5 recorded 16 samples, mean = 0.0 (flags = 0x41)
0  ----------------O                                                         (16 = 100.0%)
1  ... 

Histogram: SBClientPhishing.Classifier.Event recorded 2 samples, mean = 1.0 (flags = 0x41)
0  O                                                                         (0 = 0.0%)
1  --O                                                                       (2 = 100.0%) {0.0%}
2  ... 

Histogram: SBClientPhishing.HighConfidenceAllowlistCheckDuration recorded 1 samples, mean = 1.0 (flags = 0x41)
0  O                                                                         (0 = 0.0%)
1  -O                                                                        (1 = 100.0%) {0.0%}
2  ... 

Histogram: SBClientPhishing.ImageEmbedder.Event recorded 2 samples, mean = 1.0 (flags = 0x41)
0  O                                                                         (0 = 0.0%)
1  --O                                                                       (2 = 100.0%) {0.0%}
2  ... 

Histogram: SBClientPhishing.LoadReportTimesFromPrefAtServiceCreationSuccessful recorded 1 samples, mean = 1.0 (flags = 0x41)
0  O                                                                         (0 = 0.0%)
1  -O                                                                        (1 = 100.0%) {0.0%}
2  O                                                                         (0 = 0.0%) {100.0%}

Histogram: SBClientPhishing.MatchHighConfidenceAllowlist recorded 1 samples, mean = 3.0 (flags = 0x41)
0  ... 
3  -O                                                                        (1 = 100.0%) {0.0%}
4  O                                                                         (0 = 0.0%) {100.0%}

Histogram: SBClientPhishing.MatchHighConfidenceAllowlist.TriggerModel recorded 1 samples, mean = 3.0 (flags = 0x41)
0  ... 
3  -O                                                                        (1 = 100.0%) {0.0%}
4  O                                                                         (0 = 0.0%) {100.0%}

Histogram: SBClientPhishing.PreClassificationCheckResult recorded 1 samples, mean = 3.0 (flags = 0x41)
0  ... 
3  -O                                                                        (1 = 100.0%) {0.0%}
4  ... 

Histogram: SBIRS.DroppedIncident recorded 18 samples, mean = 1.0 (flags = 0x41)
0  O                                                                         (0 = 0.0%)
1  ------------------O                                                       (18 = 100.0%) {0.0%}
2  ... 

Histogram: SBIRS.ReceivedIncident recorded 18 samples, mean = 1.0 (flags = 0x41)
0  O                                                                         (0 = 0.0%)
1  ------------------O                                                       (18 = 100.0%) {0.0%}
2  ... 

Histogram: SSL.Experimental.SubresourceResponse recorded 48 samples, mean = 0.0 (flags = 0x41)
0  ------------------------------------------------O                         (48 = 100.0%)
1  ... 

Histogram: SafeBrowsing.AsyncCheck.CommittedNavigationIdsSize recorded 5 samples, mean = 1.6 (flags = 0x41)
0  -O                                                                        (1 = 20.0%)
1  -O                                                                        (1 = 20.0%) {20.0%}
2  --O                                                                       (2 = 40.0%) {40.0%}
3  -O                                                                        (1 = 20.0%) {80.0%}
4  ... 

Histogram: SafeBrowsing.BrowserThrottle.CheckerOnIOLifetime recorded 1 samples, mean = 598.0 (flags = 0x41)
0    ... 
574  -O                                                                        (1 = 100.0%) {0.0%}
729  ... 

Histogram: SafeBrowsing.BrowserThrottle.IntervalBetweenStartAndProcess recorded 1 samples, mean = 598.0 (flags = 0x41)
0    ... 
533  -O                                                                        (1 = 100.0%) {0.0%}
633  ... 

Histogram: SafeBrowsing.BrowserThrottle.IntervalBetweenStartAndProcess.FromNetwork recorded 1 samples, mean = 598.0 (flags = 0x41)
0    ... 
533  -O                                                                        (1 = 100.0%) {0.0%}
633  ... 

Histogram: SafeBrowsing.BrowserThrottle.IsCheckCompletedOnProcessResponse recorded 1 samples, mean = 1.0 (flags = 0x41)
0  O                                                                         (0 = 0.0%)
1  -O                                                                        (1 = 100.0%) {0.0%}
2  O                                                                         (0 = 0.0%) {100.0%}

Histogram: SafeBrowsing.BrowserThrottle.RequestDestination recorded 1 samples, mean = 3.0 (flags = 0x41)
0  ... 
3  -O                                                                        (1 = 100.0%) {0.0%}
4  ... 

Histogram: SafeBrowsing.BrowserThrottle.RequestDestination.Checked recorded 1 samples, mean = 3.0 (flags = 0x41)
0  ... 
3  -O                                                                        (1 = 100.0%) {0.0%}
4  ... 

Histogram: SafeBrowsing.BrowserThrottle.TotalDelay2.FromNetwork recorded 1 samples, mean = 0.0 (flags = 0x41)
0  -O                                                                        (1 = 100.0%)
1  ... 

Histogram: SafeBrowsing.BrowserThrottle.TotalDelay2.HashPrefixDatabaseCheck recorded 1 samples, mean = 0.0 (flags = 0x41)
0  -O                                                                        (1 = 100.0%)
1  ... 

Histogram: SafeBrowsing.BrowserThrottle.WillProcessResponseCount recorded 1 samples, mean = 1.0 (flags = 0x41)
0  O                                                                         (0 = 0.0%)
1  -O                                                                        (1 = 100.0%) {0.0%}
2  ... 

Histogram: SafeBrowsing.CheckBrowseUrl.HasLocalMatch recorded 1 samples, mean = 1.0 (flags = 0x41)
0  O                                                                         (0 = 0.0%)
1  -O                                                                        (1 = 100.0%) {0.0%}
2  O                                                                         (0 = 0.0%) {100.0%}

Histogram: SafeBrowsing.CheckUrl.Action recorded 1 samples, mean = 0.0 (flags = 0x41)
0  -O                                                                        (1 = 100.0%)
1  ... 

Histogram: SafeBrowsing.CheckUrl.FirstRequestThreatType2 recorded 1 samples, mean = 1.0 (flags = 0x41)
0  O                                                                         (0 = 0.0%)
1  -O                                                                        (1 = 100.0%) {0.0%}
2  ... 

Histogram: SafeBrowsing.CheckUrl.FirstRequestThreatType2.LocalPVer4 recorded 1 samples, mean = 1.0 (flags = 0x41)
0  O                                                                         (0 = 0.0%)
1  -O                                                                        (1 = 100.0%) {0.0%}
2  ... 

Histogram: SafeBrowsing.CheckUrl.FirstRequestTimedOut recorded 1 samples, mean = 0.0 (flags = 0x41)
0  -O                                                                        (1 = 100.0%)
1  ... 

Histogram: SafeBrowsing.CheckUrl.FirstRequestTimedOut.LocalPVer4 recorded 1 samples, mean = 0.0 (flags = 0x41)
0  -O                                                                        (1 = 100.0%)
1  ... 

Histogram: SafeBrowsing.CheckUrl.IsDocumentCheckPrefetch recorded 1 samples, mean = 0.0 (flags = 0x41)
0  -O                                                                        (1 = 100.0%)
1  ... 

Histogram: SafeBrowsing.CheckUrl.TimeTaken.HashDatabase recorded 1 samples, mean = 260.0 (flags = 0x41)
0    ... 
226  -O                                                                        (1 = 100.0%) {0.0%}
268  ... 

Histogram: SafeBrowsing.CheckUrl.Timeout recorded 1 samples, mean = 0.0 (flags = 0x41)
0  -O                                                                        (1 = 100.0%)
1  ... 

Histogram: SafeBrowsing.CheckUrl.UrlScheme recorded 1 samples, mean = 10.0 (flags = 0x41)
0   ... 
10  -O                                                                        (1 = 100.0%) {0.0%}
11  ... 

Histogram: SafeBrowsing.ClientSidePhishingDetection.AllowlistMatchResult recorded 1 samples, mean = 1.0 (flags = 0x41)
0  O                                                                         (0 = 0.0%)
1  -O                                                                        (1 = 100.0%) {0.0%}
2  ... 

Histogram: SafeBrowsing.Daily.BypassCountLast28Days.StandardProtection.AllEvents recorded 1 samples, mean = 0.0 (flags = 0x41)
0  -O                                                                        (1 = 100.0%)
1  ... 

Histogram: SafeBrowsing.Daily.SecuritySensitiveCountLast28Days.StandardProtection.AllEvents recorded 1 samples, mean = 0.0 (flags = 0x41)
0  -O                                                                        (1 = 100.0%)
1  ... 

Histogram: SafeBrowsing.FileTypeUpdate.ResourceBundleResult recorded 1 samples (flags = 0x41)
1  -O                                                                        (1 = 100.0%)

Histogram: SafeBrowsing.FileTypeUpdate.ResourceBundleVersion recorded 1 samples (flags = 0x41)
66  -O                                                                        (1 = 100.0%)

Histogram: SafeBrowsing.HPRT.Cache.FullHashCount recorded 43 samples, mean = 0.0 (flags = 0x41)
0  -------------------------------------------O                              (43 = 100.0%)
1  ... 

Histogram: SafeBrowsing.HPRT.Cache.HashPrefixCount recorded 43 samples, mean = 0.0 (flags = 0x41)
0  -------------------------------------------O                              (43 = 100.0%)
1  ... 

Histogram: SafeBrowsing.HPRT.Ineligible.FeatureOff recorded 1 samples, mean = 0.0 (flags = 0x41)
0  -O                                                                        (1 = 100.0%)
1  ... 

Histogram: SafeBrowsing.HPRT.Ineligible.IneligibleForLocation recorded 1 samples, mean = 0.0 (flags = 0x41)
0  -O                                                                        (1 = 100.0%)
1  ... 

Histogram: SafeBrowsing.HPRT.Ineligible.IneligibleForSessionOrLocation recorded 1 samples, mean = 1.0 (flags = 0x41)
0  O                                                                         (0 = 0.0%)
1  -O                                                                        (1 = 100.0%) {0.0%}
2  O                                                                         (0 = 0.0%) {100.0%}

Histogram: SafeBrowsing.HPRT.Ineligible.NoGoogleChromeBranding recorded 1 samples, mean = 1.0 (flags = 0x41)
0  O                                                                         (0 = 0.0%)
1  -O                                                                        (1 = 100.0%) {0.0%}
2  O                                                                         (0 = 0.0%) {100.0%}

Histogram: SafeBrowsing.HPRT.Ineligible.NotAllowedByPolicy recorded 1 samples, mean = 0.0 (flags = 0x41)
0  -O                                                                        (1 = 100.0%)
1  ... 

Histogram: SafeBrowsing.HPRT.Ineligible.NotStandardProtection recorded 1 samples, mean = 0.0 (flags = 0x41)
0  -O                                                                        (1 = 100.0%)
1  ... 

Histogram: SafeBrowsing.HPRT.Ineligible.OffTheRecord recorded 1 samples, mean = 0.0 (flags = 0x41)
0  -O                                                                        (1 = 100.0%)
1  ... 

Histogram: SafeBrowsing.HasCookieAtStartup2 recorded 1 samples, mean = 0.0 (flags = 0x41)
0  -O                                                                        (1 = 100.0%)
1  ... 

Histogram: SafeBrowsing.PageLoadToken.TokenCount recorded 43 samples, mean = 0.0 (flags = 0x41)
0  -------------------------------------------O                              (43 = 100.0%)
1  ... 

Histogram: SafeBrowsing.Pref.Daily.Extended recorded 1 samples, mean = 0.0 (flags = 0x41)
0  -O                                                                        (1 = 100.0%)
1  ... 

Histogram: SafeBrowsing.Pref.Daily.PasswordLeakToggle recorded 1 samples, mean = 1.0 (flags = 0x41)
0  O                                                                         (0 = 0.0%)
1  -O                                                                        (1 = 100.0%) {0.0%}
2  O                                                                         (0 = 0.0%) {100.0%}

Histogram: SafeBrowsing.Pref.Daily.SafeBrowsingModeManaged recorded 1 samples, mean = 0.0 (flags = 0x41)
0  -O                                                                        (1 = 100.0%)
1  ... 

Histogram: SafeBrowsing.Pref.Daily.SafeBrowsingState recorded 1 samples, mean = 1.0 (flags = 0x41)
0  O                                                                         (0 = 0.0%)
1  -O                                                                        (1 = 100.0%) {0.0%}
2  ... 

Histogram: SafeBrowsing.Pref.Enhanced recorded 1 samples, mean = 0.0 (flags = 0x41)
0  -O                                                                        (1 = 100.0%)
1  ... 

Histogram: SafeBrowsing.Pref.Enhanced.RegularProfile recorded 1 samples, mean = 0.0 (flags = 0x41)
0  -O                                                                        (1 = 100.0%)
1  ... 

Histogram: SafeBrowsing.Pref.Extended recorded 1 samples, mean = 0.0 (flags = 0x41)
0  -O                                                                        (1 = 100.0%)
1  ... 

Histogram: SafeBrowsing.Pref.General recorded 1 samples, mean = 1.0 (flags = 0x41)
0  O                                                                         (0 = 0.0%)
1  -O                                                                        (1 = 100.0%) {0.0%}
2  O                                                                         (0 = 0.0%) {100.0%}

Histogram: SafeBrowsing.RT.CacheManager.CleanUpTime recorded 43 samples, mean = 0.0 (flags = 0x41)
0  -------------------------------------------O                              (43 = 100.0%)
1  ... 

Histogram: SafeBrowsing.RT.CanCheckDatabase recorded 1 samples, mean = 1.0 (flags = 0x41)
0  O                                                                         (0 = 0.0%)
1  -O                                                                        (1 = 100.0%) {0.0%}
2  O                                                                         (0 = 0.0%) {100.0%}

Histogram: SafeBrowsing.RT.ConsumerVersionReason recorded 2 samples, mean = 1.0 (flags = 0x41)
0  -O                                                                        (1 = 50.0%)
1  O                                                                         (0 = 0.0%) {50.0%}
2  -O                                                                        (1 = 50.0%) {50.0%}
3  ... 

Histogram: SafeBrowsing.RendererThrottle.IsCheckCompletedOnProcessResponse recorded 48 samples, mean = 1.0 (flags = 0x41)
0  O                                                                         (0 = 0.0%)
1  ------------------------------------------------O                         (48 = 100.0%) {0.0%}
2  O                                                                         (0 = 0.0%) {100.0%}

Histogram: SafeBrowsing.RendererThrottle.RequestDestination recorded 52 samples, mean = 10.2 (flags = 0x41)
0   ------O                                                                   (6 = 11.5%)
1   ... 
5   ---------O                                                                (9 = 17.3%) {11.5%}
6   ... 
8   --O                                                                       (2 = 3.8%) {28.8%}
9   -O                                                                        (1 = 1.9%) {32.7%}
10  ... 
13  ---------------------------O                                              (27 = 51.9%) {34.6%}
14  ... 
16  -------O                                                                  (7 = 13.5%) {86.5%}
17  ... 

Histogram: SafeBrowsing.V4Database.Size recorded 1 samples, mean = 0.0 (flags = 0x41)
0  -O                                                                        (1 = 100.0%)
1  ... 

Histogram: SafeBrowsing.V4Database.Size.ChromeExtMalware recorded 1 samples, mean = 0.0 (flags = 0x41)
0  -O                                                                        (1 = 100.0%)
1  ... 

Histogram: SafeBrowsing.V4Database.Size.UrlBilling recorded 1 samples, mean = 0.0 (flags = 0x41)
0  -O                                                                        (1 = 100.0%)
1  ... 

Histogram: SafeBrowsing.V4Database.Size.UrlCsdDownloadAllowlist recorded 1 samples, mean = 0.0 (flags = 0x41)
0  -O                                                                        (1 = 100.0%)
1  ... 

Histogram: SafeBrowsing.V4Database.Size.UrlMalBin recorded 1 samples, mean = 0.0 (flags = 0x41)
0  -O                                                                        (1 = 100.0%)
1  ... 

Histogram: SafeBrowsing.V4Database.Size.UrlMalware recorded 1 samples, mean = 0.0 (flags = 0x41)
0  -O                                                                        (1 = 100.0%)
1  ... 

Histogram: SafeBrowsing.V4Database.Size.UrlSoceng recorded 1 samples, mean = 0.0 (flags = 0x41)
0  -O                                                                        (1 = 100.0%)
1  ... 

Histogram: SafeBrowsing.V4Database.Size.UrlUws recorded 1 samples, mean = 0.0 (flags = 0x41)
0  -O                                                                        (1 = 100.0%)
1  ... 

Histogram: SafeBrowsing.V4Database.SizeLinear recorded 1 samples, mean = 0.0 (flags = 0x41)
0  -O                                                                        (1 = 100.0%)
1  ... 

Histogram: SafeBrowsing.V4Database.SizeLinear.ChromeExtMalware recorded 1 samples, mean = 0.0 (flags = 0x41)
0  -O                                                                        (1 = 100.0%)
1  ... 

Histogram: SafeBrowsing.V4Database.SizeLinear.UrlMalBin recorded 1 samples, mean = 0.0 (flags = 0x41)
0  -O                                                                        (1 = 100.0%)
1  ... 

Histogram: SafeBrowsing.V4Database.SizeLinear.UrlSoceng recorded 1 samples, mean = 0.0 (flags = 0x41)
0  -O                                                                        (1 = 100.0%)
1  ... 

Histogram: SafeBrowsing.V4DatabaseInitializationTime recorded 1 samples, mean = 2047.0 (flags = 0x41)
0     ... 
1782  -O                                                                        (1 = 100.0%) {0.0%}
2117  ... 

Histogram: SafeBrowsing.V4Store.IsStoreValid recorded 7 samples, mean = 0.0 (flags = 0x41)
0  -------O                                                                  (7 = 100.0%)
1  ... 

Histogram: SafeBrowsing.V4Store.IsStoreValid.ChromeExtMalware recorded 1 samples, mean = 0.0 (flags = 0x41)
0  -O                                                                        (1 = 100.0%)
1  ... 

Histogram: SafeBrowsing.V4Store.IsStoreValid.UrlBilling recorded 1 samples, mean = 0.0 (flags = 0x41)
0  -O                                                                        (1 = 100.0%)
1  ... 

Histogram: SafeBrowsing.V4Store.IsStoreValid.UrlCsdDownloadAllowlist recorded 1 samples, mean = 0.0 (flags = 0x41)
0  -O                                                                        (1 = 100.0%)
1  ... 

Histogram: SafeBrowsing.V4Store.IsStoreValid.UrlMalBin recorded 1 samples, mean = 0.0 (flags = 0x41)
0  -O                                                                        (1 = 100.0%)
1  ... 

Histogram: SafeBrowsing.V4Store.IsStoreValid.UrlMalware recorded 1 samples, mean = 0.0 (flags = 0x41)
0  -O                                                                        (1 = 100.0%)
1  ... 

Histogram: SafeBrowsing.V4Store.IsStoreValid.UrlSoceng recorded 1 samples, mean = 0.0 (flags = 0x41)
0  -O                                                                        (1 = 100.0%)
1  ... 

Histogram: SafeBrowsing.V4Store.IsStoreValid.UrlUws recorded 1 samples, mean = 0.0 (flags = 0x41)
0  -O                                                                        (1 = 100.0%)
1  ... 

Histogram: SafeBrowsing.V4Store.ReadyOnStartup recorded 7 samples, mean = 0.0 (flags = 0x41)
0  -------O                                                                  (7 = 100.0%)
1  ... 

Histogram: SafeBrowsing.V4StoreRead.Result recorded 7 samples, mean = 2.0 (flags = 0x41)
0  ... 
2  -------O                                                                  (7 = 100.0%) {0.0%}
3  ... 

Histogram: Scheduling.MessagePumpTimeKeeper.BrowserIO recorded 0 samples (flags = 0x41)
0 ... 

Histogram: Scheduling.MessagePumpTimeKeeper.BrowserUI recorded 0 samples (flags = 0x41)
0 ... 

Histogram: Scheduling.ThreadController.ActiveIntervalDuration.Any.BrowserIO recorded 1 samples, mean = 0.0 (flags = 0x41)
0  -O                                                                        (1 = 100.0%)
1  ... 

Histogram: Scheduling.ThreadController.ActiveIntervalDuration.Any.BrowserUI recorded 77 samples, mean = 0.0 (flags = 0x41)
0  ------------------------------------------------------------------------O (77 = 100.0%)
1  ... 

Histogram: Scheduling.ThreadController.ActiveIntervalDuration.Any.Other recorded 1048 samples, mean = 0.0 (flags = 0x41)
0  ------------------------------------------------------------------------O (1036 = 98.9%)
1  O                                                                         (3 = 0.3%) {98.9%}
2  O                                                                         (2 = 0.2%) {99.1%}
3  O                                                                         (4 = 0.4%) {99.3%}
4  O                                                                         (1 = 0.1%) {99.7%}
5  ... 
7  O                                                                         (1 = 0.1%) {99.8%}
8  O                                                                         (1 = 0.1%) {99.9%}
10 ... 

Histogram: Scheduling.ThreadController.ActiveIntervalDuration.Medium.Other recorded 12 samples, mean = 3.2 (flags = 0x41)
0  O                                                                         (0 = 0.0%)
1  ---O                                                                      (3 = 25.0%) {0.0%}
2  --O                                                                       (2 = 16.7%) {25.0%}
3  ----O                                                                     (4 = 33.3%) {41.7%}
4  -O                                                                        (1 = 8.3%) {75.0%}
5  ... 
7  -O                                                                        (1 = 8.3%) {83.3%}
8  -O                                                                        (1 = 8.3%) {91.7%}
9  ... 

Histogram: Scheduling.ThreadController.ActiveIntervalDuration.Short.BrowserIO recorded 1 samples, mean = 11.0 (flags = 0x41)
0   ... 
11  -O                                                                        (1 = 100.0%) {0.0%}
12  ... 

Histogram: Scheduling.ThreadController.ActiveIntervalDuration.Short.BrowserUI recorded 77 samples, mean = 0.5 (flags = 0x41)
0  --------------------------------------O                                   (38 = 49.4%)
1  --------------------------------------O                                   (38 = 49.4%) {49.4%}
2  -O                                                                        (1 = 1.3%) {98.7%}
3  ... 

Histogram: Scheduling.ThreadController.ActiveIntervalDuration.Short.Other recorded 1036 samples, mean = 52.3 (flags = 0x41)
0    ... 
2    -O                                                                        (2 = 0.2%) {0.0%}
3    -O                                                                        (2 = 0.2%) {0.2%}
4    ----O                                                                     (16 = 1.5%) {0.4%}
5    --------O                                                                 (30 = 2.9%) {1.9%}
6    ------------------------------------------------O                         (191 = 18.4%) {4.8%}
7    ------------------------------------------------------------------------O (286 = 27.6%) {23.3%}
8    ----------------O                                                         (65 = 6.3%) {50.9%}
9    -----O                                                                    (18 = 1.7%) {57.1%}
10   -----O                                                                    (20 = 1.9%) {58.9%}
11   --O                                                                       (6 = 0.6%) {60.8%}
12   --O                                                                       (7 = 0.7%) {61.4%}
13   O                                                                         (1 = 0.1%) {62.1%}
14   -O                                                                        (3 = 0.3%) {62.2%}
15   -O                                                                        (2 = 0.2%) {62.5%}
16   O                                                                         (1 = 0.1%) {62.6%}
17   --O                                                                       (6 = 0.6%) {62.7%}
18   O                                                                         (0 = 0.0%) {63.3%}
19   -O                                                                        (3 = 0.3%) {63.3%}
20   -O                                                                        (2 = 0.2%) {63.6%}
21   O                                                                         (0 = 0.0%) {63.8%}
22   -O                                                                        (3 = 0.3%) {63.8%}
23   O                                                                         (1 = 0.1%) {64.1%}
24   -O                                                                        (2 = 0.2%) {64.2%}
25   O                                                                         (0 = 0.0%) {64.4%}
26   O                                                                         (1 = 0.1%) {64.4%}
27   -O                                                                        (2 = 0.2%) {64.5%}
28   -O                                                                        (3 = 0.3%) {64.7%}
29   --O                                                                       (6 = 0.6%) {65.0%}
31   -----O                                                                    (20 = 1.9%) {65.5%}
33   ---O                                                                      (10 = 1.0%) {67.5%}
35   ----O                                                                     (17 = 1.6%) {68.4%}
37   --O                                                                       (7 = 0.7%) {70.1%}
39   O                                                                         (1 = 0.1%) {70.8%}
41   --O                                                                       (6 = 0.6%) {70.8%}
43   --O                                                                       (9 = 0.9%) {71.4%}
45   -O                                                                        (3 = 0.3%) {72.3%}
47   -O                                                                        (4 = 0.4%) {72.6%}
49   -O                                                                        (4 = 0.4%) {73.0%}
52   --O                                                                       (6 = 0.6%) {73.4%}
55   -O                                                                        (5 = 0.5%) {73.9%}
58   O                                                                         (1 = 0.1%) {74.4%}
61   O                                                                         (1 = 0.1%) {74.5%}
64   -O                                                                        (2 = 0.2%) {74.6%}
67   --O                                                                       (6 = 0.6%) {74.8%}
70   --O                                                                       (7 = 0.7%) {75.4%}
74   --O                                                                       (8 = 0.8%) {76.1%}
78   ----O                                                                     (17 = 1.6%) {76.8%}
82   ---O                                                                      (12 = 1.2%) {78.5%}
86   -----O                                                                    (19 = 1.8%) {79.6%}
90   -------O                                                                  (26 = 2.5%) {81.5%}
95   -----O                                                                    (20 = 1.9%) {84.0%}
100  ---O                                                                      (12 = 1.2%) {85.9%}
105  ---O                                                                      (12 = 1.2%) {87.1%}
110  ---O                                                                      (13 = 1.3%) {88.2%}
116  -O                                                                        (4 = 0.4%) {89.5%}
122  --O                                                                       (7 = 0.7%) {89.9%}
128  -O                                                                        (5 = 0.5%) {90.5%}
135  --O                                                                       (8 = 0.8%) {91.0%}
142  O                                                                         (1 = 0.1%) {91.8%}
149  -O                                                                        (4 = 0.4%) {91.9%}
157  -O                                                                        (4 = 0.4%) {92.3%}
165  -O                                                                        (4 = 0.4%) {92.7%}
173  -O                                                                        (4 = 0.4%) {93.1%}
182  -O                                                                        (2 = 0.2%) {93.4%}
191  -O                                                                        (4 = 0.4%) {93.6%}
201  -O                                                                        (5 = 0.5%) {94.0%}
211  -O                                                                        (2 = 0.2%) {94.5%}
222  -O                                                                        (2 = 0.2%) {94.7%}
233  O                                                                         (1 = 0.1%) {94.9%}
245  -O                                                                        (2 = 0.2%) {95.0%}
258  -O                                                                        (4 = 0.4%) {95.2%}
271  O                                                                         (1 = 0.1%) {95.6%}
285  -O                                                                        (5 = 0.5%) {95.7%}
300  -O                                                                        (5 = 0.5%) {96.1%}
315  -O                                                                        (3 = 0.3%) {96.6%}
331  O                                                                         (1 = 0.1%) {96.9%}
348  -O                                                                        (3 = 0.3%) {97.0%}
366  -O                                                                        (5 = 0.5%) {97.3%}
385  O                                                                         (1 = 0.1%) {97.8%}
405  -O                                                                        (2 = 0.2%) {97.9%}
426  -O                                                                        (3 = 0.3%) {98.1%}
448  -O                                                                        (3 = 0.3%) {98.4%}
471  O                                                                         (0 = 0.0%) {98.6%}
495  O                                                                         (1 = 0.1%) {98.6%}
520  O                                                                         (1 = 0.1%) {98.7%}
547  -O                                                                        (2 = 0.2%) {98.8%}
575  -O                                                                        (3 = 0.3%) {99.0%}
605  O                                                                         (1 = 0.1%) {99.3%}
636  O                                                                         (0 = 0.0%) {99.4%}
669  -O                                                                        (3 = 0.3%) {99.4%}
703  O                                                                         (1 = 0.1%) {99.7%}
739  ... 
859  O                                                                         (1 = 0.1%) {99.8%}
904  O                                                                         (1 = 0.1%) {99.9%}
951  ... 

Histogram: Scheduling.ThreadController.ActiveIntervalOffCpuDuration.Any.BrowserIO recorded 1 samples, mean = 0.0 (flags = 0x41)
0  -O                                                                        (1 = 100.0%)
1  ... 

Histogram: Scheduling.ThreadController.ActiveIntervalOffCpuDuration.Any.BrowserUI recorded 77 samples, mean = 0.0 (flags = 0x41)
0  ------------------------------------------------------------------------O (77 = 100.0%)
1  ... 

Histogram: Scheduling.ThreadController.ActiveIntervalOffCpuDuration.Any.Other recorded 1048 samples, mean = 0.0 (flags = 0x41)
0  ------------------------------------------------------------------------O (1048 = 100.0%)
1  ... 

Histogram: Scheduling.ThreadController.ActiveIntervalOffCpuDuration.Medium.Other recorded 12 samples, mean = 0.0 (flags = 0x41)
0  ------------O                                                             (12 = 100.0%)
1  ... 

Histogram: Scheduling.ThreadController.ActiveIntervalOffCpuDuration.Short.BrowserIO recorded 1 samples, mean = 1.0 (flags = 0x41)
0  O                                                                         (0 = 0.0%)
1  -O                                                                        (1 = 100.0%) {0.0%}
2  ... 

Histogram: Scheduling.ThreadController.ActiveIntervalOffCpuDuration.Short.BrowserUI recorded 77 samples, mean = 0.3 (flags = 0x41)
0  ---------------------------------------------------O                      (51 = 66.2%)
1  --------------------------O                                               (26 = 33.8%) {66.2%}
2  ... 

Histogram: Scheduling.ThreadController.ActiveIntervalOffCpuDuration.Short.Other recorded 1036 samples, mean = 8.5 (flags = 0x41)
0    ------------------------O                                                 (164 = 15.8%)
1    ------------------------------------------------------------------------O (483 = 46.6%) {15.8%}
2    ------------------------O                                                 (164 = 15.8%) {62.5%}
3    ---O                                                                      (22 = 2.1%) {78.3%}
4    -O                                                                        (5 = 0.5%) {80.4%}
5    -O                                                                        (7 = 0.7%) {80.9%}
6    O                                                                         (2 = 0.2%) {81.6%}
7    -O                                                                        (7 = 0.7%) {81.8%}
8    -O                                                                        (4 = 0.4%) {82.4%}
9    -O                                                                        (5 = 0.5%) {82.8%}
10   -O                                                                        (9 = 0.9%) {83.3%}
11   ---O                                                                      (17 = 1.6%) {84.2%}
12   ---O                                                                      (21 = 2.0%) {85.8%}
13   --O                                                                       (13 = 1.3%) {87.8%}
14   -O                                                                        (6 = 0.6%) {89.1%}
15   -O                                                                        (5 = 0.5%) {89.7%}
16   -O                                                                        (7 = 0.7%) {90.2%}
17   -O                                                                        (5 = 0.5%) {90.8%}
18   -O                                                                        (4 = 0.4%) {91.3%}
19   O                                                                         (1 = 0.1%) {91.7%}
20   O                                                                         (2 = 0.2%) {91.8%}
21   -O                                                                        (4 = 0.4%) {92.0%}
22   O                                                                         (2 = 0.2%) {92.4%}
23   O                                                                         (2 = 0.2%) {92.6%}
24   O                                                                         (1 = 0.1%) {92.8%}
25   O                                                                         (2 = 0.2%) {92.9%}
26   O                                                                         (2 = 0.2%) {93.1%}
27   O                                                                         (1 = 0.1%) {93.2%}
28   O                                                                         (1 = 0.1%) {93.3%}
29   O                                                                         (2 = 0.2%) {93.4%}
31   -O                                                                        (4 = 0.4%) {93.6%}
33   O                                                                         (2 = 0.2%) {94.0%}
35   O                                                                         (2 = 0.2%) {94.2%}
37   O                                                                         (2 = 0.2%) {94.4%}
39   -O                                                                        (7 = 0.7%) {94.6%}
41   O                                                                         (3 = 0.3%) {95.3%}
43   O                                                                         (2 = 0.2%) {95.6%}
45   ... 
49   O                                                                         (2 = 0.2%) {95.8%}
52   O                                                                         (3 = 0.3%) {95.9%}
55   O                                                                         (2 = 0.2%) {96.2%}
58   O                                                                         (2 = 0.2%) {96.4%}
61   -O                                                                        (5 = 0.5%) {96.6%}
64   O                                                                         (3 = 0.3%) {97.1%}
67   O                                                                         (1 = 0.1%) {97.4%}
70   O                                                                         (2 = 0.2%) {97.5%}
74   O                                                                         (0 = 0.0%) {97.7%}
78   O                                                                         (1 = 0.1%) {97.7%}
82   O                                                                         (1 = 0.1%) {97.8%}
86   O                                                                         (0 = 0.0%) {97.9%}
90   O                                                                         (2 = 0.2%) {97.9%}
95   O                                                                         (1 = 0.1%) {98.1%}
100  O                                                                         (1 = 0.1%) {98.2%}
105  O                                                                         (0 = 0.0%) {98.3%}
110  O                                                                         (1 = 0.1%) {98.3%}
116  O                                                                         (3 = 0.3%) {98.4%}
122  O                                                                         (1 = 0.1%) {98.6%}
128  ... 
165  O                                                                         (1 = 0.1%) {98.7%}
173  O                                                                         (1 = 0.1%) {98.8%}
182  O                                                                         (1 = 0.1%) {98.9%}
191  O                                                                         (2 = 0.2%) {99.0%}
201  O                                                                         (2 = 0.2%) {99.2%}
211  O                                                                         (2 = 0.2%) {99.4%}
222  O                                                                         (0 = 0.0%) {99.6%}
233  O                                                                         (1 = 0.1%) {99.6%}
245  ... 
285  O                                                                         (1 = 0.1%) {99.7%}
300  ... 
331  O                                                                         (2 = 0.2%) {99.8%}
348  ... 

Histogram: Scheduling.ThreadController.ActiveIntervalOnCpuDuration.Any.BrowserIO recorded 1 samples, mean = 0.0 (flags = 0x41)
0  -O                                                                        (1 = 100.0%)
1  ... 

Histogram: Scheduling.ThreadController.ActiveIntervalOnCpuDuration.Any.BrowserUI recorded 77 samples, mean = 0.0 (flags = 0x41)
0  ------------------------------------------------------------------------O (77 = 100.0%)
1  ... 

Histogram: Scheduling.ThreadController.ActiveIntervalOnCpuDuration.Any.Other recorded 1048 samples, mean = 0.0 (flags = 0x41)
0  ------------------------------------------------------------------------O (1036 = 98.9%)
1  O                                                                         (3 = 0.3%) {98.9%}
2  O                                                                         (3 = 0.3%) {99.1%}
3  O                                                                         (3 = 0.3%) {99.4%}
4  O                                                                         (1 = 0.1%) {99.7%}
5  ... 
7  O                                                                         (1 = 0.1%) {99.8%}
8  O                                                                         (1 = 0.1%) {99.9%}
10 ... 

Histogram: Scheduling.ThreadController.ActiveIntervalOnCpuDuration.Medium.Other recorded 12 samples, mean = 3.1 (flags = 0x41)
0  O                                                                         (0 = 0.0%)
1  ---O                                                                      (3 = 25.0%) {0.0%}
2  ---O                                                                      (3 = 25.0%) {25.0%}
3  ---O                                                                      (3 = 25.0%) {50.0%}
4  -O                                                                        (1 = 8.3%) {75.0%}
5  ... 
7  -O                                                                        (1 = 8.3%) {83.3%}
8  -O                                                                        (1 = 8.3%) {91.7%}
9  ... 

Histogram: Scheduling.ThreadController.ActiveIntervalOnCpuDuration.Short.BrowserIO recorded 1 samples, mean = 10.0 (flags = 0x41)
0   ... 
10  -O                                                                        (1 = 100.0%) {0.0%}
11  ... 

Histogram: Scheduling.ThreadController.ActiveIntervalOnCpuDuration.Short.BrowserUI recorded 77 samples, mean = 0.2 (flags = 0x41)
0  ---------------------------------------------------------------O          (63 = 81.8%)
1  --------------O                                                           (14 = 18.2%) {81.8%}
2  ... 

Histogram: Scheduling.ThreadController.ActiveIntervalOnCpuDuration.Short.Other recorded 1036 samples, mean = 43.8 (flags = 0x41)
0    -O                                                                        (3 = 0.3%)
1    O                                                                         (1 = 0.1%) {0.3%}
2    O                                                                         (1 = 0.1%) {0.4%}
3    ---O                                                                      (13 = 1.3%) {0.5%}
4    -----O                                                                    (22 = 2.1%) {1.7%}
5    --------------------------------------------O                             (191 = 18.4%) {3.9%}
6    ------------------------------------------------------------------------O (310 = 29.9%) {22.3%}
7    --------------O                                                           (59 = 5.7%) {52.2%}
8    --O                                                                       (10 = 1.0%) {57.9%}
9    -----O                                                                    (20 = 1.9%) {58.9%}
10   --O                                                                       (9 = 0.9%) {60.8%}
11   --O                                                                       (7 = 0.7%) {61.7%}
12   -O                                                                        (3 = 0.3%) {62.4%}
13   O                                                                         (2 = 0.2%) {62.6%}
14   O                                                                         (1 = 0.1%) {62.8%}
15   O                                                                         (2 = 0.2%) {62.9%}
16   -O                                                                        (4 = 0.4%) {63.1%}
17   O                                                                         (2 = 0.2%) {63.5%}
18   O                                                                         (1 = 0.1%) {63.7%}
19   O                                                                         (2 = 0.2%) {63.8%}
20   O                                                                         (1 = 0.1%) {64.0%}
21   O                                                                         (1 = 0.1%) {64.1%}
22   O                                                                         (2 = 0.2%) {64.2%}
23   O                                                                         (0 = 0.0%) {64.4%}
24   -O                                                                        (4 = 0.4%) {64.4%}
25   O                                                                         (1 = 0.1%) {64.8%}
26   O                                                                         (1 = 0.1%) {64.9%}
27   O                                                                         (1 = 0.1%) {65.0%}
28   -O                                                                        (4 = 0.4%) {65.1%}
29   ---O                                                                      (12 = 1.2%) {65.4%}
31   ----O                                                                     (18 = 1.7%) {66.6%}
33   ----O                                                                     (16 = 1.5%) {68.3%}
35   ---O                                                                      (13 = 1.3%) {69.9%}
37   -O                                                                        (4 = 0.4%) {71.1%}
39   O                                                                         (2 = 0.2%) {71.5%}
41   --O                                                                       (10 = 1.0%) {71.7%}
43   -O                                                                        (5 = 0.5%) {72.7%}
45   -O                                                                        (3 = 0.3%) {73.2%}
47   O                                                                         (2 = 0.2%) {73.5%}
49   --O                                                                       (9 = 0.9%) {73.6%}
52   --O                                                                       (7 = 0.7%) {74.5%}
55   -O                                                                        (3 = 0.3%) {75.2%}
58   -O                                                                        (4 = 0.4%) {75.5%}
61   --O                                                                       (7 = 0.7%) {75.9%}
64   --O                                                                       (9 = 0.9%) {76.5%}
67   ----O                                                                     (17 = 1.6%) {77.4%}
70   ---O                                                                      (15 = 1.4%) {79.1%}
74   -------O                                                                  (28 = 2.7%) {80.5%}
78   ----O                                                                     (17 = 1.6%) {83.2%}
82   --O                                                                       (10 = 1.0%) {84.8%}
86   ---O                                                                      (12 = 1.2%) {85.8%}
90   ----O                                                                     (16 = 1.5%) {87.0%}
95   ---O                                                                      (14 = 1.4%) {88.5%}
100  --O                                                                       (9 = 0.9%) {89.9%}
105  --O                                                                       (7 = 0.7%) {90.7%}
110  --O                                                                       (9 = 0.9%) {91.4%}
116  -O                                                                        (4 = 0.4%) {92.3%}
122  O                                                                         (2 = 0.2%) {92.7%}
128  O                                                                         (2 = 0.2%) {92.9%}
135  -O                                                                        (3 = 0.3%) {93.1%}
142  -O                                                                        (3 = 0.3%) {93.3%}
149  O                                                                         (1 = 0.1%) {93.6%}
157  -O                                                                        (4 = 0.4%) {93.7%}
165  -O                                                                        (4 = 0.4%) {94.1%}
173  -O                                                                        (5 = 0.5%) {94.5%}
182  -O                                                                        (6 = 0.6%) {95.0%}
191  -O                                                                        (4 = 0.4%) {95.6%}
201  -O                                                                        (3 = 0.3%) {95.9%}
211  O                                                                         (2 = 0.2%) {96.2%}
222  O                                                                         (1 = 0.1%) {96.4%}
233  O                                                                         (1 = 0.1%) {96.5%}
245  ... 
271  O                                                                         (1 = 0.1%) {96.6%}
285  -O                                                                        (6 = 0.6%) {96.7%}
300  -O                                                                        (3 = 0.3%) {97.3%}
315  -O                                                                        (3 = 0.3%) {97.6%}
331  O                                                                         (2 = 0.2%) {97.9%}
348  -O                                                                        (3 = 0.3%) {98.1%}
366  O                                                                         (0 = 0.0%) {98.4%}
385  O                                                                         (1 = 0.1%) {98.4%}
405  O                                                                         (1 = 0.1%) {98.5%}
426  O                                                                         (2 = 0.2%) {98.6%}
448  -O                                                                        (3 = 0.3%) {98.7%}
471  O                                                                         (1 = 0.1%) {99.0%}
495  ... 
547  O                                                                         (2 = 0.2%) {99.1%}
575  O                                                                         (2 = 0.2%) {99.3%}
605  O                                                                         (0 = 0.0%) {99.5%}
636  O                                                                         (1 = 0.1%) {99.5%}
669  -O                                                                        (3 = 0.3%) {99.6%}
703  ... 
904  O                                                                         (1 = 0.1%) {99.9%}
951  ... 

Histogram: Scheduling.ThreadController.ActiveIntervalOnCpuPercentage.Any.BrowserIO recorded 1 samples, mean = 90.0 (flags = 0x41)
0   ... 
90  -O                                                                        (1 = 100.0%) {0.0%}
91  ... 

Histogram: Scheduling.ThreadController.ActiveIntervalOnCpuPercentage.Any.BrowserUI recorded 77 samples, mean = 66.9 (flags = 0x41)
0    -------------------------O                                                (25 = 32.5%)
1    ... 
50   -O                                                                        (1 = 1.3%) {32.5%}
51   ... 
100  ---------------------------------------------------O                      (51 = 66.2%) {33.8%}
101  O                                                                         (0 = 0.0%) {100.0%}

Histogram: Scheduling.ThreadController.ActiveIntervalOnCpuPercentage.Any.Other recorded 1048 samples, mean = 86.2 (flags = 0x41)
0    -O                                                                        (3 = 0.3%)
1    ... 
20   O                                                                         (1 = 0.1%) {0.3%}
21   O                                                                         (1 = 0.1%) {0.4%}
22   ... 
25   O                                                                         (1 = 0.1%) {0.5%}
26   O                                                                         (0 = 0.0%) {0.6%}
27   O                                                                         (1 = 0.1%) {0.6%}
28   ... 
34   O                                                                         (1 = 0.1%) {0.7%}
35   O                                                                         (1 = 0.1%) {0.8%}
36   O                                                                         (0 = 0.0%) {0.9%}
37   -O                                                                        (2 = 0.2%) {0.9%}
38   ... 
40   O                                                                         (1 = 0.1%) {1.0%}
41   ... 
45   -O                                                                        (2 = 0.2%) {1.1%}
46   O                                                                         (1 = 0.1%) {1.3%}
47   -O                                                                        (2 = 0.2%) {1.4%}
48   O                                                                         (1 = 0.1%) {1.6%}
49   O                                                                         (0 = 0.0%) {1.7%}
50   -O                                                                        (3 = 0.3%) {1.7%}
51   O                                                                         (0 = 0.0%) {2.0%}
52   O                                                                         (1 = 0.1%) {2.0%}
53   ... 
55   -O                                                                        (2 = 0.2%) {2.1%}
56   -O                                                                        (2 = 0.2%) {2.3%}
57   -O                                                                        (3 = 0.3%) {2.5%}
58   -O                                                                        (2 = 0.2%) {2.8%}
59   O                                                                         (0 = 0.0%) {3.0%}
60   -O                                                                        (3 = 0.3%) {3.0%}
61   O                                                                         (1 = 0.1%) {3.2%}
62   -O                                                                        (4 = 0.4%) {3.3%}
63   -O                                                                        (2 = 0.2%) {3.7%}
64   O                                                                         (1 = 0.1%) {3.9%}
65   O                                                                         (1 = 0.1%) {4.0%}
66   --O                                                                       (5 = 0.5%) {4.1%}
67   -O                                                                        (2 = 0.2%) {4.6%}
68   O                                                                         (0 = 0.0%) {4.8%}
69   O                                                                         (1 = 0.1%) {4.8%}
70   -O                                                                        (2 = 0.2%) {4.9%}
71   --------------------O                                                     (64 = 6.1%) {5.1%}
72   O                                                                         (0 = 0.0%) {11.2%}
73   -O                                                                        (4 = 0.4%) {11.2%}
74   -O                                                                        (2 = 0.2%) {11.5%}
75   ------------O                                                             (38 = 3.6%) {11.7%}
76   -O                                                                        (3 = 0.3%) {15.4%}
77   --O                                                                       (7 = 0.7%) {15.6%}
78   --O                                                                       (5 = 0.5%) {16.3%}
79   --O                                                                       (7 = 0.7%) {16.8%}
80   -------O                                                                  (22 = 2.1%) {17.5%}
81   --O                                                                       (5 = 0.5%) {19.6%}
82   ---O                                                                      (9 = 0.9%) {20.0%}
83   --------------------------------------O                                   (120 = 11.5%) {20.9%}
84   -----O                                                                    (16 = 1.5%) {32.3%}
85   ------------------------------------------------------------------------O (229 = 21.9%) {33.9%}
86   -----O                                                                    (16 = 1.5%) {55.7%}
87   --------------O                                                           (45 = 4.3%) {57.3%}
88   ----O                                                                     (14 = 1.3%) {61.5%}
89   --O                                                                       (7 = 0.7%) {62.9%}
90   ------O                                                                   (18 = 1.7%) {63.5%}
91   ---O                                                                      (10 = 1.0%) {65.3%}
92   --O                                                                       (6 = 0.6%) {66.2%}
93   ---O                                                                      (9 = 0.9%) {66.8%}
94   ------O                                                                   (18 = 1.7%) {67.7%}
95   ----O                                                                     (14 = 1.3%) {69.4%}
96   ------------O                                                             (38 = 3.6%) {70.7%}
97   --------------O                                                           (43 = 4.1%) {74.3%}
98   ---------O                                                                (30 = 2.9%) {78.4%}
99   ----------O                                                               (32 = 3.1%) {81.3%}
100  ----------------------------------------------------O                     (164 = 15.6%) {84.4%}
101  O                                                                         (0 = 0.0%) {100.0%}

Histogram: Scheduling.ThreadController.ActiveIntervalOnCpuPercentage.Medium.Other recorded 12 samples, mean = 97.6 (flags = 0x41)
0   ... 
93  -O                                                                        (1 = 8.3%) {0.0%}
94  -O                                                                        (1 = 8.3%) {8.3%}
95  ... 
97  ---O                                                                      (3 = 25.0%) {16.7%}
98  O                                                                         (0 = 0.0%) {41.7%}
99  -------O                                                                  (7 = 58.3%) {41.7%}
100 ... 

Histogram: Scheduling.ThreadController.ActiveIntervalOnCpuPercentage.Short.BrowserIO recorded 1 samples, mean = 90.0 (flags = 0x41)
0   ... 
90  -O                                                                        (1 = 100.0%) {0.0%}
91  ... 

Histogram: Scheduling.ThreadController.ActiveIntervalOnCpuPercentage.Short.BrowserUI recorded 77 samples, mean = 66.9 (flags = 0x41)
0    -------------------------O                                                (25 = 32.5%)
1    ... 
50   -O                                                                        (1 = 1.3%) {32.5%}
51   ... 
100  ---------------------------------------------------O                      (51 = 66.2%) {33.8%}
101  O                                                                         (0 = 0.0%) {100.0%}

Histogram: Scheduling.ThreadController.ActiveIntervalOnCpuPercentage.Short.Other recorded 1036 samples, mean = 86.0 (flags = 0x41)
0    -O                                                                        (3 = 0.3%)
1    ... 
20   O                                                                         (1 = 0.1%) {0.3%}
21   O                                                                         (1 = 0.1%) {0.4%}
22   ... 
25   O                                                                         (1 = 0.1%) {0.5%}
26   O                                                                         (0 = 0.0%) {0.6%}
27   O                                                                         (1 = 0.1%) {0.6%}
28   ... 
34   O                                                                         (1 = 0.1%) {0.7%}
35   O                                                                         (1 = 0.1%) {0.8%}
36   O                                                                         (0 = 0.0%) {0.9%}
37   -O                                                                        (2 = 0.2%) {0.9%}
38   ... 
40   O                                                                         (1 = 0.1%) {1.1%}
41   ... 
45   -O                                                                        (2 = 0.2%) {1.2%}
46   O                                                                         (1 = 0.1%) {1.4%}
47   -O                                                                        (2 = 0.2%) {1.4%}
48   O                                                                         (1 = 0.1%) {1.6%}
49   O                                                                         (0 = 0.0%) {1.7%}
50   -O                                                                        (3 = 0.3%) {1.7%}
51   O                                                                         (0 = 0.0%) {2.0%}
52   O                                                                         (1 = 0.1%) {2.0%}
53   ... 
55   -O                                                                        (2 = 0.2%) {2.1%}
56   -O                                                                        (2 = 0.2%) {2.3%}
57   -O                                                                        (3 = 0.3%) {2.5%}
58   -O                                                                        (2 = 0.2%) {2.8%}
59   O                                                                         (0 = 0.0%) {3.0%}
60   -O                                                                        (3 = 0.3%) {3.0%}
61   O                                                                         (1 = 0.1%) {3.3%}
62   -O                                                                        (4 = 0.4%) {3.4%}
63   -O                                                                        (2 = 0.2%) {3.8%}
64   O                                                                         (1 = 0.1%) {4.0%}
65   O                                                                         (1 = 0.1%) {4.1%}
66   --O                                                                       (5 = 0.5%) {4.2%}
67   -O                                                                        (2 = 0.2%) {4.6%}
68   O                                                                         (0 = 0.0%) {4.8%}
69   O                                                                         (1 = 0.1%) {4.8%}
70   -O                                                                        (2 = 0.2%) {4.9%}
71   --------------------O                                                     (64 = 6.2%) {5.1%}
72   O                                                                         (0 = 0.0%) {11.3%}
73   -O                                                                        (4 = 0.4%) {11.3%}
74   -O                                                                        (2 = 0.2%) {11.7%}
75   ------------O                                                             (38 = 3.7%) {11.9%}
76   -O                                                                        (3 = 0.3%) {15.5%}
77   --O                                                                       (7 = 0.7%) {15.8%}
78   --O                                                                       (5 = 0.5%) {16.5%}
79   --O                                                                       (7 = 0.7%) {17.0%}
80   -------O                                                                  (22 = 2.1%) {17.7%}
81   --O                                                                       (5 = 0.5%) {19.8%}
82   ---O                                                                      (9 = 0.9%) {20.3%}
83   --------------------------------------O                                   (120 = 11.6%) {21.1%}
84   -----O                                                                    (16 = 1.5%) {32.7%}
85   ------------------------------------------------------------------------O (229 = 22.1%) {34.3%}
86   -----O                                                                    (16 = 1.5%) {56.4%}
87   --------------O                                                           (45 = 4.3%) {57.9%}
88   ----O                                                                     (14 = 1.4%) {62.3%}
89   --O                                                                       (7 = 0.7%) {63.6%}
90   ------O                                                                   (18 = 1.7%) {64.3%}
91   ---O                                                                      (10 = 1.0%) {66.0%}
92   --O                                                                       (6 = 0.6%) {67.0%}
93   ---O                                                                      (8 = 0.8%) {67.6%}
94   -----O                                                                    (17 = 1.6%) {68.3%}
95   ----O                                                                     (14 = 1.4%) {70.0%}
96   ------------O                                                             (38 = 3.7%) {71.3%}
97   -------------O                                                            (40 = 3.9%) {75.0%}
98   ---------O                                                                (30 = 2.9%) {78.9%}
99   --------O                                                                 (25 = 2.4%) {81.8%}
100  ----------------------------------------------------O                     (164 = 15.8%) {84.2%}
101  O                                                                         (0 = 0.0%) {100.0%}

Histogram: Scheduling.ThreadController.IdleDuration.Any.BrowserIO recorded 1 samples, mean = 2.0 (flags = 0x41)
0  ... 
2  -O                                                                        (1 = 100.0%) {0.0%}
3  ... 

Histogram: Scheduling.ThreadController.IdleDuration.Any.BrowserUI recorded 77 samples, mean = 0.0 (flags = 0x41)
0  ------------------------------------------------------------------------O (77 = 100.0%)
1  ... 

Histogram: Scheduling.ThreadController.IdleDuration.Any.Other recorded 428 samples, mean = 3256.6 (flags = 0x41)
0      ----------------------------------------------------------------O         (77 = 18.0%)
1      -O                                                                        (1 = 0.2%) {18.0%}
2      -O                                                                        (1 = 0.2%) {18.2%}
3      -O                                                                        (1 = 0.2%) {18.5%}
4      ... 
6      -O                                                                        (1 = 0.2%) {18.7%}
7      O                                                                         (0 = 0.0%) {18.9%}
8      --O                                                                       (2 = 0.5%) {18.9%}
10     ... 
17     -O                                                                        (1 = 0.2%) {19.4%}
20     ... 
29     -O                                                                        (1 = 0.2%) {19.6%}
34     O                                                                         (0 = 0.0%) {19.9%}
40     -O                                                                        (1 = 0.2%) {19.9%}
48     -O                                                                        (1 = 0.2%) {20.1%}
57     O                                                                         (0 = 0.0%) {20.3%}
68     -O                                                                        (1 = 0.2%) {20.3%}
81     ---------------------------------------------------------O                (68 = 15.9%) {20.6%}
96     ----------------------------------------------------------------O         (76 = 17.8%) {36.4%}
114    ... 
190    -O                                                                        (1 = 0.2%) {54.2%}
226    ... 
318    --O                                                                       (2 = 0.5%) {54.4%}
378    -O                                                                        (1 = 0.2%) {54.9%}
449    --O                                                                       (2 = 0.5%) {55.1%}
533    --O                                                                       (2 = 0.5%) {55.6%}
633    -O                                                                        (1 = 0.2%) {56.1%}
752    ---O                                                                      (3 = 0.7%) {56.3%}
894    ------------------------------------------------------------------------O (86 = 20.1%) {57.0%}
1062   O                                                                         (0 = 0.0%) {77.1%}
1262   --O                                                                       (2 = 0.5%) {77.1%}
1500   -O                                                                        (1 = 0.2%) {77.6%}
1782   ---O                                                                      (3 = 0.7%) {77.8%}
2117   O                                                                         (0 = 0.0%) {78.5%}
2516   --O                                                                       (2 = 0.5%) {78.5%}
2990   -O                                                                        (1 = 0.2%) {79.0%}
3553   ----------------------------------------------------O                     (62 = 14.5%) {79.2%}
4222   -O                                                                        (1 = 0.2%) {93.7%}
5017   ... 
7083   -O                                                                        (1 = 0.2%) {93.9%}
8416   -O                                                                        (1 = 0.2%) {94.2%}
10000  --------------------O                                                     (24 = 5.6%) {94.4%}

Histogram: Scheduling.ThreadController.IdleDuration.Medium.BrowserIO recorded 1 samples, mean = 2.0 (flags = 0x41)
0  ... 
2  -O                                                                        (1 = 100.0%) {0.0%}
3  ... 

Histogram: Scheduling.ThreadController.IdleDuration.Medium.Other recorded 99 samples, mean = 86.6 (flags = 0x41)
0   O                                                                         (0 = 0.0%)
1   -O                                                                        (1 = 1.0%) {0.0%}
2   -O                                                                        (1 = 1.0%) {1.0%}
3   -O                                                                        (1 = 1.0%) {2.0%}
4   ... 
6   -O                                                                        (1 = 1.0%) {3.0%}
7   O                                                                         (0 = 0.0%) {4.0%}
8   -O                                                                        (1 = 1.0%) {4.0%}
9   -O                                                                        (1 = 1.0%) {5.1%}
10  ... 
17  -O                                                                        (1 = 1.0%) {6.1%}
18  ... 
31  -O                                                                        (1 = 1.0%) {7.1%}
32  ... 
46  -O                                                                        (1 = 1.0%) {8.1%}
47  ... 
50  -O                                                                        (1 = 1.0%) {9.1%}
51  ... 
77  -O                                                                        (1 = 1.0%) {10.1%}
78  ... 
92  ----------O                                                               (10 = 10.1%) {11.1%}
93  ------------------------O                                                 (24 = 24.2%) {21.2%}
94  ---------------------------O                                              (27 = 27.3%) {45.5%}
95  -------O                                                                  (7 = 7.1%) {72.7%}
96  -O                                                                        (1 = 1.0%) {79.8%}
97  O                                                                         (0 = 0.0%) {80.8%}
98  -------------------O                                                      (19 = 19.2%) {80.8%}
100 O                                                                         (0 = 0.0%) {100.0%}

Histogram: Scheduling.ThreadController.IdleDuration.Short.BrowserUI recorded 77 samples, mean = 21.1 (flags = 0x41)
0    ... 
2    -----------------------------------------O                                (41 = 53.2%) {0.0%}
3    ------------------------O                                                 (24 = 31.2%) {53.2%}
4    ---O                                                                      (3 = 3.9%) {84.4%}
5    -O                                                                        (1 = 1.3%) {88.3%}
6    ---O                                                                      (3 = 3.9%) {89.6%}
7    -O                                                                        (1 = 1.3%) {93.5%}
8    -O                                                                        (1 = 1.3%) {94.8%}
9    ... 
128  -O                                                                        (1 = 1.3%) {96.1%}
135  ... 
348  -O                                                                        (1 = 1.3%) {97.4%}
366  ... 
904  -O                                                                        (1 = 1.3%) {98.7%}
951  ... 

Histogram: Scheduling.ThreadController.IdleDuration.Short.Other recorded 77 samples, mean = 57.6 (flags = 0x41)
0    ... 
14   -O                                                                        (1 = 1.3%) {0.0%}
15   ---O                                                                      (3 = 3.9%) {1.3%}
16   -----O                                                                    (5 = 6.5%) {5.2%}
17   -------------O                                                            (13 = 16.9%) {11.7%}
18   ------O                                                                   (6 = 7.8%) {28.6%}
19   ----O                                                                     (4 = 5.2%) {36.4%}
20   ---O                                                                      (3 = 3.9%) {41.6%}
21   O                                                                         (0 = 0.0%) {45.5%}
22   --O                                                                       (2 = 2.6%) {45.5%}
23   -O                                                                        (1 = 1.3%) {48.1%}
24   ... 
28   -O                                                                        (1 = 1.3%) {49.4%}
29   -O                                                                        (1 = 1.3%) {50.6%}
31   O                                                                         (0 = 0.0%) {51.9%}
33   -O                                                                        (1 = 1.3%) {51.9%}
35   -O                                                                        (1 = 1.3%) {53.2%}
37   ... 
41   -O                                                                        (1 = 1.3%) {54.5%}
43   --O                                                                       (2 = 2.6%) {55.8%}
45   O                                                                         (0 = 0.0%) {58.4%}
47   -O                                                                        (1 = 1.3%) {58.4%}
49   ----O                                                                     (4 = 5.2%) {59.7%}
52   O                                                                         (0 = 0.0%) {64.9%}
55   --O                                                                       (2 = 2.6%) {64.9%}
58   -O                                                                        (1 = 1.3%) {67.5%}
61   ---O                                                                      (3 = 3.9%) {68.8%}
64   -O                                                                        (1 = 1.3%) {72.7%}
67   --O                                                                       (2 = 2.6%) {74.0%}
70   --O                                                                       (2 = 2.6%) {76.6%}
74   ---O                                                                      (3 = 3.9%) {79.2%}
78   -O                                                                        (1 = 1.3%) {83.1%}
82   -O                                                                        (1 = 1.3%) {84.4%}
86   -O                                                                        (1 = 1.3%) {85.7%}
90   O                                                                         (0 = 0.0%) {87.0%}
95   ----O                                                                     (4 = 5.2%) {87.0%}
100  ... 
116  --O                                                                       (2 = 2.6%) {92.2%}
122  -O                                                                        (1 = 1.3%) {94.8%}
128  ... 
201  -O                                                                        (1 = 1.3%) {96.1%}
211  -O                                                                        (1 = 1.3%) {97.4%}
222  ... 
904  -O                                                                        (1 = 1.3%) {98.7%}
951  ... 

Histogram: Search.ChoiceReprompt recorded 1 samples, mean = 6.0 (flags = 0x41)
0  ... 
6  -O                                                                        (1 = 100.0%) {0.0%}
7  O                                                                         (0 = 0.0%) {100.0%}

Histogram: Search.SearchProviderOverrideStatus recorded 1 samples, mean = 0.0 (flags = 0x41)
0  -O                                                                        (1 = 100.0%)
1  ... 

Histogram: Security.GwpAsan.Activated.Malloc.Browser recorded 1 samples, mean = 0.0 (flags = 0x41)
0  -O                                                                        (1 = 100.0%)
1  ... 

Histogram: Security.GwpAsan.Activated.PartitionAlloc.Browser recorded 1 samples, mean = 0.0 (flags = 0x41)
0  -O                                                                        (1 = 100.0%)
1  ... 

Histogram: Security.HttpsFirstMode.SettingEnabledAtStartup recorded 1 samples, mean = 0.0 (flags = 0x41)
0  -O                                                                        (1 = 100.0%)
1  ... 

Histogram: Security.JSONParser.ChromiumExtensionUsage recorded 1 samples, mean = 1.0 (flags = 0x41)
0  O                                                                         (0 = 0.0%)
1  -O                                                                        (1 = 100.0%) {0.0%}
2  ... 

Histogram: Security.JSONParser.ParsingTime recorded 17 samples, mean = 41.1 (flags = 0x41)
0    -O                                                                        (1 = 5.9%)
1    O                                                                         (0 = 0.0%) {5.9%}
2    --O                                                                       (2 = 11.8%) {5.9%}
3    -O                                                                        (1 = 5.9%) {17.6%}
4    -O                                                                        (1 = 5.9%) {23.5%}
5    --O                                                                       (2 = 11.8%) {29.4%}
7    O                                                                         (0 = 0.0%) {41.2%}
9    -O                                                                        (1 = 5.9%) {41.2%}
12   -O                                                                        (1 = 5.9%) {47.1%}
16   O                                                                         (0 = 0.0%) {52.9%}
21   -O                                                                        (1 = 5.9%) {52.9%}
28   O                                                                         (0 = 0.0%) {58.8%}
37   --O                                                                       (2 = 11.8%) {58.8%}
49   -O                                                                        (1 = 5.9%) {70.6%}
65   --O                                                                       (2 = 11.8%) {76.5%}
86   -O                                                                        (1 = 5.9%) {88.2%}
113  ... 
196  -O                                                                        (1 = 5.9%) {94.1%}
258  ... 

Histogram: Security.NavigationRequestSecurityLevel recorded 1 samples, mean = 1.0 (flags = 0x41)
0  O                                                                         (0 = 0.0%)
1  -O                                                                        (1 = 100.0%) {0.0%}
2  ... 

Histogram: Security.PageEndReason.SECURE recorded 1 samples, mean = 6.0 (flags = 0x41)
0  ... 
6  -O                                                                        (1 = 100.0%) {0.0%}
7  ... 

Histogram: Security.PageEndReason.SafetyTip_None recorded 1 samples, mean = 6.0 (flags = 0x41)
0  ... 
6  -O                                                                        (1 = 100.0%) {0.0%}
7  ... 

Histogram: Security.PrivateNetworkAccess.CheckResult recorded 52 samples, mean = 2.7 (flags = 0x41)
0   --O                                                                       (2 = 3.8%)
1   ------------------------------------------O                               (42 = 80.8%) {3.8%}
2   ... 
12  --------O                                                                 (8 = 15.4%) {84.6%}
13  O                                                                         (0 = 0.0%) {100.0%}

Histogram: Security.SCTAuditing.NumPersistedReportsLoaded recorded 1 samples, mean = 0.0 (flags = 0x41)
0  -O                                                                        (1 = 100.0%)
1  ... 

Histogram: Security.SafetyTips.GetReputationStatusWithEngagedSitesTime recorded 1 samples, mean = 0.0 (flags = 0x41)
0  -O                                                                        (1 = 100.0%)
1  ... 

Histogram: Security.SafetyTips.ReputationCheckComplete.DidFinishNavigation recorded 1 samples, mean = 1.0 (flags = 0x41)
0  O                                                                         (0 = 0.0%)
1  -O                                                                        (1 = 100.0%) {0.0%}
2  ... 

Histogram: Security.SafetyTips.SafetyTipShown recorded 1 samples, mean = 1.0 (flags = 0x41)
0  O                                                                         (0 = 0.0%)
1  -O                                                                        (1 = 100.0%) {0.0%}
2  ... 

Histogram: Security.SafetyTips.StatusWithInitiator.Unknown recorded 1 samples, mean = 1.0 (flags = 0x41)
0  O                                                                         (0 = 0.0%)
1  -O                                                                        (1 = 100.0%) {0.0%}
2  ... 

Histogram: Security.SecurityLevel.OnCommit recorded 1 samples, mean = 3.0 (flags = 0x41)
0  ... 
3  -O                                                                        (1 = 100.0%) {0.0%}
4  ... 

Histogram: Security.SecurityLevel.OnComplete recorded 1 samples, mean = 3.0 (flags = 0x41)
0  ... 
3  -O                                                                        (1 = 100.0%) {0.0%}
4  ... 

Histogram: Security.SiteEngagement.SECURE recorded 1 samples, mean = 12.0 (flags = 0x41)
0   ... 
12  -O                                                                        (1 = 100.0%) {0.0%}
13  ... 

Histogram: Security.SiteEngagement.SafetyTip_None recorded 1 samples, mean = 12.0 (flags = 0x41)
0   ... 
12  -O                                                                        (1 = 100.0%) {0.0%}
13  ... 

Histogram: Security.TimeOnPage2.SECURE recorded 1 samples, mean = 74983096.0 (flags = 0x41)
0        ... 
3600000  -O                                                                        (1 = 100.0%) {0.0%}

Histogram: Security.TimeOnPage2.SafetyTip_None recorded 1 samples, mean = 74983096.0 (flags = 0x41)
0        ... 
3600000  -O                                                                        (1 = 100.0%) {0.0%}

Histogram: SegmentationPlatform.Database.UpdateUrlForUkmSource recorded 5 samples, mean = 0.6 (flags = 0x41)
0  ---O                                                                      (3 = 60.0%)
1  -O                                                                        (1 = 20.0%) {60.0%}
2  -O                                                                        (1 = 20.0%) {80.0%}
3  ... 

Histogram: SegmentationPlatform.Init.ProcessCreationToServiceCreationLatency recorded 1 samples, mean = 2034847.0 (flags = 0x41)
0       ... 
180000  -O                                                                        (1 = 100.0%) {0.0%}

Histogram: SegmentationPlatform.SelectionFailedReason.ChromeLowUserEngagement recorded 2 samples, mean = 13.5 (flags = 0x41)
0   ... 
10  -O                                                                        (1 = 50.0%) {0.0%}
11  ... 
17  -O                                                                        (1 = 50.0%) {50.0%}
18  ... 

Histogram: SegmentationPlatform.SelectionFailedReason.ComposePromotion recorded 2 samples, mean = 13.5 (flags = 0x41)
0   ... 
10  -O                                                                        (1 = 50.0%) {0.0%}
11  ... 
17  -O                                                                        (1 = 50.0%) {50.0%}
18  ... 

Histogram: SegmentationPlatform.SelectionFailedReason.CrossDeviceUser recorded 2 samples, mean = 13.5 (flags = 0x41)
0   ... 
10  -O                                                                        (1 = 50.0%) {0.0%}
11  ... 
17  -O                                                                        (1 = 50.0%) {50.0%}
18  ... 

Histogram: SegmentationPlatform.SelectionFailedReason.DatabaseApiClients recorded 2 samples, mean = 13.5 (flags = 0x41)
0   ... 
10  -O                                                                        (1 = 50.0%) {0.0%}
11  ... 
17  -O                                                                        (1 = 50.0%) {50.0%}
18  ... 

Histogram: SegmentationPlatform.SelectionFailedReason.DeviceSwitcher recorded 2 samples, mean = 13.5 (flags = 0x41)
0   ... 
10  -O                                                                        (1 = 50.0%) {0.0%}
11  ... 
17  -O                                                                        (1 = 50.0%) {50.0%}
18  ... 

Histogram: SegmentationPlatform.SelectionFailedReason.PasswordManagerUser recorded 2 samples, mean = 13.5 (flags = 0x41)
0   ... 
10  -O                                                                        (1 = 50.0%) {0.0%}
11  ... 
17  -O                                                                        (1 = 50.0%) {50.0%}
18  ... 

Histogram: SegmentationPlatform.SelectionFailedReason.ResumeHeavyUser recorded 2 samples, mean = 13.5 (flags = 0x41)
0   ... 
10  -O                                                                        (1 = 50.0%) {0.0%}
11  ... 
17  -O                                                                        (1 = 50.0%) {50.0%}
18  ... 

Histogram: SegmentationPlatform.SelectionFailedReason.SearchUser recorded 2 samples, mean = 13.5 (flags = 0x41)
0   ... 
10  -O                                                                        (1 = 50.0%) {0.0%}
11  ... 
17  -O                                                                        (1 = 50.0%) {50.0%}
18  ... 

Histogram: SegmentationPlatform.SelectionFailedReason.ShoppingUser recorded 2 samples, mean = 13.5 (flags = 0x41)
0   ... 
10  -O                                                                        (1 = 50.0%) {0.0%}
11  ... 
17  -O                                                                        (1 = 50.0%) {50.0%}
18  ... 

Histogram: SegmentationPlatform.SelectionFailedReason.URLVisitResumptionRanker recorded 2 samples, mean = 13.5 (flags = 0x41)
0   ... 
10  -O                                                                        (1 = 50.0%) {0.0%}
11  ... 
17  -O                                                                        (1 = 50.0%) {50.0%}
18  ... 

Histogram: SegmentationPlatform.SelectionFailedReason.WebAppInstallationPromo recorded 2 samples, mean = 13.5 (flags = 0x41)
0   ... 
10  -O                                                                        (1 = 50.0%) {0.0%}
11  ... 
17  -O                                                                        (1 = 50.0%) {50.0%}
18  ... 

Histogram: SegmentationPlatform.SyncSessions.TabsCountAtStartup recorded 1 samples, mean = 0.0 (flags = 0x41)
0  -O                                                                        (1 = 100.0%)
1  ... 

Histogram: SegmentationPlatform.UkmDatabase.InitTime recorded 1 samples, mean = 1.0 (flags = 0x41)
0  O                                                                         (0 = 0.0%)
1  -O                                                                        (1 = 100.0%) {0.0%}
2  ... 

Histogram: ServiceWorker.FindRegistrationForClientUrl.IsCalledForNavigation recorded 5 samples, mean = 0.2 (flags = 0x41)
0  ----O                                                                     (4 = 80.0%)
1  -O                                                                        (1 = 20.0%) {80.0%}
2  O                                                                         (0 = 0.0%) {100.0%}

Histogram: ServiceWorker.FindRegistrationForClientUrl.SkippedMojoCall.OnNavigation recorded 1 samples, mean = 0.0 (flags = 0x41)
0  -O                                                                        (1 = 100.0%)
1  ... 

Histogram: ServiceWorker.OnBrowserStartup.SkipServiceWorkerOnFirstNavigation recorded 1 samples, mean = 0.0 (flags = 0x41)
0  -O                                                                        (1 = 100.0%)
1  ... 

Histogram: ServiceWorker.RegisteredStorageKeyCount recorded 1 samples, mean = 0.0 (flags = 0x41)
0  -O                                                                        (1 = 100.0%)
1  ... 

Histogram: ServiceWorker.Storage.ReadInitialDataFromDB.Time recorded 1 samples, mean = 0.0 (flags = 0x41)
0  -O                                                                        (1 = 100.0%)
1  ... 

Histogram: ServiceWorker.Storage.RegisteredStorageKeyCacheInitialization.Time recorded 1 samples, mean = 2051.0 (flags = 0x41)
0     ... 
1901  -O                                                                        (1 = 100.0%) {0.0%}
2415  ... 

Histogram: SessionRestore.UnrecoverableWriteErrorCount recorded 1 samples, mean = 0.0 (flags = 0x41)
0  -O                                                                        (1 = 100.0%)
1  ... 

Histogram: SessionStorageContext.CommitResult recorded 3 samples, mean = 0.0 (flags = 0x41)
0  ---O                                                                      (3 = 100.0%)
1  ... 

Histogram: SessionStorageContext.DatabaseOpenError recorded 1 samples, mean = 5.0 (flags = 0x41)
0  ... 
5  -O                                                                        (1 = 100.0%) {0.0%}
6  O                                                                         (0 = 0.0%) {100.0%}

Histogram: SessionStorageContext.DatabaseOpenError.Disk recorded 1 samples, mean = 5.0 (flags = 0x41)
0  ... 
5  -O                                                                        (1 = 100.0%) {0.0%}
6  O                                                                         (0 = 0.0%) {100.0%}

Histogram: SessionStorageContext.DestroyDBResult recorded 1 samples, mean = 0.0 (flags = 0x41)
0  -O                                                                        (1 = 100.0%)
1  ... 

Histogram: SessionStorageContext.OpenError recorded 1 samples, mean = 1.0 (flags = 0x41)
0  O                                                                         (0 = 0.0%)
1  -O                                                                        (1 = 100.0%) {0.0%}
2  ... 

Histogram: SessionStorageContext.OpenResultAfterOpenFailed recorded 1 samples, mean = 6.0 (flags = 0x41)
0  ... 
6  -O                                                                        (1 = 100.0%) {0.0%}
7  O                                                                         (0 = 0.0%) {100.0%}

Histogram: Settings.AdvancedSpellcheck.OnStartup2 recorded 1 samples, mean = 0.0 (flags = 0x41)
0  -O                                                                        (1 = 100.0%)
1  ... 

Histogram: Settings.AutocompleteSearches.OnStartup2 recorded 1 samples, mean = 1.0 (flags = 0x41)
0  O                                                                         (0 = 0.0%)
1  -O                                                                        (1 = 100.0%) {0.0%}
2  O                                                                         (0 = 0.0%) {100.0%}

Histogram: Settings.FingerprintingProtection.Enabled recorded 1 samples, mean = 0.0 (flags = 0x41)
0  -O                                                                        (1 = 100.0%)
1  ... 

Histogram: Settings.FirstPartySets.State recorded 1 samples, mean = 0.0 (flags = 0x41)
0  -O                                                                        (1 = 100.0%)
1  ... 

Histogram: Settings.IpProtection.Enabled recorded 1 samples, mean = 0.0 (flags = 0x41)
0  -O                                                                        (1 = 100.0%)
1  ... 

Histogram: Settings.PreloadStatus.OnStartup3 recorded 1 samples, mean = 1.0 (flags = 0x41)
0  O                                                                         (0 = 0.0%)
1  -O                                                                        (1 = 100.0%) {0.0%}
2  ... 

Histogram: Settings.PrivacySandbox.AdMeasurement.Enabled recorded 1 samples, mean = 0.0 (flags = 0x41)
0  -O                                                                        (1 = 100.0%)
1  ... 

Histogram: Settings.PrivacySandbox.Fledge.Enabled recorded 1 samples, mean = 0.0 (flags = 0x41)
0  -O                                                                        (1 = 100.0%)
1  ... 

Histogram: Settings.PrivacySandbox.Topics.Enabled recorded 1 samples, mean = 0.0 (flags = 0x41)
0  -O                                                                        (1 = 100.0%)
1  ... 

Histogram: Settings.ShowHomeButton2 recorded 1 samples, mean = 0.0 (flags = 0x41)
0  -O                                                                        (1 = 100.0%)
1  ... 

Histogram: Settings.StartupPageLoadSettings2 recorded 1 samples, mean = 5.0 (flags = 0x41)
0  ... 
5  -O                                                                        (1 = 100.0%) {0.0%}
6  ... 

Histogram: Settings.TrackedPreferenceChanged recorded 3 samples, mean = 7.7 (flags = 0x41)
0   ... 
3   -O                                                                        (1 = 33.3%) {0.0%}
4   O                                                                         (0 = 0.0%) {33.3%}
5   -O                                                                        (1 = 33.3%) {33.3%}
6   ... 
15  -O                                                                        (1 = 33.3%) {66.7%}
16  ... 

Histogram: Settings.TrackedPreferenceChanged.FromRegistry recorded 2 samples, mean = 10.0 (flags = 0x41)
0   ... 
5   -O                                                                        (1 = 50.0%) {0.0%}
6   ... 
15  -O                                                                        (1 = 50.0%) {50.0%}
16  ... 

Histogram: Settings.TrackedPreferenceCleared recorded 15 samples, mean = 15.9 (flags = 0x41)
0   -O                                                                        (1 = 6.7%)
1   -O                                                                        (1 = 6.7%) {6.7%}
2   -O                                                                        (1 = 6.7%) {13.3%}
3   O                                                                         (0 = 0.0%) {20.0%}
4   -O                                                                        (1 = 6.7%) {20.0%}
5   O                                                                         (0 = 0.0%) {26.7%}
6   -O                                                                        (1 = 6.7%) {26.7%}
7   -O                                                                        (1 = 6.7%) {33.3%}
8   ... 
11  -O                                                                        (1 = 6.7%) {40.0%}
12  ... 
14  -O                                                                        (1 = 6.7%) {46.7%}
15  ... 
18  -O                                                                        (1 = 6.7%) {53.3%}
19  ... 
23  -O                                                                        (1 = 6.7%) {60.0%}
24  -O                                                                        (1 = 6.7%) {66.7%}
25  ... 
29  -O                                                                        (1 = 6.7%) {73.3%}
30  ... 
32  -O                                                                        (1 = 6.7%) {80.0%}
33  -O                                                                        (1 = 6.7%) {86.7%}
34  -O                                                                        (1 = 6.7%) {93.3%}
35  O                                                                         (0 = 0.0%) {100.0%}

Histogram: Settings.TrackedPreferenceReset recorded 3 samples, mean = 7.7 (flags = 0x41)
0   ... 
3   -O                                                                        (1 = 33.3%) {0.0%}
4   O                                                                         (0 = 0.0%) {33.3%}
5   -O                                                                        (1 = 33.3%) {33.3%}
6   ... 
15  -O                                                                        (1 = 33.3%) {66.7%}
16  ... 

Histogram: Settings.TrackedPreferenceUnchanged.FromRegistry recorded 16 samples, mean = 15.1 (flags = 0x41)
0   -O                                                                        (1 = 6.2%)
1   -O                                                                        (1 = 6.2%) {6.2%}
2   -O                                                                        (1 = 6.2%) {12.5%}
3   -O                                                                        (1 = 6.2%) {18.8%}
4   -O                                                                        (1 = 6.2%) {25.0%}
5   O                                                                         (0 = 0.0%) {31.2%}
6   -O                                                                        (1 = 6.2%) {31.2%}
7   -O                                                                        (1 = 6.2%) {37.5%}
8   ... 
11  -O                                                                        (1 = 6.2%) {43.8%}
12  ... 
14  -O                                                                        (1 = 6.2%) {50.0%}
15  ... 
18  -O                                                                        (1 = 6.2%) {56.2%}
19  ... 
23  -O                                                                        (1 = 6.2%) {62.5%}
24  -O                                                                        (1 = 6.2%) {68.8%}
25  ... 
29  -O                                                                        (1 = 6.2%) {75.0%}
30  ... 
32  -O                                                                        (1 = 6.2%) {81.2%}
33  -O                                                                        (1 = 6.2%) {87.5%}
34  -O                                                                        (1 = 6.2%) {93.8%}
35  O                                                                         (0 = 0.0%) {100.0%}

Histogram: Settings.TrackingProtection.Enabled recorded 1 samples, mean = 0.0 (flags = 0x41)
0  -O                                                                        (1 = 100.0%)
1  ... 

Histogram: SharedDictionary.TimeInitializeDB recorded 1 samples, mean = 2.0 (flags = 0x41)
0  ... 
2  -O                                                                        (1 = 100.0%) {0.0%}
3  ... 

Histogram: Signin.APIKeyMatchesFeatureOnStartup recorded 3 samples, mean = 0.0 (flags = 0x41)
0  ---O                                                                      (3 = 100.0%)
1  ... 

Histogram: Signin.AccountTracker.CountOfLoadedAccounts recorded 1 samples, mean = 0.0 (flags = 0x41)
0  -O                                                                        (1 = 100.0%)
1  ... 

Histogram: Signin.ExplicitSigninMigration recorded 1 samples, mean = 0.0 (flags = 0x41)
0  -O                                                                        (1 = 100.0%)
1  ... 

Histogram: Signin.HadPreviousSyncAccount.SignedOutOnProfileLoad recorded 1 samples, mean = 0.0 (flags = 0x41)
0  -O                                                                        (1 = 100.0%)
1  ... 

Histogram: Signin.HadPreviousSyncAccount.SyncOffOnProfileLoad recorded 1 samples, mean = 0.0 (flags = 0x41)
0  -O                                                                        (1 = 100.0%)
1  ... 

Histogram: Signin.ListAccountsFailure recorded 1 samples, mean = 0.0 (flags = 0x41)
0  -O                                                                        (1 = 100.0%)
1  ... 

Histogram: Signin.PAMInitialize.PrimaryAccountPrefs recorded 1 samples, mean = 2.0 (flags = 0x41)
0  ... 
2  -O                                                                        (1 = 100.0%) {0.0%}
3  ... 

Histogram: Signin.SigninAllowed recorded 1 samples, mean = 0.0 (flags = 0x41)
0  -O                                                                        (1 = 100.0%)
1  ... 

Histogram: Signin.TokenTable.GetAllTokensSqlStatementValidity recorded 1 samples, mean = 1.0 (flags = 0x41)
0  O                                                                         (0 = 0.0%)
1  -O                                                                        (1 = 100.0%) {0.0%}
2  O                                                                         (0 = 0.0%) {100.0%}

Histogram: SimpleCache.App.CacheSizeOnInit recorded 1 samples, mean = 0.0 (flags = 0x41)
0  -O                                                                        (1 = 100.0%)
1000... 

Histogram: SimpleCache.App.ConsistencyResult recorded 1 samples, mean = 0.0 (flags = 0x41)
0  -O                                                                        (1 = 100.0%)
1  ... 

Histogram: SimpleCache.App.CreationToIndex recorded 1 samples, mean = 10.0 (flags = 0x41)
0   ... 
10  -O                                                                        (1 = 100.0%) {0.0%}
12  ... 

Histogram: SimpleCache.App.IndexFileStateOnLoad recorded 1 samples, mean = 1.0 (flags = 0x41)
0  O                                                                         (0 = 0.0%)
1  -O                                                                        (1 = 100.0%) {0.0%}
2  ... 

Histogram: SimpleCache.App.IndexInitializeMethod recorded 1 samples, mean = 0.0 (flags = 0x41)
0  -O                                                                        (1 = 100.0%)
1  ... 

Histogram: SimpleCache.App.IndexNumEntriesOnInit recorded 1 samples, mean = 0.0 (flags = 0x41)
0  -O                                                                        (1 = 100.0%)
1  ... 

Histogram: SimpleCache.App.IndexRestoreTime recorded 1 samples, mean = 0.0 (flags = 0x41)
0  -O                                                                        (1 = 100.0%)
10 ... 

Histogram: SimpleCache.App.MaxCacheSizeOnInit recorded 1 samples, mean = 0.0 (flags = 0x41)
0  -O                                                                        (1 = 100.0%)
1000... 

Histogram: SimpleCache.App.StaleIndexExtraEntryCount recorded 1 samples, mean = 0.0 (flags = 0x41)
0  -O                                                                        (1 = 100.0%)
1  ... 

Histogram: SimpleCache.App.StaleIndexMissedEntryCount recorded 1 samples, mean = 0.0 (flags = 0x41)
0  -O                                                                        (1 = 100.0%)
1  ... 

Histogram: SimpleCache.App.StaleIndexQuality recorded 1 samples, mean = 0.0 (flags = 0x41)
0  -O                                                                        (1 = 100.0%)
1  ... 

Histogram: SimpleCache.Code.CacheSizeOnInit recorded 1 samples, mean = 4165.0 (flags = 0x41)
0     ... 
4153  -O                                                                        (1 = 100.0%) {0.0%}
4727  ... 

Histogram: SimpleCache.Code.ConsistencyResult recorded 1 samples, mean = 0.0 (flags = 0x41)
0  -O                                                                        (1 = 100.0%)
1  ... 

Histogram: SimpleCache.Code.CreationToIndex recorded 1 samples, mean = 15.0 (flags = 0x41)
0   ... 
14  -O                                                                        (1 = 100.0%) {0.0%}
17  ... 

Histogram: SimpleCache.Code.DiskCloseLatency recorded 25 samples, mean = 0.0 (flags = 0x41)
0  -------------------------O                                                (25 = 100.0%)
1  ... 

Histogram: SimpleCache.Code.DiskCreateLatency recorded 24 samples, mean = 0.1 (flags = 0x40)
0  ----------------------O                                                   (22 = 91.7%)
1  --O                                                                       (2 = 8.3%) {91.7%}
2  ... 

Histogram: SimpleCache.Code.DiskDoomLatency recorded 1 samples, mean = 0.0 (flags = 0x41)
0  -O                                                                        (1 = 100.0%)
1  ... 

Histogram: SimpleCache.Code.DiskOpenLatency recorded 1 samples, mean = 7.0 (flags = 0x41)
0  ... 
7  -O                                                                        (1 = 100.0%) {0.0%}
8  ... 

Histogram: SimpleCache.Code.EntryCreationTime recorded 25 samples, mean = 0.4 (flags = 0x41)
0  ---------------------O                                                    (21 = 84.0%)
1  ---O                                                                      (3 = 12.0%) {84.0%}
2  ... 
7  -O                                                                        (1 = 4.0%) {96.0%}
8  ... 

Histogram: SimpleCache.Code.HeaderSize recorded 24 samples, mean = 36.0 (flags = 0x41)
0   ... 
34  ------------------------O                                                 (24 = 100.0%) {0.0%}
40  ... 

Histogram: SimpleCache.Code.IndexFileStateOnLoad recorded 1 samples, mean = 1.0 (flags = 0x41)
0  O                                                                         (0 = 0.0%)
1  -O                                                                        (1 = 100.0%) {0.0%}
2  ... 

Histogram: SimpleCache.Code.IndexInitializeMethod recorded 1 samples, mean = 0.0 (flags = 0x41)
0  -O                                                                        (1 = 100.0%)
1  ... 

Histogram: SimpleCache.Code.IndexNumEntriesOnInit recorded 1 samples, mean = 59.0 (flags = 0x41)
0   ... 
49  -O                                                                        (1 = 100.0%) {0.0%}
61  ... 

Histogram: SimpleCache.Code.IndexRestoreTime recorded 1 samples, mean = 1.0 (flags = 0x41)
0  -O                                                                        (1 = 100.0%)
10 ... 

Histogram: SimpleCache.Code.MaxCacheSizeOnInit recorded 1 samples, mean = 327680.0 (flags = 0x41)
0       ... 
297881  -O                                                                        (1 = 100.0%) {0.0%}
339058  ... 

Histogram: SimpleCache.Code.OpenEntryIndexState recorded 51 samples, mean = 1.0 (flags = 0x41)
0  O                                                                         (0 = 0.0%)
1  --------------------------------------------------O                       (50 = 98.0%) {0.0%}
2  -O                                                                        (1 = 2.0%) {98.0%}
3  O                                                                         (0 = 0.0%) {100.0%}

Histogram: SimpleCache.Code.StaleIndexExtraEntryCount recorded 1 samples, mean = 0.0 (flags = 0x41)
0  -O                                                                        (1 = 100.0%)
1  ... 

Histogram: SimpleCache.Code.StaleIndexMissedEntryCount recorded 1 samples, mean = 0.0 (flags = 0x41)
0  -O                                                                        (1 = 100.0%)
1  ... 

Histogram: SimpleCache.Code.StaleIndexQuality recorded 1 samples, mean = 0.0 (flags = 0x41)
0  -O                                                                        (1 = 100.0%)
1  ... 

Histogram: SimpleCache.Code.SyncCheckEOFResult recorded 1 samples, mean = 0.0 (flags = 0x40)
0  -O                                                                        (1 = 100.0%)
1  ... 

Histogram: SimpleCache.Code.SyncCloseResult recorded 25 samples, mean = 0.0 (flags = 0x40)
0  -------------------------O                                                (25 = 100.0%)
1  ... 

Histogram: SimpleCache.Code.SyncOpenPrefetchMode recorded 1 samples, mean = 0.0 (flags = 0x41)
0  -O                                                                        (1 = 100.0%)
1  ... 

Histogram: SimpleCache.Code.SyncOpenResult recorded 1 samples, mean = 0.0 (flags = 0x40)
0  -O                                                                        (1 = 100.0%)
1  ... 

Histogram: SiteEngagementService.EngagementScore recorded 1 samples, mean = 12.0 (flags = 0x41)
0   ... 
12  -O                                                                        (1 = 100.0%) {0.0%}
13  ... 

Histogram: SiteEngagementService.EngagementType recorded 1 samples, mean = 0.0 (flags = 0x41)
0  -O                                                                        (1 = 100.0%)
1  ... 

Histogram: SiteEngagementService.MeanEngagement recorded 1 samples, mean = 12.0 (flags = 0x41)
0   ... 
12  -O                                                                        (1 = 100.0%) {0.0%}
13  ... 

Histogram: SiteEngagementService.MedianEngagement recorded 1 samples, mean = 12.0 (flags = 0x41)
0   ... 
12  -O                                                                        (1 = 100.0%) {0.0%}
13  ... 

Histogram: SiteEngagementService.OriginsEngaged recorded 1 samples, mean = 1.0 (flags = 0x41)
0  O                                                                         (0 = 0.0%)
1  -O                                                                        (1 = 100.0%) {0.0%}
2  ... 

Histogram: SiteIsolatedCodeCache.JS.Behaviour recorded 52 samples, mean = 2.4 (flags = 0x41)
0  -O                                                                        (1 = 1.9%)
1  --------------------------O                                               (26 = 50.0%) {1.9%}
2  -O                                                                        (1 = 1.9%) {51.9%}
3  O                                                                         (0 = 0.0%) {53.8%}
4  ------------------------O                                                 (24 = 46.2%) {53.8%}
5  ... 

Histogram: SiteIsolatedCodeCache.JS.FetchCodeCache recorded 1 samples, mean = 7.0 (flags = 0x41)
0  ... 
7  -O                                                                        (1 = 100.0%) {0.0%}
8  ... 

Histogram: SiteIsolatedCodeCache.JS.Hit recorded 27 samples, mean = 0.0 (flags = 0x41)
0  --------------------------O                                               (26 = 96.3%)
1  -O                                                                        (1 = 3.7%) {96.3%}
2  O                                                                         (0 = 0.0%) {100.0%}

Histogram: SiteIsolatedCodeCache.JS.PotentialMemoryBackedCodeCacheHit recorded 27 samples, mean = 0.0 (flags = 0x41)
0  ---------------------------O                                              (27 = 100.0%)
1  ... 

Histogram: SiteIsolatedCodeCache.JS.PotentialMemoryBackedCodeCacheSize2 recorded 249 samples, mean = 28307.0 (flags = 0x41)
0      ... 
26179  ------------------------------------------------------------------------O (249 = 100.0%) {0.0%}
37599  ... 

Histogram: SiteIsolatedCodeCache.WASM.Behaviour recorded 5 samples, mean = 1.0 (flags = 0x41)
0  O                                                                         (0 = 0.0%)
1  -----O                                                                    (5 = 100.0%) {0.0%}
2  ... 

Histogram: SiteIsolation.BrowsingInstance.MaxCountPerProcess recorded 3 samples, mean = 0.7 (flags = 0x41)
0  -O                                                                        (1 = 33.3%)
1  --O                                                                       (2 = 66.7%) {33.3%}
2  ... 

Histogram: SiteIsolation.NewProcessUsedForNavigationWhenSameSiteProcessExists recorded 1 samples, mean = 0.0 (flags = 0x41)
0  -O                                                                        (1 = 100.0%)
1  ... 

Histogram: SiteIsolation.ProcessPerSiteWithMainFrameThreshold.IsDevToolsUser recorded 1 samples, mean = 0.0 (flags = 0x41)
0  -O                                                                        (1 = 100.0%)
1  ... 

Histogram: Skia.SubmitRenderPasses recorded 15 samples, mean = 0.5 (flags = 0x41)
0  -----------O                                                              (11 = 73.3%)
1  --O                                                                       (2 = 13.3%) {73.3%}
2  -O                                                                        (1 = 6.7%) {86.7%}
3  O                                                                         (0 = 0.0%) {93.3%}
4  -O                                                                        (1 = 6.7%) {93.3%}
5  ... 

Histogram: Sql.Statement.Affiliation.VMSteps recorded 15 samples, mean = 15.5 (flags = 0x41)
0   ... 
3   ----O                                                                     (4 = 26.7%) {0.0%}
4   O                                                                         (0 = 0.0%) {26.7%}
5   -O                                                                        (1 = 6.7%) {26.7%}
6   -O                                                                        (1 = 6.7%) {33.3%}
7   ... 
12  -----O                                                                    (5 = 33.3%) {40.0%}
14  ... 
20  -O                                                                        (1 = 6.7%) {73.3%}
24  O                                                                         (0 = 0.0%) {80.0%}
29  -O                                                                        (1 = 6.7%) {80.0%}
34  O                                                                         (0 = 0.0%) {86.7%}
40  -O                                                                        (1 = 6.7%) {86.7%}
48  -O                                                                        (1 = 6.7%) {93.3%}
57  ... 

Histogram: Sql.Statement.BrowsingTopics.VMSteps recorded 12 samples, mean = 8.0 (flags = 0x41)
0   ... 
3   ----O                                                                     (4 = 33.3%) {0.0%}
4   O                                                                         (0 = 0.0%) {33.3%}
5   -O                                                                        (1 = 8.3%) {33.3%}
6   ... 
8   --O                                                                       (2 = 16.7%) {41.7%}
10  O                                                                         (0 = 0.0%) {58.3%}
12  -----O                                                                    (5 = 41.7%) {58.3%}
14  ... 

Histogram: Sql.Statement.Cookie.VMSteps recorded 33 samples, mean = 20.5 (flags = 0x41)
0   ... 
3   ------O                                                                   (6 = 18.2%) {0.0%}
4   O                                                                         (0 = 0.0%) {18.2%}
5   --O                                                                       (2 = 6.1%) {18.2%}
6   O                                                                         (0 = 0.0%) {24.2%}
7   -O                                                                        (1 = 3.0%) {24.2%}
8   ... 
12  ----------O                                                               (10 = 30.3%) {27.3%}
14  O                                                                         (0 = 0.0%) {57.6%}
17  --O                                                                       (2 = 6.1%) {57.6%}
20  ---O                                                                      (3 = 9.1%) {63.6%}
24  --O                                                                       (2 = 6.1%) {72.7%}
29  -O                                                                        (1 = 3.0%) {78.8%}
34  -O                                                                        (1 = 3.0%) {81.8%}
40  ... 
57  -----O                                                                    (5 = 15.2%) {84.8%}
68  ... 

Histogram: Sql.Statement.DIPS.VMSteps recorded 109 samples, mean = 12.1 (flags = 0x41)
0   ... 
3   --O                                                                       (2 = 1.8%) {0.0%}
4   O                                                                         (0 = 0.0%) {1.8%}
5   -O                                                                        (1 = 0.9%) {1.8%}
6   ... 
8   -----------------------------------------------------------------O        (65 = 59.6%) {2.8%}
10  --O                                                                       (2 = 1.8%) {62.4%}
12  -----------O                                                              (11 = 10.1%) {64.2%}
14  --O                                                                       (2 = 1.8%) {74.3%}
17  --O                                                                       (2 = 1.8%) {76.1%}
20  ----------------------O                                                   (22 = 20.2%) {78.0%}
24  -O                                                                        (1 = 0.9%) {98.2%}
29  -O                                                                        (1 = 0.9%) {99.1%}
34  ... 

Histogram: Sql.Statement.FirstPartySets.VMSteps recorded 31 samples, mean = 9.2 (flags = 0x41)
0   ... 
3   ----------O                                                               (10 = 32.3%) {0.0%}
4   O                                                                         (0 = 0.0%) {32.3%}
5   -O                                                                        (1 = 3.2%) {32.3%}
6   ... 
8   ----O                                                                     (4 = 12.9%) {35.5%}
10  ---O                                                                      (3 = 9.7%) {48.4%}
12  -----------O                                                              (11 = 35.5%) {58.1%}
14  ... 
20  -O                                                                        (1 = 3.2%) {93.5%}
24  -O                                                                        (1 = 3.2%) {96.8%}
29  ... 

Histogram: Sql.Statement.History.VMSteps recorded 1225 samples, mean = 21.3 (flags = 0x41)
0     ... 
3     -O                                                                        (6 = 0.5%) {0.0%}
4     O                                                                         (0 = 0.0%) {0.5%}
5     O                                                                         (1 = 0.1%) {0.5%}
6     O                                                                         (2 = 0.2%) {0.6%}
7     O                                                                         (0 = 0.0%) {0.7%}
8     -O                                                                        (4 = 0.3%) {0.7%}
10    -O                                                                        (4 = 0.3%) {1.1%}
12    ------------------------------------------------------------------------O (467 = 38.1%) {1.4%}
14    O                                                                         (1 = 0.1%) {39.5%}
17    ---------------------------------------O                                  (250 = 20.4%) {39.6%}
20    ----------------------------------------------------------------------O   (457 = 37.3%) {60.0%}
24    -O                                                                        (8 = 0.7%) {97.3%}
29    O                                                                         (3 = 0.2%) {98.0%}
34    O                                                                         (1 = 0.1%) {98.2%}
40    O                                                                         (0 = 0.0%) {98.3%}
48    O                                                                         (2 = 0.2%) {98.3%}
57    O                                                                         (1 = 0.1%) {98.4%}
68    -O                                                                        (4 = 0.3%) {98.5%}
81    O                                                                         (1 = 0.1%) {98.9%}
96    O                                                                         (1 = 0.1%) {98.9%}
114   O                                                                         (0 = 0.0%) {99.0%}
135   O                                                                         (3 = 0.2%) {99.0%}
160   ... 
318   -O                                                                        (7 = 0.6%) {99.3%}
378   ... 
1062  O                                                                         (2 = 0.2%) {99.8%}
1262  ... 

Histogram: Sql.Statement.OptOutBlacklist.VMSteps recorded 4 samples, mean = 10.8 (flags = 0x41)
0   ... 
5   -O                                                                        (1 = 25.0%) {0.0%}
6   O                                                                         (0 = 0.0%) {25.0%}
7   -O                                                                        (1 = 25.0%) {25.0%}
8   O                                                                         (0 = 0.0%) {50.0%}
10  -O                                                                        (1 = 25.0%) {50.0%}
12  ... 
20  -O                                                                        (1 = 25.0%) {75.0%}
24  ... 

Histogram: Sql.Statement.Passwords.VMSteps recorded 53 samples, mean = 23.9 (flags = 0x41)
0   ... 
3   ----O                                                                     (4 = 7.5%) {0.0%}
4   O                                                                         (0 = 0.0%) {7.5%}
5   --O                                                                       (2 = 3.8%) {7.5%}
6   --------O                                                                 (8 = 15.1%) {11.3%}
7   ----O                                                                     (4 = 7.5%) {26.4%}
8   ---O                                                                      (3 = 5.7%) {34.0%}
10  O                                                                         (0 = 0.0%) {39.6%}
12  ------------O                                                             (12 = 22.6%) {39.6%}
14  --O                                                                       (2 = 3.8%) {62.3%}
17  O                                                                         (0 = 0.0%) {66.0%}
20  --O                                                                       (2 = 3.8%) {66.0%}
24  ... 
34  --O                                                                       (2 = 3.8%) {69.8%}
40  ----O                                                                     (4 = 7.5%) {73.6%}
48  O                                                                         (0 = 0.0%) {81.1%}
57  ----O                                                                     (4 = 7.5%) {81.1%}
68  ------O                                                                   (6 = 11.3%) {88.7%}
81  ... 

Histogram: Sql.Statement.Predictor.VMSteps recorded 15 samples, mean = 15.9 (flags = 0x41)
0   ... 
3   --O                                                                       (2 = 13.3%) {0.0%}
4   O                                                                         (0 = 0.0%) {13.3%}
5   -O                                                                        (1 = 6.7%) {13.3%}
6   -O                                                                        (1 = 6.7%) {20.0%}
7   O                                                                         (0 = 0.0%) {26.7%}
8   -O                                                                        (1 = 6.7%) {26.7%}
10  ----O                                                                     (4 = 26.7%) {33.3%}
12  -O                                                                        (1 = 6.7%) {60.0%}
14  -O                                                                        (1 = 6.7%) {66.7%}
17  ... 
24  -O                                                                        (1 = 6.7%) {73.3%}
29  -O                                                                        (1 = 6.7%) {80.0%}
34  O                                                                         (0 = 0.0%) {86.7%}
40  -O                                                                        (1 = 6.7%) {86.7%}
48  -O                                                                        (1 = 6.7%) {93.3%}
57  ... 

Histogram: Sql.Statement.Quota.VMSteps recorded 137 samples, mean = 8.7 (flags = 0x41)
0   ... 
3   ----O                                                                     (4 = 2.9%) {0.0%}
4   O                                                                         (0 = 0.0%) {2.9%}
5   -O                                                                        (1 = 0.7%) {2.9%}
6   --------------------O                                                     (20 = 14.6%) {3.6%}
7   O                                                                         (0 = 0.0%) {18.2%}
8   ------------------------------------------O                               (42 = 30.7%) {18.2%}
10  --------------------------------------------------------------O           (62 = 45.3%) {48.9%}
12  --------O                                                                 (8 = 5.8%) {94.2%}
14  ... 

Histogram: Sql.Statement.ReportingAndNEL.VMSteps recorded 12 samples, mean = 13.8 (flags = 0x41)
0   ... 
3   --O                                                                       (2 = 16.7%) {0.0%}
4   O                                                                         (0 = 0.0%) {16.7%}
5   -O                                                                        (1 = 8.3%) {16.7%}
6   -O                                                                        (1 = 8.3%) {25.0%}
7   ... 
12  -----O                                                                    (5 = 41.7%) {33.3%}
14  ... 
20  -O                                                                        (1 = 8.3%) {75.0%}
24  O                                                                         (0 = 0.0%) {83.3%}
29  -O                                                                        (1 = 8.3%) {83.3%}
34  -O                                                                        (1 = 8.3%) {91.7%}
40  ... 

Histogram: Sql.Statement.SharedDictionary.VMSteps recorded 20 samples, mean = 9.1 (flags = 0x41)
0   ... 
3   --------O                                                                 (8 = 40.0%) {0.0%}
4   O                                                                         (0 = 0.0%) {40.0%}
5   -O                                                                        (1 = 5.0%) {40.0%}
6   ... 
8   -O                                                                        (1 = 5.0%) {45.0%}
10  O                                                                         (0 = 0.0%) {50.0%}
12  -------O                                                                  (7 = 35.0%) {50.0%}
14  O                                                                         (0 = 0.0%) {85.0%}
17  --O                                                                       (2 = 10.0%) {85.0%}
20  -O                                                                        (1 = 5.0%) {95.0%}
24  ... 

Histogram: Sql.Statement.SharedStorage.VMSteps recorded 3 samples, mean = 7.7 (flags = 0x41)
0   ... 
5   -O                                                                        (1 = 33.3%) {0.0%}
6   ... 
8   -O                                                                        (1 = 33.3%) {33.3%}
10  -O                                                                        (1 = 33.3%) {66.7%}
12  ... 

Histogram: Sql.Statement.Thumbnail.VMSteps recorded 27 samples, mean = 12.7 (flags = 0x41)
0   ... 
3   ------O                                                                   (6 = 22.2%) {0.0%}
4   O                                                                         (0 = 0.0%) {22.2%}
5   -O                                                                        (1 = 3.7%) {22.2%}
6   ... 
8   -O                                                                        (1 = 3.7%) {25.9%}
10  O                                                                         (0 = 0.0%) {29.6%}
12  ------------O                                                             (12 = 44.4%) {29.6%}
14  -O                                                                        (1 = 3.7%) {74.1%}
17  O                                                                         (0 = 0.0%) {77.8%}
20  ----O                                                                     (4 = 14.8%) {77.8%}
24  O                                                                         (0 = 0.0%) {92.6%}
29  --O                                                                       (2 = 7.4%) {92.6%}
34  ... 

Histogram: Sql.Statement.TopSites.VMSteps recorded 13 samples, mean = 13.5 (flags = 0x41)
0   ... 
3   --O                                                                       (2 = 15.4%) {0.0%}
4   O                                                                         (0 = 0.0%) {15.4%}
5   -O                                                                        (1 = 7.7%) {15.4%}
6   ... 
12  ---------O                                                                (9 = 69.2%) {23.1%}
14  ... 
48  -O                                                                        (1 = 7.7%) {92.3%}
57  ... 

Histogram: Sql.Statement.TrustTokens.VMSteps recorded 16 samples, mean = 14.1 (flags = 0x41)
0   ... 
3   --O                                                                       (2 = 12.5%) {0.0%}
4   O                                                                         (0 = 0.0%) {12.5%}
5   -O                                                                        (1 = 6.2%) {12.5%}
6   ---O                                                                      (3 = 18.8%) {18.8%}
7   ... 
10  -O                                                                        (1 = 6.2%) {37.5%}
12  -----O                                                                    (5 = 31.2%) {43.8%}
14  ... 
20  -O                                                                        (1 = 6.2%) {75.0%}
24  O                                                                         (0 = 0.0%) {81.2%}
29  -O                                                                        (1 = 6.2%) {81.2%}
34  --O                                                                       (2 = 12.5%) {87.5%}
40  ... 

Histogram: Sql.Statement.UKMMetrics.VMSteps recorded 27 samples, mean = 14.0 (flags = 0x41)
0   ... 
3   -----O                                                                    (5 = 18.5%) {0.0%}
4   O                                                                         (0 = 0.0%) {18.5%}
5   -O                                                                        (1 = 3.7%) {18.5%}
6   ... 
8   ------O                                                                   (6 = 22.2%) {22.2%}
10  O                                                                         (0 = 0.0%) {44.4%}
12  -----O                                                                    (5 = 18.5%) {44.4%}
14  ... 
20  ------O                                                                   (6 = 22.2%) {63.0%}
24  -O                                                                        (1 = 3.7%) {85.2%}
29  --O                                                                       (2 = 7.4%) {88.9%}
34  O                                                                         (0 = 0.0%) {96.3%}
40  -O                                                                        (1 = 3.7%) {96.3%}
48  ... 

Histogram: Sql.Statement.Web.VMSteps recorded 116 samples, mean = 53.1 (flags = 0x41)
0    ... 
3    --------O                                                                 (8 = 6.9%) {0.0%}
4    -O                                                                        (1 = 0.9%) {6.9%}
5    -O                                                                        (1 = 0.9%) {7.8%}
6    ------------O                                                             (12 = 10.3%) {8.6%}
7    ----------O                                                               (10 = 8.6%) {19.0%}
8    ------O                                                                   (6 = 5.2%) {27.6%}
10   ---------O                                                                (9 = 7.8%) {32.8%}
12   --------------O                                                           (14 = 12.1%) {40.5%}
14   -O                                                                        (1 = 0.9%) {52.6%}
17   ---O                                                                      (3 = 2.6%) {53.4%}
20   -O                                                                        (1 = 0.9%) {56.0%}
24   -O                                                                        (1 = 0.9%) {56.9%}
29   --O                                                                       (2 = 1.7%) {57.8%}
34   --O                                                                       (2 = 1.7%) {59.5%}
40   --O                                                                       (2 = 1.7%) {61.2%}
48   ---O                                                                      (3 = 2.6%) {62.9%}
57   ----O                                                                     (4 = 3.4%) {65.5%}
68   ----O                                                                     (4 = 3.4%) {69.0%}
81   --O                                                                       (2 = 1.7%) {72.4%}
96   -------O                                                                  (7 = 6.0%) {74.1%}
114  -----O                                                                    (5 = 4.3%) {80.2%}
135  -------O                                                                  (7 = 6.0%) {84.5%}
160  -----O                                                                    (5 = 4.3%) {90.5%}
190  ------O                                                                   (6 = 5.2%) {94.8%}
226  ... 

Histogram: Sql.vfs.SyncTime recorded 144 samples, mean = 0.1 (flags = 0x41)
0  ------------------------------------------------------------------------O (135 = 93.8%)
1  ---O                                                                      (6 = 4.2%) {93.8%}
2  -O                                                                        (2 = 1.4%) {97.9%}
3  ... 
7  -O                                                                        (1 = 0.7%) {99.3%}
8  ... 

Histogram: Stability.Counts2 recorded 8 samples, mean = 24.2 (flags = 0x43)
0   ... 
2   -O                                                                        (1 = 12.5%) {0.0%}
3   ... 
15  -O                                                                        (1 = 12.5%) {12.5%}
16  ... 
26  ---O                                                                      (3 = 37.5%) {25.0%}
27  ... 
33  ---O                                                                      (3 = 37.5%) {62.5%}
34  O                                                                         (0 = 0.0%) {100.0%}

Histogram: Stability.Experimental.PageLoads recorded 1 samples, mean = 17.0 (flags = 0x41)
0   ... 
17  -O                                                                        (1 = 100.0%) {0.0%}
18  O                                                                         (0 = 0.0%) {100.0%}

Histogram: Startup.AfterStartupTaskCount recorded 1 samples, mean = 2.0 (flags = 0x41)
0  ... 
2  -O                                                                        (1 = 100.0%) {0.0%}
3  ... 

Histogram: Startup.AfterStartupTaskDelayedUntilTime recorded 1 samples, mean = 15389.0 (flags = 0x41)
0      ... 
15215  -O                                                                        (1 = 100.0%) {0.0%}
20614  ... 

Histogram: Startup.BrowserMainRunnerImplInitializeLongTime recorded 1 samples, mean = 63.0 (flags = 0x41)
0   ... 
58  -O                                                                        (1 = 100.0%) {0.0%}
67  ... 

Histogram: Startup.BrowserMessageLoopFirstIdle recorded 1 samples, mean = 74985208.0 (flags = 0x41)
0        ... 
3600000  -O                                                                        (1 = 100.0%) {0.0%}

Histogram: Startup.BrowserMessageLoopStartTime recorded 1 samples, mean = 84.0 (flags = 0x41)
0   ... 
77  -O                                                                        (1 = 100.0%) {0.0%}
89  ... 

Histogram: Startup.CreateFirstProfile recorded 1 samples, mean = 31.0 (flags = 0x41)
0   ... 
26  -O                                                                        (1 = 100.0%) {0.0%}
35  ... 

Histogram: Startup.FirstWebContents.FinishReason recorded 1 samples, mean = 6.0 (flags = 0x41)
0  ... 
6  -O                                                                        (1 = 100.0%) {0.0%}
7  ... 

Histogram: Startup.LoadTime.ApplicationStartToChromeMain recorded 1 samples, mean = 0.0 (flags = 0x41)
0  -O                                                                        (1 = 100.0%)
1  ... 

Histogram: Startup.LoadTime.ProcessCreateToApplicationStart recorded 1 samples, mean = 9034.0 (flags = 0x41)
0     ... 
8289  -O                                                                        (1 = 100.0%) {0.0%}
11230 ... 

Histogram: Startup.LoadTime.RecordedProcessCreation recorded 1 samples, mean = 1.0 (flags = 0x1)
0  O                                                                         (0 = 0.0%)
1  -O                                                                        (1 = 100.0%) {0.0%}
2  O                                                                         (0 = 0.0%) {100.0%}

Histogram: Startup.PreMainMessageLoopRunImplLongTime recorded 1 samples, mean = 39.0 (flags = 0x41)
0   ... 
37  -O                                                                        (1 = 100.0%) {0.0%}
43  ... 

Histogram: Startup.Renderer.LoadTime.ApplicationStartToRendererStartRunLoop recorded 1 samples, mean = 17.0 (flags = 0x41)
0   ... 
16  -O                                                                        (1 = 100.0%) {0.0%}
20  ... 

Histogram: Startup.Renderer.LoadTime.ChromeMainToRendererStartRunLoop recorded 1 samples, mean = 17.0 (flags = 0x41)
0   ... 
16  -O                                                                        (1 = 100.0%) {0.0%}
20  ... 

Histogram: Startup.Renderer.LoadTime.ProcessCreationToRendererStartRunLoop recorded 1 samples, mean = 55.0 (flags = 0x41)
0   ... 
52  -O                                                                        (1 = 100.0%) {0.0%}
66  ... 

Histogram: Startup.Temperature recorded 1 samples, mean = 3.0 (flags = 0x41)
0  ... 
3  -O                                                                        (1 = 100.0%) {0.0%}
4  O                                                                         (0 = 0.0%) {100.0%}

Histogram: Storage.Blob.CreateDirectoryResult recorded 1 samples, mean = 0.0 (flags = 0x41)
0  -O                                                                        (1 = 100.0%)
1  ... 

Histogram: Storage.SessionStorage.RendererAreaCacheHit recorded 2 samples, mean = 1.0 (flags = 0x41)
0  -O                                                                        (1 = 50.0%)
1  O                                                                         (0 = 0.0%) {50.0%}
2  -O                                                                        (1 = 50.0%) {50.0%}
3  O                                                                         (0 = 0.0%) {100.0%}

Histogram: Storage.SharedStorage.Database.Timing.OpenImpl recorded 1 samples, mean = 1.0 (flags = 0x41)
0  O                                                                         (0 = 0.0%)
1  -O                                                                        (1 = 100.0%) {0.0%}
2  ... 

Histogram: Storage.SharedStorage.OnShutdown.NumSqlErrors recorded 1 samples, mean = 0.0 (flags = 0x41)
0  -O                                                                        (1 = 100.0%)
1  ... 

Histogram: Storage.SharedStorage.OnShutdown.RecoveryFromInitFailureAttempted recorded 1 samples, mean = 0.0 (flags = 0x41)
0  -O                                                                        (1 = 100.0%)
1  ... 

Histogram: Storage.SharedStorage.OnShutdown.RecoveryOnDiskAttempted recorded 1 samples, mean = 0.0 (flags = 0x41)
0  -O                                                                        (1 = 100.0%)
1  ... 

Histogram: Storage.SharedStorage.Worklet.NumPerPage recorded 1 samples, mean = 0.0 (flags = 0x41)
0  -O                                                                        (1 = 100.0%)
1  ... 

Histogram: Storage.SharedStorage.Worklet.SelectURL.CallsPerPage recorded 1 samples, mean = 0.0 (flags = 0x41)
0  -O                                                                        (1 = 100.0%)
1  ... 

Histogram: Style.InvalidationTime recorded 2 samples, mean = 53.5 (flags = 0x41)
0   ... 
21  -O                                                                        (1 = 50.0%) {0.0%}
29  ... 
76  -O                                                                        (1 = 50.0%) {50.0%}
105 ... 

Histogram: Style.RebuildLayoutTreeTime recorded 9 samples, mean = 229.7 (flags = 0x41)
0     ... 
8     -O                                                                        (1 = 11.1%) {0.0%}
11    ... 
21    -O                                                                        (1 = 11.1%) {11.1%}
29    ---O                                                                      (3 = 33.3%) {22.2%}
40    ---O                                                                      (3 = 33.3%) {55.6%}
55    ... 
1447  -O                                                                        (1 = 11.1%) {88.9%}
2008  ... 

Histogram: Style.RecalcTime recorded 12 samples, mean = 1469.4 (flags = 0x41)
0     ... 
2     -O                                                                        (1 = 8.3%) {0.0%}
3     ... 
29    -O                                                                        (1 = 8.3%) {8.3%}
40    -O                                                                        (1 = 8.3%) {16.7%}
55    -O                                                                        (1 = 8.3%) {25.0%}
76    O                                                                         (0 = 0.0%) {33.3%}
105   -O                                                                        (1 = 8.3%) {33.3%}
146   -O                                                                        (1 = 8.3%) {41.7%}
203   --O                                                                       (2 = 16.7%) {50.0%}
282   ... 
1043  -O                                                                        (1 = 8.3%) {66.7%}
1447  -O                                                                        (1 = 8.3%) {75.0%}
2008  ... 
5362  -O                                                                        (1 = 8.3%) {83.3%}
7439  -O                                                                        (1 = 8.3%) {91.7%}
10321 ... 

Histogram: SubresourceFilter.MainFrameLoad.RulesetIsAvailableAnyActivationLevel recorded 1 samples, mean = 0.0 (flags = 0x41)
0  -O                                                                        (1 = 100.0%)
1  ... 

Histogram: SubresourceFilter.PageLoad.ActivationDecision recorded 1 samples, mean = 1.0 (flags = 0x41)
0  O                                                                         (0 = 0.0%)
1  -O                                                                        (1 = 100.0%) {0.0%}
2  ... 

Histogram: SubresourceFilter.PageLoad.ActivationList recorded 1 samples, mean = 0.0 (flags = 0x41)
0  -O                                                                        (1 = 100.0%)
1  ... 

Histogram: SubresourceFilter.PageLoad.ActivationState recorded 2 samples, mean = 0.0 (flags = 0x41)
0  --O                                                                       (2 = 100.0%)
1  ... 

Histogram: SubresourceFilter.PageLoad.SafeBrowsingDelay recorded 1 samples, mean = 0.0 (flags = 0x41)
0  -O                                                                        (1 = 100.0%)
1  ... 

Histogram: SubresourceFilter.SafeBrowsing.TotalCheckTime recorded 2 samples, mean = 0.0 (flags = 0x41)
0  --O                                                                       (2 = 100.0%)
1  ... 

Histogram: Sync.ModelTypeErrorSite.DEVICE_INFO recorded 1 samples, mean = 0.0 (flags = 0x41)
0  -O                                                                        (1 = 100.0%)
1  ... 

Histogram: Sync.ModelTypeErrorSite.READING_LIST recorded 2 samples, mean = 0.0 (flags = 0x41)
0  --O                                                                       (2 = 100.0%)
1  ... 

Histogram: Sync.ModelTypeErrorSite.SEND_TAB_TO_SELF recorded 1 samples, mean = 0.0 (flags = 0x41)
0  -O                                                                        (1 = 100.0%)
1  ... 

Histogram: Sync.ModelTypeErrorSite.WEB_APP recorded 1 samples, mean = 0.0 (flags = 0x41)
0  -O                                                                        (1 = 100.0%)
1  ... 

Histogram: Sync.ModelTypeStoreBackendError.Init recorded 1 samples, mean = 5.0 (flags = 0x41)
0  ... 
5  -O                                                                        (1 = 100.0%) {0.0%}
6  O                                                                         (0 = 0.0%) {100.0%}

Histogram: Sync.ModelTypeStoreBackendInitializationSuccess recorded 1 samples, mean = 0.0 (flags = 0x41)
0  -O                                                                        (1 = 100.0%)
1  ... 

Histogram: Sync.PassphraseType2 recorded 1 samples, mean = 0.0 (flags = 0x41)
0  -O                                                                        (1 = 100.0%)
1  ... 

Histogram: Sync.SyncToSigninMigrationDecision recorded 1 samples, mean = 1.0 (flags = 0x41)
0  O                                                                         (0 = 0.0%)
1  -O                                                                        (1 = 100.0%) {0.0%}
2  ... 

Histogram: Sync.TrustedVaultFileReadStatus recorded 1 samples, mean = 0.0 (flags = 0x41)
0  -O                                                                        (1 = 100.0%)
1  ... 

Histogram: Sync.TrustedVaultFileWriteSuccess recorded 1 samples, mean = 1.0 (flags = 0x41)
0  O                                                                         (0 = 0.0%)
1  -O                                                                        (1 = 100.0%) {0.0%}
2  O                                                                         (0 = 0.0%) {100.0%}

Histogram: TabGroups.CollapsedGroupCountPerLoad recorded 1 samples, mean = 0.0 (flags = 0x41)
0  -O                                                                        (1 = 100.0%)
1  ... 

Histogram: TabGroups.UserCustomizedGroupCountPerLoad recorded 1 samples, mean = 0.0 (flags = 0x41)
0  -O                                                                        (1 = 100.0%)
1  ... 

Histogram: TabGroups.UserGroupCountPerLoad recorded 1 samples, mean = 0.0 (flags = 0x41)
0  -O                                                                        (1 = 100.0%)
1  ... 

Histogram: TabGroups.UserPinnedTabCountPerLoad recorded 1 samples, mean = 0.0 (flags = 0x41)
0  -O                                                                        (1 = 100.0%)
1  ... 

Histogram: Tabs.NewNavigationWithSameOriginTab recorded 1 samples, mean = 0.0 (flags = 0x41)
0  -O                                                                        (1 = 100.0%)
1  ... 

Histogram: Tabs.TabCount recorded 248 samples, mean = 0.0 (flags = 0x41)
0  ------------------------------------------------------------------------O (248 = 100.0%)
1  ... 

Histogram: Tabs.TabCount.PluggedIn recorded 248 samples, mean = 0.0 (flags = 0x41)
0  ------------------------------------------------------------------------O (248 = 100.0%)
1  ... 

Histogram: Tabs.TabCountPerLoad recorded 1 samples, mean = 0.0 (flags = 0x41)
0  -O                                                                        (1 = 100.0%)
1  ... 

Histogram: Tabs.WindowCount recorded 248 samples, mean = 0.0 (flags = 0x41)
0  ------------------------------------------------------------------------O (248 = 100.0%)
1  ... 

Histogram: Tabs.WindowCount.PluggedIn recorded 248 samples, mean = 0.0 (flags = 0x41)
0  ------------------------------------------------------------------------O (248 = 100.0%)
1  ... 

Histogram: ThirdPartyModules.InputMethodEditorsCount recorded 1 samples, mean = 0.0 (flags = 0x41)
0  -O                                                                        (1 = 100.0%)
1  ... 

Histogram: ThreadPool.UnnecessaryWakeup.Browser.Foreground recorded 325 samples, mean = 1.0 (flags = 0x41)
0  O                                                                         (0 = 0.0%)
1  ------------------------------------------------------------------------O (325 = 100.0%) {0.0%}
2  O                                                                         (0 = 0.0%) {100.0%}

Histogram: ThreadPool.UnnecessaryWakeup.GPU.Foreground recorded 2 samples, mean = 1.0 (flags = 0x41)
0  O                                                                         (0 = 0.0%)
1  --O                                                                       (2 = 100.0%) {0.0%}
2  O                                                                         (0 = 0.0%) {100.0%}

Histogram: ThreadPool.UnnecessaryWakeup.Renderer.Foreground recorded 102 samples, mean = 1.0 (flags = 0x41)
0  O                                                                         (0 = 0.0%)
1  ------------------------------------------------------------------------O (102 = 100.0%) {0.0%}
2  O                                                                         (0 = 0.0%) {100.0%}

Histogram: Translate.ApplicationStart.AlwaysTranslateLanguage.Count recorded 1 samples, mean = 0.0 (flags = 0x41)
0  -O                                                                        (1 = 100.0%)
1  ... 

Histogram: Translate.ApplicationStart.NeverTranslateLanguage recorded 1 samples (flags = 0x41)
-1690250140-O                                                                        (1 = 100.0%)

Histogram: Translate.ApplicationStart.NeverTranslateLanguage.Count recorded 1 samples, mean = 1.0 (flags = 0x41)
0  O                                                                         (0 = 0.0%)
1  -O                                                                        (1 = 100.0%) {0.0%}
2  ... 

Histogram: Translate.ApplicationStart.NeverTranslateSite.Count recorded 1 samples, mean = 0.0 (flags = 0x41)
0  -O                                                                        (1 = 100.0%)
1  ... 

Histogram: Translate.LanguageDetection.LanguageVerification recorded 1 samples, mean = 2.0 (flags = 0x41)
0  ... 
2  -O                                                                        (1 = 100.0%) {0.0%}
3  ... 

Histogram: Translate.LanguageDeterminedDuration recorded 1 samples, mean = 383.0 (flags = 0x41)
0    ... 
294  -O                                                                        (1 = 100.0%) {0.0%}
398  ... 

Histogram: Translate.PageLoad.FinalSourceLanguage recorded 1 samples (flags = 0x41)
-1690250140-O                                                                        (1 = 100.0%)

Histogram: Translate.PageLoad.FinalState recorded 1 samples, mean = 1.0 (flags = 0x41)
0  O                                                                         (0 = 0.0%)
1  -O                                                                        (1 = 100.0%) {0.0%}
2  ... 

Histogram: Translate.PageLoad.FinalTargetLanguage recorded 1 samples (flags = 0x41)
-1690250140-O                                                                        (1 = 100.0%)

Histogram: Translate.PageLoad.InitialSourceLanguage recorded 1 samples (flags = 0x41)
-1690250140-O                                                                        (1 = 100.0%)

Histogram: Translate.PageLoad.InitialState recorded 1 samples, mean = 1.0 (flags = 0x41)
0  O                                                                         (0 = 0.0%)
1  -O                                                                        (1 = 100.0%) {0.0%}
2  ... 

Histogram: Translate.PageLoad.InitialTargetLanguage recorded 1 samples (flags = 0x41)
-1690250140-O                                                                        (1 = 100.0%)

Histogram: Translate.PageLoad.InitialTargetLanguage.Origin recorded 1 samples, mean = 1.0 (flags = 0x41)
0  O                                                                         (0 = 0.0%)
1  -O                                                                        (1 = 100.0%) {0.0%}
2  ... 

Histogram: Translate.PageLoad.IsInitialSourceLanguageInUsersContentLanguages recorded 1 samples, mean = 1.0 (flags = 0x41)
0  O                                                                         (0 = 0.0%)
1  -O                                                                        (1 = 100.0%) {0.0%}
2  O                                                                         (0 = 0.0%) {100.0%}

Histogram: Translate.PageLoad.NumReversions recorded 1 samples, mean = 0.0 (flags = 0x41)
0  -O                                                                        (1 = 100.0%)
1  ... 

Histogram: Translate.PageLoad.NumTargetLanguageChanges recorded 1 samples, mean = 0.0 (flags = 0x41)
0  -O                                                                        (1 = 100.0%)
1  ... 

Histogram: Translate.PageLoad.NumTranslations recorded 1 samples, mean = 0.0 (flags = 0x41)
0  -O                                                                        (1 = 100.0%)
1  ... 

Histogram: Translate.PageLoad.Ranker.Decision recorded 1 samples, mean = 1.0 (flags = 0x41)
0  O                                                                         (0 = 0.0%)
1  -O                                                                        (1 = 100.0%) {0.0%}
2  ... 

Histogram: Translate.PageLoad.Ranker.Version recorded 1 samples (flags = 0x41)
0  -O                                                                        (1 = 100.0%)

Histogram: Translate.PageLoad.TriggerDecision recorded 1 samples, mean = 4.0 (flags = 0x41)
0  ... 
4  -O                                                                        (1 = 100.0%) {0.0%}
5  ... 

Histogram: Translate.Ranker.Model.Status2 recorded 2 samples, mean = 6.5 (flags = 0x41)
0  ... 
6  -O                                                                        (1 = 50.0%) {0.0%}
7  -O                                                                        (1 = 50.0%) {50.0%}
8  O                                                                         (0 = 0.0%) {100.0%}

Histogram: UI.DeviceScale recorded 1 samples (flags = 0x41)
100  -O                                                                        (1 = 100.0%)

Histogram: UKM.Entries.Dropped recorded 1343 samples, mean = 1.0 (flags = 0x41)
0  O                                                                         (0 = 0.0%)
1  ------------------------------------------------------------------------O (1343 = 100.0%) {0.0%}
2  ... 

Histogram: UKM.Entries.Dropped.ByEntryHash recorded 1343 samples (flags = 0x41)
58315124    O                                                                         (1 = 0.1%)
181657211   O                                                                         (1 = 0.1%)
182085608   O                                                                         (1 = 0.1%)
189164898   O                                                                         (1 = 0.1%)
251237400   O                                                                         (1 = 0.1%)
270025173   O                                                                         (1 = 0.1%)
277070773   O                                                                         (1 = 0.1%)
385121421   O                                                                         (1 = 0.1%)
480593958   O                                                                         (4 = 0.3%)
532600439   O                                                                         (3 = 0.2%)
575234402   O                                                                         (1 = 0.1%)
624513781   O                                                                         (1 = 0.1%)
654949485   -O                                                                        (12 = 0.9%)
661477988   O                                                                         (1 = 0.1%)
705322609   O                                                                         (3 = 0.2%)
805578149   O                                                                         (1 = 0.1%)
810755299   O                                                                         (1 = 0.1%)
828084724   ------------------------------------------------------------------------O (618 = 46.0%)
854760832   O                                                                         (1 = 0.1%)
888761441   O                                                                         (1 = 0.1%)
902138984   -O                                                                        (6 = 0.4%)
923024503   O                                                                         (1 = 0.1%)
938382174   O                                                                         (1 = 0.1%)
986870865   O                                                                         (4 = 0.3%)
1004547038  O                                                                         (1 = 0.1%)
1035062417  O                                                                         (1 = 0.1%)
1078164680  O                                                                         (2 = 0.1%)
1149114043  O                                                                         (1 = 0.1%)
1262170432  -O                                                                        (7 = 0.5%)
1321082436  O                                                                         (2 = 0.1%)
1350795912  O                                                                         (1 = 0.1%)
1354891390  O                                                                         (1 = 0.1%)
1404242571  ------------------------------------------------------------------------O (619 = 46.1%)
1548358279  O                                                                         (1 = 0.1%)
1604233346  -O                                                                        (8 = 0.6%)
1607081943  O                                                                         (1 = 0.1%)
1645426679  -O                                                                        (6 = 0.4%)
1663717192  O                                                                         (1 = 0.1%)
1767609109  -O                                                                        (11 = 0.8%)
1790338714  O                                                                         (1 = 0.1%)
1832900131  O                                                                         (4 = 0.3%)
1866365893  O                                                                         (1 = 0.1%)
1871083634  O                                                                         (1 = 0.1%)
1982793904  O                                                                         (1 = 0.1%)
2037740339  O                                                                         (4 = 0.3%)
2066033668  O                                                                         (1 = 0.1%)

Histogram: UKM.PersistentLogRecall.Status recorded 1 samples, mean = 1.0 (flags = 0x41)
0  O                                                                         (0 = 0.0%)
1  -O                                                                        (1 = 100.0%) {0.0%}
2  ... 

Histogram: UKM.Sources.Dropped recorded 5 samples, mean = 1.0 (flags = 0x41)
0  O                                                                         (0 = 0.0%)
1  -----O                                                                    (5 = 100.0%) {0.0%}
2  ... 

Histogram: UKM.WebDXFeatureSets.Dropped recorded 2 samples, mean = 1.0 (flags = 0x41)
0  O                                                                         (0 = 0.0%)
1  --O                                                                       (2 = 100.0%) {0.0%}
2  ... 

Histogram: UMA.ChildProcess.Ping.Periodic recorded 354 samples, mean = 1.0 (flags = 0x41)
0  ------------------------------------------------------------------------O (118 = 33.3%)
1  ------------------------------------------------------------------------O (118 = 33.3%) {33.3%}
2  ------------------------------------------------------------------------O (118 = 33.3%) {66.7%}
3  O                                                                         (0 = 0.0%) {100.0%}

Histogram: UMA.ChildProcess.Ping.SharedMemorySetUp recorded 22 samples, mean = 1.0 (flags = 0x41)
0  --------O                                                                 (8 = 36.4%)
1  -------O                                                                  (7 = 31.8%) {36.4%}
2  -------O                                                                  (7 = 31.8%) {68.2%}
3  O                                                                         (0 = 0.0%) {100.0%}

Histogram: UMA.CleanExitBeaconConsistency3 recorded 1 samples, mean = 0.0 (flags = 0x41)
0  -O                                                                        (1 = 100.0%)
1  ... 

Histogram: UMA.EntropySourceType recorded 1 samples, mean = 1.0 (flags = 0x41)
0  O                                                                         (0 = 0.0%)
1  -O                                                                        (1 = 100.0%) {0.0%}
2  ... 

Histogram: UMA.LocalHistogram recorded 9 samples, mean = 1.0 (flags = 0x40)
0  O                                                                         (0 = 0.0%)
1  ---------O                                                                (9 = 100.0%) {0.0%}
2  O                                                                         (0 = 0.0%) {100.0%}

Histogram: UMA.MachineIdState recorded 1 samples, mean = 2.0 (flags = 0x41)
0  ... 
2  -O                                                                        (1 = 100.0%) {0.0%}
3  ... 

Histogram: UMA.MetricsService.Initialize.Time recorded 1 samples, mean = 20.0 (flags = 0x41)
0   ... 
16  -O                                                                        (1 = 100.0%) {0.0%}
21  ... 

Histogram: UMA.MetricsService.PendingOngoingLogOnDisable recorded 1 samples, mean = 0.0 (flags = 0x41)
0  -O                                                                        (1 = 100.0%)
1  ... 

Histogram: UMA.PersistentAllocator.BrowserMetrics.Errors recorded 0 samples (flags = 0x41)
0 ... 

Histogram: UMA.PersistentAllocator.BrowserMetrics.UsedPct recorded 0 samples (flags = 0x41)
0 ... 

Histogram: UMA.PersistentAllocator.EarlyHistograms.BrowserMetrics recorded 1 samples, mean = 1.0 (flags = 0x41)
0  O                                                                         (0 = 0.0%)
1  -O                                                                        (1 = 100.0%) {0.0%}
2  ... 

Histogram: UMA.PersistentAllocator.EarlyHistograms.GpuMetrics recorded 1 samples, mean = 26.0 (flags = 0x41)
0   ... 
26  -O                                                                        (1 = 100.0%) {0.0%}
28  ... 

Histogram: UMA.PersistentAllocator.EarlyHistograms.RendererMetrics recorded 3 samples, mean = 28.7 (flags = 0x41)
0   ... 
26  -O                                                                        (1 = 33.3%) {0.0%}
28  O                                                                         (0 = 0.0%) {33.3%}
30  --O                                                                       (2 = 66.7%) {33.3%}
32  ... 

Histogram: UMA.PersistentAllocator.EarlyHistograms.UtilityMetrics recorded 3 samples, mean = 11.0 (flags = 0x41)
0   ... 
7   --O                                                                       (2 = 66.7%) {0.0%}
8   ... 
19  -O                                                                        (1 = 33.3%) {66.7%}
20  ... 

Histogram: UMA.PersistentAllocator.FieldTrialAllocator.Errors recorded 0 samples (flags = 0x41)
0 ... 

Histogram: UMA.PersistentAllocator.FieldTrialAllocator.UsedPct recorded 8 samples, mean = 0.0 (flags = 0x41)
0  --------O                                                                 (8 = 100.0%)
1  ... 

Histogram: UMA.PersistentHistograms.InitResult recorded 1 samples, mean = 2.0 (flags = 0x41)
0  ... 
2  -O                                                                        (1 = 100.0%) {0.0%}
3  ... 

Histogram: UMA.Pseudo.PageLoad.LayoutInstability.CumulativeShiftScore recorded 1 samples, mean = 0.0 (flags = 0x41)
0  -O                                                                        (1 = 100.0%)
1  ... 

Histogram: UMA.Pseudo.PageLoad.LayoutInstability.MaxCumulativeShiftScore.SessionWindow.Gap1000ms.Max5000ms2 recorded 1 samples, mean = 0.0 (flags = 0x41)
0  -O                                                                        (1 = 100.0%)
1  ... 

Histogram: UnifiedConsent.MakeSearchesAndBrowsingBetter.OnProfileLoad recorded 1 samples, mean = 0.0 (flags = 0x41)
0  -O                                                                        (1 = 100.0%)
1  ... 

Histogram: V8.CollectSourcePositions recorded 4 samples, mean = 87.2 (flags = 0x41)
0    ... 
37   -O                                                                        (1 = 25.0%) {0.0%}
49   O                                                                         (0 = 0.0%) {25.0%}
65   --O                                                                       (2 = 50.0%) {25.0%}
86   O                                                                         (0 = 0.0%) {75.0%}
113  -O                                                                        (1 = 25.0%) {75.0%}
149  ... 

Histogram: V8.CompileLazyMicroSeconds recorded 6 samples, mean = 2783.5 (flags = 0x41)
0     ... 
29    -O                                                                        (1 = 16.7%) {0.0%}
40    ... 
76    -O                                                                        (1 = 16.7%) {16.7%}
105   ... 
1043  -O                                                                        (1 = 16.7%) {33.3%}
1447  -O                                                                        (1 = 16.7%) {50.0%}
2008  O                                                                         (0 = 0.0%) {66.7%}
2786  -O                                                                        (1 = 16.7%) {66.7%}
3865  ... 
7439  -O                                                                        (1 = 16.7%) {83.3%}
10321 ... 

Histogram: V8.CompileMicroSeconds recorded 27 samples, mean = 21.6 (flags = 0x41)
0    O                                                                         (0 = 0.0%)
1    -------O                                                                  (7 = 25.9%) {0.0%}
2    -----O                                                                    (5 = 18.5%) {25.9%}
3    ----O                                                                     (4 = 14.8%) {44.4%}
4    O                                                                         (0 = 0.0%) {59.3%}
5    -O                                                                        (1 = 3.7%) {59.3%}
7    O                                                                         (0 = 0.0%) {63.0%}
9    --O                                                                       (2 = 7.4%) {63.0%}
12   --O                                                                       (2 = 7.4%) {70.4%}
16   -O                                                                        (1 = 3.7%) {77.8%}
21   ---O                                                                      (3 = 11.1%) {81.5%}
28   ... 
149  -O                                                                        (1 = 3.7%) {92.6%}
196  O                                                                         (0 = 0.0%) {96.3%}
258  -O                                                                        (1 = 3.7%) {96.3%}
340  ... 

Histogram: V8.CompileScript.CacheBehaviour recorded 54 samples, mean = 8.8 (flags = 0x41)
0   ... 
4   ---------------------O                                                    (21 = 38.9%) {0.0%}
5   ... 
8   --O                                                                       (2 = 3.7%) {38.9%}
9   ... 
12  ---------------------------O                                              (27 = 50.0%) {42.6%}
13  ----O                                                                     (4 = 7.4%) {92.6%}
14  ... 

Histogram: V8.CompileScriptMicroSeconds recorded 54 samples, mean = 37.6 (flags = 0x41)
0    ... 
2    -O                                                                        (1 = 1.9%) {0.0%}
3    --O                                                                       (2 = 3.7%) {1.9%}
4    ---O                                                                      (3 = 5.6%) {5.6%}
5    ---------O                                                                (9 = 16.7%) {11.1%}
7    ------O                                                                   (6 = 11.1%) {27.8%}
9    ------------O                                                             (12 = 22.2%) {38.9%}
12   ----O                                                                     (4 = 7.4%) {61.1%}
16   ----O                                                                     (4 = 7.4%) {68.5%}
21   --O                                                                       (2 = 3.7%) {75.9%}
28   --O                                                                       (2 = 3.7%) {79.6%}
37   --O                                                                       (2 = 3.7%) {83.3%}
49   -O                                                                        (1 = 1.9%) {87.0%}
65   --O                                                                       (2 = 3.7%) {88.9%}
86   O                                                                         (0 = 0.0%) {92.6%}
113  --O                                                                       (2 = 3.7%) {92.6%}
149  ... 
340  -O                                                                        (1 = 1.9%) {96.3%}
448  O                                                                         (0 = 0.0%) {98.1%}
590  -O                                                                        (1 = 1.9%) {98.1%}
777  ... 

Histogram: V8.CompileScriptMicroSeconds.BackgroundThread recorded 27 samples, mean = 10415.1 (flags = 0x41)
0       ... 
113     --O                                                                       (2 = 7.4%) {0.0%}
149     ----O                                                                     (4 = 14.8%) {7.4%}
196     --O                                                                       (2 = 7.4%) {22.2%}
258     O                                                                         (0 = 0.0%) {29.6%}
340     -O                                                                        (1 = 3.7%) {29.6%}
448     --O                                                                       (2 = 7.4%) {33.3%}
590     ---O                                                                      (3 = 11.1%) {40.7%}
777     -O                                                                        (1 = 3.7%) {51.9%}
1023    O                                                                         (0 = 0.0%) {55.6%}
1347    --O                                                                       (2 = 7.4%) {55.6%}
1774    O                                                                         (0 = 0.0%) {63.0%}
2336    ---O                                                                      (3 = 11.1%) {63.0%}
3077    O                                                                         (0 = 0.0%) {74.1%}
4053    -O                                                                        (1 = 3.7%) {74.1%}
5338    --O                                                                       (2 = 7.4%) {77.8%}
7031    -O                                                                        (1 = 3.7%) {85.2%}
9260    -O                                                                        (1 = 3.7%) {88.9%}
12196   ... 
48336   -O                                                                        (1 = 3.7%) {92.6%}
63662   ... 
145450  -O                                                                        (1 = 3.7%) {96.3%}
191569  ... 

Histogram: V8.CompileScriptMicroSeconds.NoCache.InlineScript recorded 21 samples, mean = 28.3 (flags = 0x41)
0    ... 
4    --O                                                                       (2 = 9.5%) {0.0%}
5    -O                                                                        (1 = 4.8%) {9.5%}
7    ----O                                                                     (4 = 19.0%) {14.3%}
9    ---O                                                                      (3 = 14.3%) {33.3%}
12   ---O                                                                      (3 = 14.3%) {47.6%}
16   -O                                                                        (1 = 4.8%) {61.9%}
21   -O                                                                        (1 = 4.8%) {66.7%}
28   --O                                                                       (2 = 9.5%) {71.4%}
37   -O                                                                        (1 = 4.8%) {81.0%}
49   O                                                                         (0 = 0.0%) {85.7%}
65   -O                                                                        (1 = 4.8%) {85.7%}
86   O                                                                         (0 = 0.0%) {90.5%}
113  --O                                                                       (2 = 9.5%) {90.5%}
149  ... 

Histogram: V8.CompileScriptMicroSeconds.NoCache.Other recorded 6 samples, mean = 204.3 (flags = 0x41)
0    ... 
16   -O                                                                        (1 = 16.7%) {0.0%}
21   ... 
37   -O                                                                        (1 = 16.7%) {16.7%}
49   -O                                                                        (1 = 16.7%) {33.3%}
65   -O                                                                        (1 = 16.7%) {50.0%}
86   ... 
340  -O                                                                        (1 = 16.7%) {66.7%}
448  O                                                                         (0 = 0.0%) {83.3%}
590  -O                                                                        (1 = 16.7%) {83.3%}
777  ... 

Histogram: V8.CompileScriptMicroSeconds.StreamingFinalization recorded 27 samples, mean = 9.5 (flags = 0x41)
0   ... 
2   -O                                                                        (1 = 3.7%) {0.0%}
3   --O                                                                       (2 = 7.4%) {3.7%}
4   -O                                                                        (1 = 3.7%) {11.1%}
5   ---O                                                                      (3 = 11.1%) {14.8%}
7   -----O                                                                    (5 = 18.5%) {25.9%}
9   --------O                                                                 (8 = 29.6%) {44.4%}
12  ----O                                                                     (4 = 14.8%) {74.1%}
16  --O                                                                       (2 = 7.4%) {88.9%}
21  -O                                                                        (1 = 3.7%) {96.3%}
28  ... 

Histogram: V8.ErrorsThrownPerContext recorded 1 samples, mean = 0.0 (flags = 0x41)
0  -O                                                                        (1 = 100.0%)
1  ... 

Histogram: V8.GC.Cycle.CollectionRate.Full recorded 1 samples, mean = 82.0 (flags = 0x41)
0   ... 
80  -O                                                                        (1 = 100.0%) {0.0%}
100 O                                                                         (0 = 0.0%) {100.0%}

Histogram: V8.GC.Cycle.CollectionRate.Full.Cpp recorded 1 samples, mean = 54.0 (flags = 0x41)
0   ... 
51  -O                                                                        (1 = 100.0%) {0.0%}
64  ... 

Histogram: V8.GC.Cycle.CollectionRate.Young recorded 11 samples, mean = 41.5 (flags = 0x41)
0   ... 
17  -O                                                                        (1 = 9.1%) {0.0%}
21  -O                                                                        (1 = 9.1%) {9.1%}
26  -O                                                                        (1 = 9.1%) {18.2%}
33  ---O                                                                      (3 = 27.3%) {27.3%}
41  --O                                                                       (2 = 18.2%) {54.5%}
51  --O                                                                       (2 = 18.2%) {72.7%}
64  -O                                                                        (1 = 9.1%) {90.9%}
80  ... 

Histogram: V8.GC.Cycle.CollectionWeight.Full recorded 1 samples, mean = 0.0 (flags = 0x41)
0  -O                                                                        (1 = 100.0%)
1  ... 

Histogram: V8.GC.Cycle.CollectionWeight.Full.Cpp recorded 1 samples, mean = 0.0 (flags = 0x41)
0  -O                                                                        (1 = 100.0%)
1  ... 

Histogram: V8.GC.Cycle.CollectionWeight.MainThread.Full recorded 1 samples, mean = 0.0 (flags = 0x41)
0  -O                                                                        (1 = 100.0%)
1  ... 

Histogram: V8.GC.Cycle.CollectionWeight.MainThread.Full.Cpp recorded 1 samples, mean = 0.0 (flags = 0x41)
0  -O                                                                        (1 = 100.0%)
1  ... 

Histogram: V8.GC.Cycle.Efficiency.Full recorded 1 samples, mean = 49.0 (flags = 0x41)
0   ... 
48  -O                                                                        (1 = 100.0%) {0.0%}
65  ... 

Histogram: V8.GC.Cycle.Efficiency.Full.Cpp recorded 1 samples, mean = 283.0 (flags = 0x41)
0    ... 
222  -O                                                                        (1 = 100.0%) {0.0%}
302  ... 

Histogram: V8.GC.Cycle.Efficiency.MainThread.Full recorded 1 samples, mean = 329.0 (flags = 0x41)
0    ... 
302  -O                                                                        (1 = 100.0%) {0.0%}
411  ... 

Histogram: V8.GC.Cycle.Efficiency.MainThread.Full.Cpp recorded 1 samples, mean = 656.0 (flags = 0x41)
0    ... 
559  -O                                                                        (1 = 100.0%) {0.0%}
760  ... 

Histogram: V8.GC.Cycle.Efficiency.MainThread.Young recorded 11 samples, mean = 2462.7 (flags = 0x41)
0     ... 
559   -O                                                                        (1 = 9.1%) {0.0%}
760   -O                                                                        (1 = 9.1%) {9.1%}
1034  -O                                                                        (1 = 9.1%) {18.2%}
1407  -O                                                                        (1 = 9.1%) {27.3%}
1914  --O                                                                       (2 = 18.2%) {36.4%}
2604  --O                                                                       (2 = 18.2%) {54.5%}
3542  --O                                                                       (2 = 18.2%) {72.7%}
4818  -O                                                                        (1 = 9.1%) {90.9%}
6554  ... 

Histogram: V8.GC.Cycle.Efficiency.Young recorded 11 samples, mean = 1050.9 (flags = 0x41)
0     ... 
302   --O                                                                       (2 = 18.2%) {0.0%}
411   -O                                                                        (1 = 9.1%) {18.2%}
559   --O                                                                       (2 = 18.2%) {27.3%}
760   ---O                                                                      (3 = 27.3%) {45.5%}
1034  O                                                                         (0 = 0.0%) {72.7%}
1407  -O                                                                        (1 = 9.1%) {72.7%}
1914  --O                                                                       (2 = 18.2%) {81.8%}
2604  ... 

Histogram: V8.GC.Cycle.Full recorded 1 samples, mean = 71.0 (flags = 0x41)
0   ... 
68  -O                                                                        (1 = 100.0%) {0.0%}
81  ... 

Histogram: V8.GC.Cycle.Full.Compact recorded 1 samples, mean = 4.0 (flags = 0x41)
0  ... 
4  -O                                                                        (1 = 100.0%) {0.0%}
5  ... 

Histogram: V8.GC.Cycle.Full.Compact.Cpp recorded 1 samples, mean = 2.0 (flags = 0x41)
0  ... 
2  -O                                                                        (1 = 100.0%) {0.0%}
3  ... 

Histogram: V8.GC.Cycle.Full.Cpp recorded 1 samples, mean = 16.0 (flags = 0x41)
0   ... 
14  -O                                                                        (1 = 100.0%) {0.0%}
17  ... 

Histogram: V8.GC.Cycle.Full.Mark recorded 1 samples, mean = 61.0 (flags = 0x41)
0   ... 
57  -O                                                                        (1 = 100.0%) {0.0%}
68  ... 

Histogram: V8.GC.Cycle.Full.Mark.Cpp recorded 1 samples, mean = 12.0 (flags = 0x41)
0   ... 
12  -O                                                                        (1 = 100.0%) {0.0%}
14  ... 

Histogram: V8.GC.Cycle.Full.Sweep recorded 1 samples, mean = 3.0 (flags = 0x41)
0  ... 
3  -O                                                                        (1 = 100.0%) {0.0%}
4  ... 

Histogram: V8.GC.Cycle.Full.Sweep.Cpp recorded 1 samples, mean = 1.0 (flags = 0x41)
0  O                                                                         (0 = 0.0%)
1  -O                                                                        (1 = 100.0%) {0.0%}
2  ... 

Histogram: V8.GC.Cycle.Full.Weak recorded 1 samples, mean = 0.0 (flags = 0x41)
0  -O                                                                        (1 = 100.0%)
1  ... 

Histogram: V8.GC.Cycle.Full.Weak.Cpp recorded 1 samples, mean = 0.0 (flags = 0x41)
0  -O                                                                        (1 = 100.0%)
1  ... 

Histogram: V8.GC.Cycle.MainThread.Full recorded 1 samples, mean = 10.0 (flags = 0x41)
0   ... 
10  -O                                                                        (1 = 100.0%) {0.0%}
12  ... 

Histogram: V8.GC.Cycle.MainThread.Full.Atomic recorded 1 samples, mean = 5.0 (flags = 0x41)
0  ... 
5  -O                                                                        (1 = 100.0%) {0.0%}
6  ... 

Histogram: V8.GC.Cycle.MainThread.Full.Atomic.Compact recorded 1 samples, mean = 1.0 (flags = 0x41)
0  O                                                                         (0 = 0.0%)
1  -O                                                                        (1 = 100.0%) {0.0%}
2  ... 

Histogram: V8.GC.Cycle.MainThread.Full.Atomic.Compact.Cpp recorded 1 samples, mean = 2.0 (flags = 0x41)
0  ... 
2  -O                                                                        (1 = 100.0%) {0.0%}
3  ... 

Histogram: V8.GC.Cycle.MainThread.Full.Atomic.Cpp recorded 1 samples, mean = 2.0 (flags = 0x41)
0  ... 
2  -O                                                                        (1 = 100.0%) {0.0%}
3  ... 

Histogram: V8.GC.Cycle.MainThread.Full.Atomic.Mark recorded 1 samples, mean = 0.0 (flags = 0x41)
0  -O                                                                        (1 = 100.0%)
1  ... 

Histogram: V8.GC.Cycle.MainThread.Full.Atomic.Mark.Cpp recorded 1 samples, mean = 0.0 (flags = 0x41)
0  -O                                                                        (1 = 100.0%)
1  ... 

Histogram: V8.GC.Cycle.MainThread.Full.Atomic.Sweep recorded 1 samples, mean = 0.0 (flags = 0x41)
0  -O                                                                        (1 = 100.0%)
1  ... 

Histogram: V8.GC.Cycle.MainThread.Full.Atomic.Sweep.Cpp recorded 1 samples, mean = 0.0 (flags = 0x41)
0  -O                                                                        (1 = 100.0%)
1  ... 

Histogram: V8.GC.Cycle.MainThread.Full.Atomic.Weak recorded 1 samples, mean = 0.0 (flags = 0x41)
0  -O                                                                        (1 = 100.0%)
1  ... 

Histogram: V8.GC.Cycle.MainThread.Full.Atomic.Weak.Cpp recorded 1 samples, mean = 0.0 (flags = 0x41)
0  -O                                                                        (1 = 100.0%)
1  ... 

Histogram: V8.GC.Cycle.MainThread.Full.Compact recorded 1 samples, mean = 1.0 (flags = 0x41)
0  O                                                                         (0 = 0.0%)
1  -O                                                                        (1 = 100.0%) {0.0%}
2  ... 

Histogram: V8.GC.Cycle.MainThread.Full.Compact.Cpp recorded 1 samples, mean = 2.0 (flags = 0x41)
0  ... 
2  -O                                                                        (1 = 100.0%) {0.0%}
3  ... 

Histogram: V8.GC.Cycle.MainThread.Full.Cpp recorded 1 samples, mean = 6.0 (flags = 0x41)
0  ... 
6  -O                                                                        (1 = 100.0%) {0.0%}
7  ... 

Histogram: V8.GC.Cycle.MainThread.Full.Incremental.Mark recorded 1 samples, mean = 5.0 (flags = 0x41)
0  ... 
5  -O                                                                        (1 = 100.0%) {0.0%}
6  ... 

Histogram: V8.GC.Cycle.MainThread.Full.Incremental.Mark.Cpp recorded 1 samples, mean = 3.0 (flags = 0x41)
0  ... 
3  -O                                                                        (1 = 100.0%) {0.0%}
4  ... 

Histogram: V8.GC.Cycle.MainThread.Full.Incremental.Mark.StartStop recorded 1 samples, mean = 9.0 (flags = 0x41)
0  ... 
8  -O                                                                        (1 = 100.0%) {0.0%}
10 ... 

Histogram: V8.GC.Cycle.MainThread.Full.Incremental.Sweep recorded 1 samples, mean = 0.0 (flags = 0x41)
0  -O                                                                        (1 = 100.0%)
1  ... 

Histogram: V8.GC.Cycle.MainThread.Full.Incremental.Sweep.Cpp recorded 1 samples, mean = 1.0 (flags = 0x41)
0  O                                                                         (0 = 0.0%)
1  -O                                                                        (1 = 100.0%) {0.0%}
2  ... 

Histogram: V8.GC.Cycle.MainThread.Full.Mark recorded 1 samples, mean = 5.0 (flags = 0x41)
0  ... 
5  -O                                                                        (1 = 100.0%) {0.0%}
6  ... 

Histogram: V8.GC.Cycle.MainThread.Full.Mark.Cpp recorded 1 samples, mean = 3.0 (flags = 0x41)
0  ... 
3  -O                                                                        (1 = 100.0%) {0.0%}
4  ... 

Histogram: V8.GC.Cycle.MainThread.Full.Sweep recorded 1 samples, mean = 0.0 (flags = 0x41)
0  -O                                                                        (1 = 100.0%)
1  ... 

Histogram: V8.GC.Cycle.MainThread.Full.Sweep.Cpp recorded 1 samples, mean = 1.0 (flags = 0x41)
0  O                                                                         (0 = 0.0%)
1  -O                                                                        (1 = 100.0%) {0.0%}
2  ... 

Histogram: V8.GC.Cycle.MainThread.Full.Weak recorded 1 samples, mean = 0.0 (flags = 0x41)
0  -O                                                                        (1 = 100.0%)
1  ... 

Histogram: V8.GC.Cycle.MainThread.Full.Weak.Cpp recorded 1 samples, mean = 0.0 (flags = 0x41)
0  -O                                                                        (1 = 100.0%)
1  ... 

Histogram: V8.GC.Cycle.MainThread.Young recorded 11 samples, mean = 0.1 (flags = 0x41)
0  ----------O                                                               (10 = 90.9%)
1  -O                                                                        (1 = 9.1%) {90.9%}
2  ... 

Histogram: V8.GC.Cycle.Memory.Freed.Full recorded 1 samples, mean = 16264.0 (flags = 0x41)
0      ... 
12127  -O                                                                        (1 = 100.0%) {0.0%}
16496  ... 

Histogram: V8.GC.Cycle.Memory.Freed.Full.Cpp recorded 1 samples, mean = 4224.0 (flags = 0x41)
0     ... 
3542  -O                                                                        (1 = 100.0%) {0.0%}
4818  ... 

Histogram: V8.GC.Cycle.Objects.After.Full recorded 1 samples, mean = 16744.0 (flags = 0x41)
0      ... 
16496  -O                                                                        (1 = 100.0%) {0.0%}
22439  ... 

Histogram: V8.GC.Cycle.Objects.After.Full.Cpp recorded 1 samples, mean = 5511.0 (flags = 0x41)
0     ... 
4818  -O                                                                        (1 = 100.0%) {0.0%}
6554  ... 

Histogram: V8.GC.Cycle.Objects.Before.Full recorded 1 samples, mean = 20315.0 (flags = 0x41)
0      ... 
16496  -O                                                                        (1 = 100.0%) {0.0%}
22439  ... 

Histogram: V8.GC.Cycle.Objects.Before.Full.Cpp recorded 1 samples, mean = 10090.0 (flags = 0x41)
0     ... 
8915  -O                                                                        (1 = 100.0%) {0.0%}
12127 ... 

Histogram: V8.GC.Cycle.Objects.Freed.Full recorded 1 samples, mean = 3570.0 (flags = 0x41)
0     ... 
3542  -O                                                                        (1 = 100.0%) {0.0%}
4818  ... 

Histogram: V8.GC.Cycle.Objects.Freed.Full.Cpp recorded 1 samples, mean = 4578.0 (flags = 0x41)
0     ... 
3542  -O                                                                        (1 = 100.0%) {0.0%}
4818  ... 

Histogram: V8.GC.Cycle.Reason.Full recorded 1 samples, mean = 9.0 (flags = 0x41)
0  ... 
9  -O                                                                        (1 = 100.0%) {0.0%}
10 ... 

Histogram: V8.GC.Cycle.Reason.Young recorded 11 samples, mean = 5.0 (flags = 0x41)
0   O                                                                         (0 = 0.0%)
1   -------O                                                                  (7 = 63.6%) {0.0%}
2   ... 
12  ----O                                                                     (4 = 36.4%) {63.6%}
13  ... 

Histogram: V8.GC.Cycle.Young recorded 11 samples, mean = 0.9 (flags = 0x41)
0  -----O                                                                    (5 = 45.5%)
1  ---O                                                                      (3 = 27.3%) {45.5%}
2  --O                                                                       (2 = 18.2%) {72.7%}
3  -O                                                                        (1 = 9.1%) {90.9%}
4  ... 

Histogram: V8.GC.Event.MainThread.Full.Finalize.Incremental.ReduceMemory recorded 2 samples, mean = 3.5 (flags = 0x41)
0  ... 
2  -O                                                                        (1 = 50.0%) {0.0%}
3  ... 
5  -O                                                                        (1 = 50.0%) {50.0%}
6  ... 

Histogram: V8.GC.Event.MainThread.Full.Finalize.Incremental.ReduceMemory.Foreground recorded 2 samples, mean = 3.5 (flags = 0x41)
0  ... 
2  -O                                                                        (1 = 50.0%) {0.0%}
3  ... 
5  -O                                                                        (1 = 50.0%) {50.0%}
6  ... 

Histogram: V8.GC.Event.MainThread.Full.Incremental.Mark recorded 100 samples, mean = 0.0 (flags = 0x41)
0  ------------------------------------------------------------------------O (100 = 100.0%)
1  ... 

Histogram: V8.GC.Event.MainThread.Full.Incremental.Mark.Cpp recorded 118 samples, mean = 0.0 (flags = 0x41)
0  ------------------------------------------------------------------------O (117 = 99.2%)
1  -O                                                                        (1 = 0.8%) {99.2%}
2  ... 

Histogram: V8.GC.Event.MainThread.Full.Incremental.Sweep.Cpp recorded 193 samples, mean = 0.0 (flags = 0x41)
0  ------------------------------------------------------------------------O (192 = 99.5%)
1  O                                                                         (1 = 0.5%) {99.5%}
2  ... 

Histogram: V8.GC.TimeToSafepoint recorded 15 samples, mean = 0.8 (flags = 0x41)
0  -----------O                                                              (11 = 73.3%)
1  --O                                                                       (2 = 13.3%) {73.3%}
2  ... 
4  -O                                                                        (1 = 6.7%) {86.7%}
6  -O                                                                        (1 = 6.7%) {93.3%}
8  ... 

Histogram: V8.GCIncrementalMarking recorded 115 samples, mean = 0.0 (flags = 0x41)
0  ------------------------------------------------------------------------O (112 = 97.4%)
1  --O                                                                       (3 = 2.6%) {97.4%}
2  ... 

Histogram: V8.GCIncrementalMarkingReason recorded 2 samples, mean = 17.0 (flags = 0x41)
0   ... 
17  --O                                                                       (2 = 100.0%) {0.0%}
18  ... 

Histogram: V8.GCIncrementalMarkingStart recorded 2 samples, mean = 0.5 (flags = 0x41)
0  -O                                                                        (1 = 50.0%)
1  -O                                                                        (1 = 50.0%) {50.0%}
2  ... 

Histogram: V8.GCMarkCompactReason recorded 1 samples, mean = 9.0 (flags = 0x41)
0  ... 
9  -O                                                                        (1 = 100.0%) {0.0%}
10 ... 

Histogram: V8.GCScavenger.ScavengeMain recorded 11 samples, mean = 0.0 (flags = 0x41)
0  -----------O                                                              (11 = 100.0%)
1  ... 

Histogram: V8.GCScavenger.ScavengeRoots recorded 11 samples, mean = 0.0 (flags = 0x41)
0  -----------O                                                              (11 = 100.0%)
1  ... 

Histogram: V8.JSDispatchTableEntriesCount recorded 2 samples, mean = 0.0 (flags = 0x41)
0  --O                                                                       (2 = 100.0%)
1  ... 

Histogram: V8.LocalWindowProxy.CreateContextTime recorded 4 samples, mean = 0.8 (flags = 0x41)
0  --O                                                                       (2 = 50.0%)
1  -O                                                                        (1 = 25.0%) {50.0%}
2  -O                                                                        (1 = 25.0%) {75.0%}
3  ... 

Histogram: V8.LocalWindowProxy.InitializeTime recorded 4 samples, mean = 1.8 (flags = 0x41)
0  -O                                                                        (1 = 25.0%)
1  -O                                                                        (1 = 25.0%) {25.0%}
2  -O                                                                        (1 = 25.0%) {50.0%}
3  O                                                                         (0 = 0.0%) {75.0%}
4  -O                                                                        (1 = 25.0%) {75.0%}
5  ... 

Histogram: V8.MaglevOptimizeExecute recorded 190 samples, mean = 167.2 (flags = 0x41)
0     ... 
10    -O                                                                        (1 = 0.5%) {0.0%}
13    --O                                                                       (2 = 1.1%) {0.5%}
16    --O                                                                       (2 = 1.1%) {1.6%}
20    -------O                                                                  (7 = 3.7%) {2.6%}
25    -----------O                                                              (11 = 5.8%) {6.3%}
31    ------------O                                                             (12 = 6.3%) {12.1%}
39    ----------O                                                               (10 = 5.3%) {18.4%}
49    ---------O                                                                (9 = 4.7%) {23.7%}
61    --------------O                                                           (14 = 7.4%) {28.4%}
76    ---------------------------O                                              (27 = 14.2%) {35.8%}
95    ---------------O                                                          (15 = 7.9%) {50.0%}
119   ------------------------O                                                 (24 = 12.6%) {57.9%}
149   -----------O                                                              (11 = 5.8%) {70.5%}
186   -----------O                                                              (11 = 5.8%) {76.3%}
233   -------------O                                                            (13 = 6.8%) {82.1%}
292   -----O                                                                    (5 = 2.6%) {88.9%}
365   --------O                                                                 (8 = 4.2%) {91.6%}
457   O                                                                         (0 = 0.0%) {95.8%}
572   --O                                                                       (2 = 1.1%) {95.8%}
716   -O                                                                        (1 = 0.5%) {96.8%}
896   --O                                                                       (2 = 1.1%) {97.4%}
1122  O                                                                         (0 = 0.0%) {98.4%}
1404  --O                                                                       (2 = 1.1%) {98.4%}
1757  O                                                                         (0 = 0.0%) {99.5%}
2199  -O                                                                        (1 = 0.5%) {99.5%}
2753  ... 

Histogram: V8.MaglevOptimizeFinalize recorded 190 samples, mean = 3.9 (flags = 0x41)
0   -------------------O                                                      (19 = 10.0%)
1   -------------------------------O                                          (31 = 16.3%) {10.0%}
2   --------------------------O                                               (26 = 13.7%) {26.3%}
3   ---------------------------O                                              (27 = 14.2%) {40.0%}
4   -------------------------O                                                (25 = 13.2%) {54.2%}
5   -------------------O                                                      (19 = 10.0%) {67.4%}
6   --------------------O                                                     (20 = 10.5%) {77.4%}
8   ---------O                                                                (9 = 4.7%) {87.9%}
10  -------O                                                                  (7 = 3.7%) {92.6%}
13  ----O                                                                     (4 = 2.1%) {96.3%}
16  ---O                                                                      (3 = 1.6%) {98.4%}
20  ... 

Histogram: V8.MaglevOptimizePrepare recorded 190 samples, mean = 0.1 (flags = 0x41)
0  ------------------------------------------------------------------------O (177 = 93.2%)
1  -----O                                                                    (13 = 6.8%) {93.2%}
2  ... 

Histogram: V8.MaglevOptimizeTotalTime recorded 190 samples, mean = 358.4 (flags = 0x41)
0      ... 
21     --O                                                                       (2 = 1.1%) {0.0%}
28     -O                                                                        (1 = 0.5%) {1.1%}
37     --------O                                                                 (8 = 4.2%) {1.6%}
49     -------------O                                                            (13 = 6.8%) {5.8%}
65     --------------O                                                           (14 = 7.4%) {12.6%}
86     ----------------------------O                                             (28 = 14.7%) {20.0%}
113    -------------------------O                                                (25 = 13.2%) {34.7%}
149    ---------------------------O                                              (27 = 14.2%) {47.9%}
196    --------------------O                                                     (20 = 10.5%) {62.1%}
258    ---------------O                                                          (15 = 7.9%) {72.6%}
340    -------------O                                                            (13 = 6.8%) {80.5%}
448    ------O                                                                   (6 = 3.2%) {87.4%}
590    ---O                                                                      (3 = 1.6%) {90.5%}
777    ----O                                                                     (4 = 2.1%) {92.1%}
1023   ---O                                                                      (3 = 1.6%) {94.2%}
1347   -----O                                                                    (5 = 2.6%) {95.8%}
1774   O                                                                         (0 = 0.0%) {98.4%}
2336   -O                                                                        (1 = 0.5%) {98.4%}
3077   -O                                                                        (1 = 0.5%) {98.9%}
4053   ... 
12196  -O                                                                        (1 = 0.5%) {99.5%}
16063  ... 

Histogram: V8.MemoryExternalFragmentationCodeSpace recorded 13 samples, mean = 50.6 (flags = 0x41)
0   ... 
8   -O                                                                        (1 = 7.7%) {0.0%}
9   ... 
12  -O                                                                        (1 = 7.7%) {7.7%}
13  ... 
22  -O                                                                        (1 = 7.7%) {15.4%}
23  O                                                                         (0 = 0.0%) {23.1%}
24  -O                                                                        (1 = 7.7%) {23.1%}
25  ... 
38  -O                                                                        (1 = 7.7%) {30.8%}
39  ... 
49  -O                                                                        (1 = 7.7%) {38.5%}
50  ... 
56  -O                                                                        (1 = 7.7%) {46.2%}
57  ... 
59  -O                                                                        (1 = 7.7%) {53.8%}
60  ... 
67  -O                                                                        (1 = 7.7%) {61.5%}
68  ... 
70  -O                                                                        (1 = 7.7%) {69.2%}
71  ... 
76  -O                                                                        (1 = 7.7%) {76.9%}
77  ... 
83  -O                                                                        (1 = 7.7%) {84.6%}
84  ... 
94  -O                                                                        (1 = 7.7%) {92.3%}
95  ... 

Histogram: V8.MemoryExternalFragmentationLoSpace recorded 13 samples, mean = 0.9 (flags = 0x41)
0  -O                                                                        (1 = 7.7%)
1  ------------O                                                             (12 = 92.3%) {7.7%}
2  ... 

Histogram: V8.MemoryExternalFragmentationOldSpace recorded 13 samples, mean = 9.6 (flags = 0x41)
0   ... 
5   -O                                                                        (1 = 7.7%) {0.0%}
6   ---O                                                                      (3 = 23.1%) {7.7%}
7   --O                                                                       (2 = 15.4%) {30.8%}
8   -O                                                                        (1 = 7.7%) {46.2%}
9   O                                                                         (0 = 0.0%) {53.8%}
10  -O                                                                        (1 = 7.7%) {53.8%}
11  ---O                                                                      (3 = 23.1%) {61.5%}
12  ... 
17  -O                                                                        (1 = 7.7%) {84.6%}
18  ... 
20  -O                                                                        (1 = 7.7%) {92.3%}
21  ... 

Histogram: V8.MemoryExternalFragmentationTotal recorded 13 samples, mean = 38.9 (flags = 0x41)
0   ... 
12  -O                                                                        (1 = 7.7%) {0.0%}
13  ... 
15  -O                                                                        (1 = 7.7%) {7.7%}
16  ... 
29  -O                                                                        (1 = 7.7%) {15.4%}
30  ... 
33  -O                                                                        (1 = 7.7%) {23.1%}
34  ... 
38  -O                                                                        (1 = 7.7%) {30.8%}
39  ... 
43  --O                                                                       (2 = 15.4%) {38.5%}
44  O                                                                         (0 = 0.0%) {53.8%}
45  -O                                                                        (1 = 7.7%) {53.8%}
46  ... 
48  --O                                                                       (2 = 15.4%) {61.5%}
49  -O                                                                        (1 = 7.7%) {76.9%}
50  O                                                                         (0 = 0.0%) {84.6%}
51  -O                                                                        (1 = 7.7%) {84.6%}
52  -O                                                                        (1 = 7.7%) {92.3%}
53  ... 

Histogram: V8.MemoryHeapSampleCodeSpaceCommitted recorded 13 samples, mean = 846.8 (flags = 0x41)
0     --------O                                                                 (8 = 61.5%)
1000  --O                                                                       (2 = 15.4%) {61.5%}
1138  ... 
1474  --O                                                                       (2 = 15.4%) {76.9%}
1678  -O                                                                        (1 = 7.7%) {92.3%}
1910  ... 

Histogram: V8.MemoryHeapSampleMaximumCommitted recorded 13 samples, mean = 18804.6 (flags = 0x41)
0      ... 
3206   -O                                                                        (1 = 7.7%) {0.0%}
3649   ... 
6124   -O                                                                        (1 = 7.7%) {7.7%}
6971   ... 
9032   -O                                                                        (1 = 7.7%) {15.4%}
10281  ---O                                                                      (3 = 23.1%) {23.1%}
11702  O                                                                         (0 = 0.0%) {46.2%}
13320  -O                                                                        (1 = 7.7%) {46.2%}
15161  ... 
19642  -O                                                                        (1 = 7.7%) {53.8%}
22357  -O                                                                        (1 = 7.7%) {61.5%}
25447  -O                                                                        (1 = 7.7%) {69.2%}
28965  O                                                                         (0 = 0.0%) {76.9%}
32969  ---O                                                                      (3 = 23.1%) {76.9%}
37526  ... 

Histogram: V8.MemoryHeapSampleTotalCommitted recorded 13 samples, mean = 16243.4 (flags = 0x41)
0      ... 
3206   -O                                                                        (1 = 7.7%) {0.0%}
3649   ... 
6124   -O                                                                        (1 = 7.7%) {7.7%}
6971   ... 
9032   -O                                                                        (1 = 7.7%) {15.4%}
10281  ---O                                                                      (3 = 23.1%) {23.1%}
11702  O                                                                         (0 = 0.0%) {46.2%}
13320  -O                                                                        (1 = 7.7%) {46.2%}
15161  O                                                                         (0 = 0.0%) {53.8%}
17257  -O                                                                        (1 = 7.7%) {53.8%}
19642  --O                                                                       (2 = 15.4%) {61.5%}
22357  -O                                                                        (1 = 7.7%) {76.9%}
25447  -O                                                                        (1 = 7.7%) {84.6%}
28965  O                                                                         (0 = 0.0%) {92.3%}
32969  -O                                                                        (1 = 7.7%) {92.3%}
37526  ... 

Histogram: V8.MemoryHeapSampleTotalUsed recorded 13 samples, mean = 10174.0 (flags = 0x41)
0      ... 
1678   -O                                                                        (1 = 7.7%) {0.0%}
1910   ... 
3649   -O                                                                        (1 = 7.7%) {7.7%}
4153   -O                                                                        (1 = 7.7%) {15.4%}
4727   -O                                                                        (1 = 7.7%) {23.1%}
5380   -O                                                                        (1 = 7.7%) {30.8%}
6124   -O                                                                        (1 = 7.7%) {38.5%}
6971   ... 
10281  --O                                                                       (2 = 15.4%) {46.2%}
11702  O                                                                         (0 = 0.0%) {61.5%}
13320  -O                                                                        (1 = 7.7%) {61.5%}
15161  ---O                                                                      (3 = 23.1%) {69.2%}
17257  -O                                                                        (1 = 7.7%) {92.3%}
19642  ... 

Histogram: V8.RegExpBacktracks recorded 262 samples, mean = 1.7 (flags = 0x41)
0    ------O                                                                   (18 = 6.9%)
1    ------------------------------------------------------------------------O (230 = 87.8%) {6.9%}
2    --O                                                                       (5 = 1.9%) {94.7%}
3    -O                                                                        (3 = 1.1%) {96.6%}
4    -O                                                                        (4 = 1.5%) {97.7%}
6    O                                                                         (0 = 0.0%) {99.2%}
9    O                                                                         (1 = 0.4%) {99.2%}
13   ... 
127  O                                                                         (1 = 0.4%) {99.6%}
185  ... 

Histogram: V8.SandboxedCodePointersCount recorded 2 samples, mean = 1220.5 (flags = 0x41)
0     ... 
1136  --O                                                                       (2 = 100.0%) {0.0%}
1321  ... 

Histogram: V8.SandboxedCppHeapPointersCount recorded 2 samples, mean = 4461.5 (flags = 0x41)
0     ... 
638   -O                                                                        (1 = 50.0%) {0.0%}
758   ... 
7152  -O                                                                        (1 = 50.0%) {50.0%}
8499  ... 

Histogram: V8.SandboxedExternalPointersCount recorded 15 samples, mean = 2011.7 (flags = 0x41)
0      ---O                                                                      (3 = 20.0%)
1      O                                                                         (0 = 0.0%) {20.0%}
2      -O                                                                        (1 = 6.7%) {20.0%}
3      ... 
6      -O                                                                        (1 = 6.7%) {26.7%}
7      ... 
20     -O                                                                        (1 = 6.7%) {33.3%}
24     ... 
34     -O                                                                        (1 = 6.7%) {40.0%}
40     O                                                                         (0 = 0.0%) {46.7%}
48     --O                                                                       (2 = 13.3%) {46.7%}
57     O                                                                         (0 = 0.0%) {60.0%}
68     -O                                                                        (1 = 6.7%) {60.0%}
81     ... 
758    -O                                                                        (1 = 6.7%) {66.7%}
901    -O                                                                        (1 = 6.7%) {73.3%}
1071   ... 
1798   -O                                                                        (1 = 6.7%) {80.0%}
2137   ... 
12002  --O                                                                       (2 = 13.3%) {86.7%}
14263  ... 

Histogram: V8.SandboxedTrustedPointersCount recorded 2 samples, mean = 3865.0 (flags = 0x41)
0     ... 
3799  --O                                                                       (2 = 100.0%) {0.0%}
4418  ... 

Histogram: V8.SnapshotDeserializeContextMicroSeconds recorded 6 samples, mean = 405.0 (flags = 0x41)
0    ... 
149  -O                                                                        (1 = 16.7%) {0.0%}
196  O                                                                         (0 = 0.0%) {16.7%}
258  -O                                                                        (1 = 16.7%) {16.7%}
340  --O                                                                       (2 = 33.3%) {33.3%}
448  -O                                                                        (1 = 16.7%) {66.7%}
590  -O                                                                        (1 = 16.7%) {83.3%}
777  ... 

Histogram: V8.TurboFan1KTicks recorded 17 samples, mean = 33.5 (flags = 0x41)
0    O                                                                         (0 = 0.0%)
1    --O                                                                       (2 = 11.8%) {0.0%}
2    -O                                                                        (1 = 5.9%) {11.8%}
3    ... 
5    -O                                                                        (1 = 5.9%) {17.6%}
6    O                                                                         (0 = 0.0%) {23.5%}
7    -O                                                                        (1 = 5.9%) {23.5%}
8    O                                                                         (0 = 0.0%) {29.4%}
9    -O                                                                        (1 = 5.9%) {29.4%}
10   -O                                                                        (1 = 5.9%) {35.3%}
11   ... 
13   -O                                                                        (1 = 5.9%) {41.2%}
14   O                                                                         (0 = 0.0%) {47.1%}
15   --O                                                                       (2 = 11.8%) {47.1%}
16   ... 
20   -O                                                                        (1 = 5.9%) {58.8%}
21   ... 
27   -O                                                                        (1 = 5.9%) {64.7%}
28   ... 
30   -O                                                                        (1 = 5.9%) {70.6%}
31   ... 
45   -O                                                                        (1 = 5.9%) {76.5%}
47   ... 
112  -O                                                                        (1 = 5.9%) {82.4%}
117  -O                                                                        (1 = 5.9%) {88.2%}
123  ... 
135  -O                                                                        (1 = 5.9%) {94.1%}
142  ... 

Histogram: V8.TurboFanOptimizeConcurrentTotalTime recorded 12 samples, mean = 2264.0 (flags = 0x41)
0     ... 
282   --O                                                                       (2 = 16.7%) {0.0%}
391   -O                                                                        (1 = 8.3%) {16.7%}
542   O                                                                         (0 = 0.0%) {25.0%}
752   -O                                                                        (1 = 8.3%) {25.0%}
1043  -O                                                                        (1 = 8.3%) {33.3%}
1447  ---O                                                                      (3 = 25.0%) {41.7%}
2008  -O                                                                        (1 = 8.3%) {66.7%}
2786  -O                                                                        (1 = 8.3%) {75.0%}
3865  -O                                                                        (1 = 8.3%) {83.3%}
5362  O                                                                         (0 = 0.0%) {91.7%}
7439  -O                                                                        (1 = 8.3%) {91.7%}
10321 ... 

Histogram: V8.TurboFanOptimizeExecute recorded 12 samples, mean = 1805.8 (flags = 0x41)
0     ... 
258   -O                                                                        (1 = 8.3%) {0.0%}
340   --O                                                                       (2 = 16.7%) {8.3%}
448   O                                                                         (0 = 0.0%) {25.0%}
590   -O                                                                        (1 = 8.3%) {25.0%}
777   --O                                                                       (2 = 16.7%) {33.3%}
1023  -O                                                                        (1 = 8.3%) {50.0%}
1347  ---O                                                                      (3 = 25.0%) {58.3%}
1774  ... 
3077  -O                                                                        (1 = 8.3%) {83.3%}
4053  ... 
9260  -O                                                                        (1 = 8.3%) {91.7%}
12196 ... 

Histogram: V8.TurboFanOptimizeFinalize recorded 12 samples, mean = 16.5 (flags = 0x41)
0   ... 
4   -O                                                                        (1 = 8.3%) {0.0%}
5   O                                                                         (0 = 0.0%) {8.3%}
7   --O                                                                       (2 = 16.7%) {8.3%}
9   O                                                                         (0 = 0.0%) {25.0%}
12  --O                                                                       (2 = 16.7%) {25.0%}
16  -----O                                                                    (5 = 41.7%) {41.7%}
21  -O                                                                        (1 = 8.3%) {83.3%}
28  -O                                                                        (1 = 8.3%) {91.7%}
37  ... 

Histogram: V8.TurboFanOptimizeForOnStackReplacementExecute recorded 5 samples, mean = 4587.6 (flags = 0x41)
0     ... 
777   -O                                                                        (1 = 20.0%) {0.0%}
1023  O                                                                         (0 = 0.0%) {20.0%}
1347  -O                                                                        (1 = 20.0%) {20.0%}
1774  ... 
3077  -O                                                                        (1 = 20.0%) {40.0%}
4053  O                                                                         (0 = 0.0%) {60.0%}
5338  -O                                                                        (1 = 20.0%) {60.0%}
7031  O                                                                         (0 = 0.0%) {80.0%}
9260  -O                                                                        (1 = 20.0%) {80.0%}
12196 ... 

Histogram: V8.TurboFanOptimizeForOnStackReplacementFinalize recorded 5 samples, mean = 35.8 (flags = 0x41)
0   ... 
9   -O                                                                        (1 = 20.0%) {0.0%}
12  O                                                                         (0 = 0.0%) {20.0%}
16  --O                                                                       (2 = 40.0%) {20.0%}
21  ... 
49  -O                                                                        (1 = 20.0%) {60.0%}
65  -O                                                                        (1 = 20.0%) {80.0%}
86  ... 

Histogram: V8.TurboFanOptimizeForOnStackReplacementPrepare recorded 5 samples, mean = 12.6 (flags = 0x41)
0   ... 
4   -O                                                                        (1 = 20.0%) {0.0%}
5   O                                                                         (0 = 0.0%) {20.0%}
7   -O                                                                        (1 = 20.0%) {20.0%}
9   -O                                                                        (1 = 20.0%) {40.0%}
12  O                                                                         (0 = 0.0%) {60.0%}
16  -O                                                                        (1 = 20.0%) {60.0%}
21  -O                                                                        (1 = 20.0%) {80.0%}
28  ... 

Histogram: V8.TurboFanOptimizeForOnStackReplacementTotalTime recorded 5 samples, mean = 6083.8 (flags = 0x41)
0      ... 
1043   -O                                                                        (1 = 20.0%) {0.0%}
1447   -O                                                                        (1 = 20.0%) {20.0%}
2008   O                                                                         (0 = 0.0%) {40.0%}
2786   -O                                                                        (1 = 20.0%) {40.0%}
3865   ... 
10321  --O                                                                       (2 = 40.0%) {60.0%}
14319  ... 

Histogram: V8.TurboFanOptimizePrepare recorded 12 samples, mean = 6.8 (flags = 0x41)
0   ... 
3   --O                                                                       (2 = 16.7%) {0.0%}
4   ----O                                                                     (4 = 33.3%) {16.7%}
5   --O                                                                       (2 = 16.7%) {50.0%}
7   --O                                                                       (2 = 16.7%) {66.7%}
9   ... 
16  --O                                                                       (2 = 16.7%) {83.3%}
21  ... 

Histogram: V8.TurboFanOptimizeTotalBackground recorded 12 samples, mean = 1805.8 (flags = 0x41)
0     ... 
203   -O                                                                        (1 = 8.3%) {0.0%}
282   --O                                                                       (2 = 16.7%) {8.3%}
391   O                                                                         (0 = 0.0%) {25.0%}
542   -O                                                                        (1 = 8.3%) {25.0%}
752   --O                                                                       (2 = 16.7%) {33.3%}
1043  ---O                                                                      (3 = 25.0%) {50.0%}
1447  -O                                                                        (1 = 8.3%) {75.0%}
2008  O                                                                         (0 = 0.0%) {83.3%}
2786  -O                                                                        (1 = 8.3%) {83.3%}
3865  ... 
7439  -O                                                                        (1 = 8.3%) {91.7%}
10321 ... 

Histogram: V8.TurboFanOptimizeTotalForeground recorded 12 samples, mean = 23.2 (flags = 0x41)
0   ... 
8   -O                                                                        (1 = 8.3%) {0.0%}
11  O                                                                         (0 = 0.0%) {8.3%}
15  --O                                                                       (2 = 16.7%) {8.3%}
21  -------O                                                                  (7 = 58.3%) {25.0%}
29  -O                                                                        (1 = 8.3%) {83.3%}
40  -O                                                                        (1 = 8.3%) {91.7%}
55  ... 

Histogram: V8.TurboFanOptimizeTotalTime recorded 12 samples, mean = 2264.0 (flags = 0x41)
0     ... 
282   --O                                                                       (2 = 16.7%) {0.0%}
391   -O                                                                        (1 = 8.3%) {16.7%}
542   O                                                                         (0 = 0.0%) {25.0%}
752   -O                                                                        (1 = 8.3%) {25.0%}
1043  -O                                                                        (1 = 8.3%) {33.3%}
1447  ---O                                                                      (3 = 25.0%) {41.7%}
2008  -O                                                                        (1 = 8.3%) {66.7%}
2786  -O                                                                        (1 = 8.3%) {75.0%}
3865  -O                                                                        (1 = 8.3%) {83.3%}
5362  O                                                                         (0 = 0.0%) {91.7%}
7439  -O                                                                        (1 = 8.3%) {91.7%}
10321 ... 

Histogram: Variations.ExtendedSafeMode.BeaconFileStateAtStartup recorded 1 samples, mean = 0.0 (flags = 0x41)
0  -O                                                                        (1 = 100.0%)
1  ... 

Histogram: Variations.ExtendedSafeMode.BeaconFileWrite recorded 2 samples, mean = 1.0 (flags = 0x41)
0  O                                                                         (0 = 0.0%)
1  --O                                                                       (2 = 100.0%) {0.0%}
2  O                                                                         (0 = 0.0%) {100.0%}

Histogram: Variations.ForcedFieldTrialsAtStartupForInternalsPage recorded 1 samples, mean = 0.0 (flags = 0x41)
0  -O                                                                        (1 = 100.0%)
1  ... 

Histogram: Variations.Headers.ExperimentCount recorded 92 samples, mean = 1.0 (flags = 0x41)
0  O                                                                         (0 = 0.0%)
1  ------------------------------------------------------------------------O (92 = 100.0%) {0.0%}
2  ... 

Histogram: Variations.Headers.HasLowEntropySourceValue recorded 92 samples, mean = 1.0 (flags = 0x41)
0  O                                                                         (0 = 0.0%)
1  ------------------------------------------------------------------------O (92 = 100.0%) {0.0%}
2  O                                                                         (0 = 0.0%) {100.0%}

Histogram: Variations.Headers.RequestContextCategory recorded 53 samples, mean = 3.9 (flags = 0x41)
0  -O                                                                        (1 = 1.9%)
1  ... 
4  ----------------------------------------------------O                     (52 = 98.1%) {1.9%}
5  ... 

Histogram: Variations.Headers.URLValidationResult.Append recorded 53 samples, mean = 2.0 (flags = 0x41)
0  ... 
2  -----------------------------------------------------O                    (53 = 100.0%) {0.0%}
3  ... 

Histogram: Variations.Headers.URLValidationResult.Remove recorded 2 samples, mean = 2.0 (flags = 0x41)
0  ... 
2  --O                                                                       (2 = 100.0%) {0.0%}
3  ... 

Histogram: Variations.Limits.VariationKeySize.Default recorded 23 samples, mean = 0.0 (flags = 0x41)
0  -----------------------O                                                  (23 = 100.0%)
1  ... 

Histogram: Variations.LoadPermanentConsistencyCountryResult recorded 1 samples, mean = 0.0 (flags = 0x41)
0  -O                                                                        (1 = 100.0%)
1  ... 

Histogram: Variations.PolicyRestriction recorded 1 samples, mean = 0.0 (flags = 0x41)
0  -O                                                                        (1 = 100.0%)
1  ... 

Histogram: Variations.SafeMode.Streak.Crashes recorded 1 samples (flags = 0x41)
1  -O                                                                        (1 = 100.0%)

Histogram: Variations.SafeMode.Streak.FetchFailures recorded 1 samples (flags = 0x41)
0  -O                                                                        (1 = 100.0%)

Histogram: Variations.SeedLoadResult recorded 1 samples, mean = 1.0 (flags = 0x41)
0  O                                                                         (0 = 0.0%)
1  -O                                                                        (1 = 100.0%) {0.0%}
2  ... 

Histogram: Variations.SeedUsage recorded 1 samples, mean = 2.0 (flags = 0x41)
0  ... 
2  -O                                                                        (1 = 100.0%) {0.0%}
3  ... 

Histogram: Variations.UserChannel recorded 1 samples (flags = 0x41)
-1 -O                                                                        (1 = 100.0%)

Histogram: Views.Browser.NumColorProvidersInitializedDuringOnNativeThemeUpdated recorded 3 samples, mean = 0.0 (flags = 0x41)
0  ---O                                                                      (3 = 100.0%)
1  ... 

Histogram: Views.Browser.TimeSpentInitializingColorProvider recorded 3 samples, mean = 0.0 (flags = 0x41)
0  ---O                                                                      (3 = 100.0%)
1  ... 

Histogram: Views.Browser.TimeSpentProcessingOnNativeThemeUpdatedEvent recorded 3 samples, mean = 0.0 (flags = 0x41)
0  ---O                                                                      (3 = 100.0%)
1  ... 

Histogram: Views.ColorProviderCacheSize recorded 3 samples, mean = 2.0 (flags = 0x41)
0  O                                                                         (0 = 0.0%)
1  -O                                                                        (1 = 33.3%) {0.0%}
2  -O                                                                        (1 = 33.3%) {33.3%}
3  -O                                                                        (1 = 33.3%) {66.7%}
4  ... 

Histogram: Viz.FrameSinkVideoCapturer.CaptureDuration recorded 1 samples, mean = 25.0 (flags = 0x41)
0   ... 
23  -O                                                                        (1 = 100.0%) {0.0%}
26  ... 

Histogram: Viz.FrameSinkVideoCapturer.CaptureSucceeded recorded 1 samples, mean = 1.0 (flags = 0x41)
0  O                                                                         (0 = 0.0%)
1  -O                                                                        (1 = 100.0%) {0.0%}
2  O                                                                         (0 = 0.0%) {100.0%}

Histogram: Viz.FrameSinkVideoCapturer.FrameResurrected recorded 1 samples, mean = 0.0 (flags = 0x41)
0  -O                                                                        (1 = 100.0%)
1  ... 

Histogram: Viz.FrameSinkVideoCapturer.RGBA.CaptureDuration recorded 1 samples, mean = 25.0 (flags = 0x41)
0   ... 
23  -O                                                                        (1 = 100.0%) {0.0%}
26  ... 

Histogram: Viz.FrameSinkVideoCapturer.RGBA.CaptureSucceeded recorded 1 samples, mean = 1.0 (flags = 0x41)
0  O                                                                         (0 = 0.0%)
1  -O                                                                        (1 = 100.0%) {0.0%}
2  O                                                                         (0 = 0.0%) {100.0%}

Histogram: Viz.FrameSinkVideoCapturer.ReserveFrameDuration recorded 1 samples, mean = 19.0 (flags = 0x41)
0   ... 
18  -O                                                                        (1 = 100.0%) {0.0%}
20  ... 

Histogram: Viz.FrameSinkVideoCapturer.TotalDuration recorded 1 samples, mean = 25.0 (flags = 0x41)
0   ... 
23  -O                                                                        (1 = 100.0%) {0.0%}
26  ... 

Histogram: WebAuthentication.Windows.KeyCredentialManagerSupported recorded 1 samples, mean = 0.0 (flags = 0x41)
0  -O                                                                        (1 = 100.0%)
1  ... 

Histogram: WebContentsObserver.DOMContentLoaded recorded 3 samples, mean = 0.0 (flags = 0x41)
0  ---O                                                                      (3 = 100.0%)
1  ... 

Histogram: WebContentsObserver.DidChangeVisibleSecurityState recorded 2 samples, mean = 0.0 (flags = 0x41)
0  --O                                                                       (2 = 100.0%)
1  ... 

Histogram: WebContentsObserver.DidFinishLoad recorded 3 samples, mean = 0.0 (flags = 0x41)
0  ---O                                                                      (3 = 100.0%)
1  ... 

Histogram: WebContentsObserver.DidFinishNavigation recorded 5 samples, mean = 0.0 (flags = 0x41)
0  -----O                                                                    (5 = 100.0%)
1  ... 

Histogram: WebContentsObserver.DidFirstVisuallyNonEmptyPaint recorded 1 samples, mean = 0.0 (flags = 0x41)
0  -O                                                                        (1 = 100.0%)
1  ... 

Histogram: WebContentsObserver.DidStartLoading recorded 1 samples, mean = 0.0 (flags = 0x41)
0  -O                                                                        (1 = 100.0%)
1  ... 

Histogram: WebContentsObserver.DidStartNavigation recorded 5 samples, mean = 0.0 (flags = 0x41)
0  -----O                                                                    (5 = 100.0%)
1  ... 

Histogram: WebContentsObserver.DidStartNavigation.MainFrame recorded 3 samples, mean = 0.0 (flags = 0x41)
0  ---O                                                                      (3 = 100.0%)
1  ... 

Histogram: WebContentsObserver.DidStartNavigation.Subframe recorded 2 samples, mean = 0.0 (flags = 0x41)
0  --O                                                                       (2 = 100.0%)
1  ... 

Histogram: WebContentsObserver.DidStopLoading recorded 1 samples, mean = 0.0 (flags = 0x41)
0  -O                                                                        (1 = 100.0%)
1  ... 

Histogram: WebContentsObserver.DidUpdateNavigationHandleTiming recorded 4 samples, mean = 0.0 (flags = 0x41)
0  ----O                                                                     (4 = 100.0%)
1  ... 

Histogram: WebContentsObserver.LoadProgressChanged recorded 10 samples, mean = 0.0 (flags = 0x41)
0  ----------O                                                               (10 = 100.0%)
1  ... 

Histogram: WebContentsObserver.NavigationEntryChanged recorded 3 samples, mean = 0.0 (flags = 0x41)
0  ---O                                                                      (3 = 100.0%)
1  ... 

Histogram: WebContentsObserver.NavigationEntryCommitted recorded 2 samples, mean = 0.0 (flags = 0x41)
0  --O                                                                       (2 = 100.0%)
1  ... 

Histogram: WebContentsObserver.PrimaryMainDocumentElementAvailable recorded 1 samples, mean = 0.0 (flags = 0x41)
0  -O                                                                        (1 = 100.0%)
1  ... 

Histogram: WebContentsObserver.RenderFrameCreated recorded 4 samples, mean = 0.0 (flags = 0x41)
0  ----O                                                                     (4 = 100.0%)
1  ... 

Histogram: WebContentsObserver.RenderFrameDeleted recorded 4 samples, mean = 0.0 (flags = 0x41)
0  ----O                                                                     (4 = 100.0%)
1  ... 

Histogram: WebContentsObserver.RenderViewReady recorded 2 samples, mean = 0.0 (flags = 0x41)
0  --O                                                                       (2 = 100.0%)
1  ... 

Histogram: WebContentsObserver.TitleWasSet recorded 1 samples, mean = 0.0 (flags = 0x41)
0  -O                                                                        (1 = 100.0%)
1  ... 

Histogram: WebCore.Scripts.Async.StartedStreaming recorded 27 samples, mean = 1.0 (flags = 0x41)
0  O                                                                         (0 = 0.0%)
1  ---------------------------O                                              (27 = 100.0%) {0.0%}
2  O                                                                         (0 = 0.0%) {100.0%}

Histogram: WebCore.Scripts.Other.NotStreamingReason recorded 22 samples, mean = 11.0 (flags = 0x41)
0   ... 
11  ----------------------O                                                   (22 = 100.0%) {0.0%}
12  ... 

Histogram: WebCore.Scripts.Other.StartedStreaming recorded 22 samples, mean = 0.0 (flags = 0x41)
0  ----------------------O                                                   (22 = 100.0%)
1  ... 

Histogram: WebCore.Scripts.V8CodeCacheMetadata.Get recorded 51 samples, mean = 0.0 (flags = 0x41)
0  ---------------------------------------------------O                      (51 = 100.0%)
1  ... 

Histogram: WebCore.Scripts.V8CodeCacheMetadata.Set recorded 24 samples, mean = 0.0 (flags = 0x41)
0  ------------------------O                                                 (24 = 100.0%)
1  ... 

Histogram: WebCore.Scripts.V8CompileHintsStatus recorded 50 samples, mean = 10.5 (flags = 0x41)
0   ... 
10  ---------------------------O                                              (27 = 54.0%) {0.0%}
11  -----------------------O                                                  (23 = 46.0%) {54.0%}
12  ... 

Histogram: WebCore.Scripts.V8CrowdsourcedCompileHints.ModelQuality recorded 1 samples, mean = 0.0 (flags = 0x41)
0  -O                                                                        (1 = 100.0%)
1  ... 

Histogram: WebDatabase.InitResult recorded 2 samples, mean = 0.0 (flags = 0x41)
0  --O                                                                       (2 = 100.0%)
1  ... 

Histogram: WebFont.CacheHit recorded 5 samples, mean = 0.6 (flags = 0x41)
0  ----O                                                                     (4 = 80.0%)
1  ... 
3  -O                                                                        (1 = 20.0%) {80.0%}
4  O                                                                         (0 = 0.0%) {100.0%}

Histogram: WebFont.Clients.RenderBlockingFonts.ExpiredFonts recorded 1 samples, mean = 1.0 (flags = 0x41)
0  O                                                                         (0 = 0.0%)
1  -O                                                                        (1 = 100.0%) {0.0%}
2  O                                                                         (0 = 0.0%) {100.0%}

Histogram: WebFont.HadBlankText recorded 1 samples, mean = 0.0 (flags = 0x41)
0  -O                                                                        (1 = 100.0%)
1  ... 

Histogram: WebFont.LocalFontUsed recorded 1 samples, mean = 1.0 (flags = 0x41)
0  O                                                                         (0 = 0.0%)
1  -O                                                                        (1 = 100.0%) {0.0%}
2  O                                                                         (0 = 0.0%) {100.0%}

Histogram: Windows.AcLayersLoaded recorded 1 samples, mean = 0.0 (flags = 0x41)
0  -O                                                                        (1 = 100.0%)
1  ... 

Histogram: Windows.CetAvailable recorded 1 samples, mean = 1.0 (flags = 0x41)
0  O                                                                         (0 = 0.0%)
1  -O                                                                        (1 = 100.0%) {0.0%}
2  O                                                                         (0 = 0.0%) {100.0%}

Histogram: Windows.CetEnabled recorded 1 samples, mean = 0.0 (flags = 0x41)
0  -O                                                                        (1 = 100.0%)
1  ... 

Histogram: Windows.DisplayIdFromDeviceId recorded 611 samples, mean = 3.0 (flags = 0x41)
0  ... 
3  ------------------------------------------------------------------------O (611 = 100.0%) {0.0%}
4  O                                                                         (0 = 0.0%) {100.0%}

Histogram: Windows.DisplayIdFromDeviceKey recorded 611 samples, mean = 3.0 (flags = 0x41)
0  ... 
3  ------------------------------------------------------------------------O (611 = 100.0%) {0.0%}
4  O                                                                         (0 = 0.0%) {100.0%}

Histogram: Windows.Enclave.SGX.Available recorded 1 samples, mean = 0.0 (flags = 0x41)
0  -O                                                                        (1 = 100.0%)
1  ... 

Histogram: Windows.Enclave.SGX2.Available recorded 1 samples, mean = 0.0 (flags = 0x41)
0  -O                                                                        (1 = 100.0%)
1  ... 

Histogram: Windows.Enclave.VBS.Available recorded 1 samples, mean = 1.0 (flags = 0x41)
0  O                                                                         (0 = 0.0%)
1  -O                                                                        (1 = 100.0%) {0.0%}
2  O                                                                         (0 = 0.0%) {100.0%}

Histogram: Windows.Enclave.VBSBasic.Available recorded 1 samples, mean = 0.0 (flags = 0x41)
0  -O                                                                        (1 = 100.0%)
1  ... 

Histogram: Windows.HasHighResolutionTimeTicks recorded 1 samples, mean = 1.0 (flags = 0x41)
0  O                                                                         (0 = 0.0%)
1  -O                                                                        (1 = 100.0%) {0.0%}
2  O                                                                         (0 = 0.0%) {100.0%}

Histogram: Windows.HasThreadTicks recorded 1 samples, mean = 1.0 (flags = 0x41)
0  O                                                                         (0 = 0.0%)
1  -O                                                                        (1 = 100.0%) {0.0%}
2  O                                                                         (0 = 0.0%) {100.0%}

Histogram: Windows.HighResolutionTimerUsage recorded 744 samples, mean = 0.0 (flags = 0x41)
0  ------------------------------------------------------------------------O (744 = 100.0%)
1  ... 

Histogram: Windows.HypervPresent recorded 1 samples, mean = 1.0 (flags = 0x41)
0  O                                                                         (0 = 0.0%)
1  -O                                                                        (1 = 100.0%) {0.0%}
2  O                                                                         (0 = 0.0%) {100.0%}

Histogram: Windows.LegacyDisplayIdAlgorithm recorded 1214 samples, mean = 0.0 (flags = 0x41)
0  ------------------------------------------------------------------------O (1214 = 100.0%)
1  ... 

Histogram: Windows.ParallelDllLoadingEnabled recorded 1 samples, mean = 1.0 (flags = 0x41)
0  O                                                                         (0 = 0.0%)
1  -O                                                                        (1 = 100.0%) {0.0%}
2  O                                                                         (0 = 0.0%) {100.0%}

Histogram: Windows.PatchLevel recorded 1 samples (flags = 0x41)
1717052075  -O                                                                        (1 = 100.0%)

Histogram: Windows.PatchLevelKernel32 recorded 1 samples (flags = 0x41)
1710498475  -O                                                                        (1 = 100.0%)

Histogram: Windows.ProcessorFamily recorded 1 samples (flags = 0x41)
198  -O                                                                        (1 = 100.0%)

Histogram: Windows.ProcessorVirtualizationFirmwareEnabled recorded 1 samples, mean = 0.0 (flags = 0x41)
0  -O                                                                        (1 = 100.0%)
1  ... 


